type	mode	size	sha256	path	link_target
file	644	552	41b24534886550875afa6e2cc162cf577d15f8149c62d6d9cf61e12a06dd6694	builder-config.json	
file	644	243928	08cf2c620eb4238eeedd3d4b77136895bd71a6e5644fe9a3dccfcc0128225b4e	index.html	
file	644	15256	d02cf3b4bcbf12fafd40bf3d76dfa934e6fec40275a68e4cc0018d8383d1d106	js/core/ai-server.js	
file	644	7641	0e2118e6d5261a46f11704bf4bd3b62062b50106325dd65a3757a810e0c785a6	js/core/excel-cell-normalizer.js	
file	644	20129	1459891f021190e3ad05a109ebb6de4a1a902eaa3e53de7512be2870e87c5635	js/core/qrcode.min.js	
file	644	65053	1e22014226ded92fb420103c44a2fa30d80079325e76c0f921702dc73782d140	js/core/utils.js	
file	644	10037	15283816704036c0104f6824433c0b974b941df33036bba64798dda47003c1a4	js/core/xlsx-raw-cell-reader.js	
file	644	881727	c9506197caf809a075b6dee1da0d36fb19da7158ffe8a88e7b0c96c5d8623c99	js/core/xlsx.full.min.js	
file	644	5953801	0e50840d517df2bde326f475174f9cf4ddb193d5323564e8684df973019a22e5	js/echarts.min.js	
file	644	198689	e87e550794322e574a1fda0c1549a3c70dae5a93d9113417a429016838eab8cb	js/html2canvas.min.js	
file	644	5939	4795286e5899eff779f309512873c68ef0284be108fd3138305081e955289b4f	js/modules/ai/ai_audit_logger.js	
file	644	4807	42e5fc331deb5ff6ad358fe21ffe5f322d90154db094dbabc11c4f7ee8907047	js/modules/ai/ai_config.js	
file	644	11156	a76a290f2adcf0564569f325528ba24fabfc5e757bc34d64f3ba50f5b614b638	js/modules/ai/ai_confirmation_guard.js	
file	644	20951	7ae5f95c2dccd06665e1db1e229602a497e0e61995db34c4ccbd0e13d3ab584d	js/modules/ai/ai_conversation_manager.js	
file	644	9310	0583a1f7226086fa021fb9b75268b39ed0ca9451d4e167c6c74ba7f70042ddb9	js/modules/ai/ai_dictionary_registry.js	
file	644	11031	f517ae2a08cd6e81239e915d59897a43014a5f3f0b6b213a7253dedee6bd588e	js/modules/ai/ai_entity_extractor.js	
file	644	13173	4b79c2d13bb82f9a71b8bbd75f0205b7162d68e46baed7da60ce0e514787b8b9	js/modules/ai/ai_llm_client.js	
file	644	5462	075d9999e64d5bd331c20ad8495ec4802e76938bb4b035b9fd4689e20aa7df34	js/modules/ai/ai_masking_utils.js	
file	644	3695	d599840643e460cfa6c9cf848b524c03c7745baa70732eb6484403d665a73c0e	js/modules/ai/ai_mode_router.js	
file	644	114585	4f5b7d6cf6c6b447162f7ce2fbf5d19f91440fcd66ebea6f63f9327531ab72ae	js/modules/ai/ai_orchestrator.js	
file	644	37225	578fb92a121c03d4aa3a361c7ceca7ec81e539b4fcbf3e5696bc03b004cd7e4a	js/modules/ai/ai_prompt_context.js	
file	644	6233	ec189426a7c2c8eaf0101915252ccc4d9e6db83d118d637154a08f82a5774099	js/modules/ai/ai_schema_validator.js	
file	644	12037	c06cbc924f4baabc2b28c726599b911070df37e474ec47fdd8148eff626d7836	js/modules/ai/ai_skill_registry.js	
file	644	4687	e99e849e23aa88fd4f5167b82215b1ba3a44d7a6d5281c8f91e5cac9add47ea0	js/modules/ai/ai_text_normalizer.js	
file	644	61267	c340ee399d39a043373183e71e524b43f90d0d61b8147b27e03d253588759abf	js/modules/ai/ai_ui_adapter.js	
file	644	13526	b5561a1d5deedd840f9c5cde6d85c6961d5eef5fc105ca86b85e57b6808fefb4	js/modules/ai/ai_workflow.js	
file	644	4978	41b591c93e05a77d3cb79fd30ed26b56b5a646c0fa77f1b246503c5c2c7b49cf	js/modules/ai/dictionary/person_dictionary.js	
file	644	5549	5091ba138a433bc25afc3c76f11684ce9d67e12ba1852c1e9a5269676619f667	js/modules/ai/dictionary/record_dictionary.js	
file	644	16948	80c681be86dd52f16a70d4cf4c07ad42390fe6f05ed6cdb8105eb3665e600680	js/modules/ai/schemas/person_skill_schemas.js	
file	644	7808	26655a0276899e913c89ab25c7b7242a41fd2b2316bfa28c54298f64f285b644	js/modules/ai/schemas/record_skill_schemas.js	
file	644	60035	a02764ed6889e4985939c8a1a312f449200b3539c8b481a1237015ff107f13a6	js/modules/ai/skills_duty.js	
file	644	43080	bbdbb5361134362a47aff5ce09b984fda9d4bc9f94d35927445f5017134b106b	js/modules/ai/skills_household.js	
file	644	48196	37e53a0d0b8c44b26a6d53ac06833d846e9c5693adbd8738889f5f580c490276	js/modules/ai/skills_land.js	
file	644	79961	afe4776fdb04f842521cb69a741682fc0cc1226bff225e31694356788342e2dc	js/modules/ai/skills_party.js	
file	644	62324	abda5537a5f01bbd8e7d95f303c7239daa24a83e006faba69db35fcb54f85687	js/modules/ai/skills_person.js	
file	644	47188	bb9e106247dbc4b12c2ef8e3f56258da2d6fc26cad080e4ed6e44fcac9009f91	js/modules/ai/skills_record.js	
file	644	21539	ce7980bf61bcd14b1903aad3222327d5b6f52feac1b89b972c608459d9543872	js/modules/ai/skills_stats.js	
file	644	86798	27762a8d572da47f8a07148f4e03fe3b1f2f746f8ef44e67e367ddab474be162	js/modules/ai/skills_ui.js	
file	644	14724	8fb7209dfbeb2063361b778786943e53e6995d206e3093868657bed6a55e5ef5	js/modules/appeal_visit_skill.js	
file	644	137425	edd8f6c74e6b659af5b01acf3295bdff568799e3495de88871a1b7a20f2d416b	js/modules/certificate.js	
file	644	146506	90a4fb3649d4303ebb43568abf60ff5885fb6aec55497b05c595474cc93e3a77	js/modules/duty-flexible.js	
file	644	189842	11a667b2fb1db579c04991bc3fbce74f90fc1cf3cabc85710479586f4320b152	js/modules/household-360.js	
file	644	384987	27e2d8f20ff8a6ffc5ac0a108f8168022b595836fc6d3ccff760619221543b6d	js/modules/party.js	
file	644	46971	6210e65a154ccfe43a9c3f7d2ff5c60ed1ecae74a01c4342c82d059fd0d34e3c	js/modules/personnel_skills.js	
file	644	18711	6410e77ab2da34f324581b5404c2c164030773905d1c14f1082ceba438f7e66a	js/modules/visit_skills.js	
file	644	514042	8291bbd03bbd525c2df497a86d387b9bc0f4a76fc5fe54f87bbe130334dd1a6d	login_bg_dark.jpg	
file	644	506378	3c990adf0ef9e212287975e23d19b9b258f7f8e444ea9d5a9f08bdd01e453c62	login_bg.jpg	
file	644	359331	2109aea7683999bbfd9791e57089c7c9b4e42e753a5fb8a51d6cd6a37dd26fc1	logo.png	
file	644	203419	aa195c332625782e3e6435c84f30afc953fe1e4cd569529bf15fba8a3e848bde	main.js	
file	644	21961	2d5cee4efce240979f54da40a69d5c0f740f4e9215bc51ca0c59599ea229678e	mobile_upload.html	
file	644	4285	abb5c5ee5d3e6705d02c2098391fe43ed95949ab50f38447b45ac6603b5a53d7	node_modules/@huggingface/jinja/dist/ast.d.ts.map	
file	644	235	5d6b21befcb14ebd49249b93dbac529e5b23b482d4480344aee99a5a40251fa8	node_modules/@huggingface/jinja/dist/format.d.ts.map	
file	644	101591	10a1db85a07bb5136830b641e140cce54b7f0bb21ccb4d2e237c9c7f17fdc488	node_modules/@huggingface/jinja/dist/index.cjs	
file	644	597	669b7fc4b95557a8b737c0c0d17ddd00e101eaa8dfb486e83f729a0ba185e145	node_modules/@huggingface/jinja/dist/index.d.ts.map	
file	644	100496	bdedd709a35cc8cdcbf5307059589b9fd71e68c5544f42797e5ca1f1cadba8e5	node_modules/@huggingface/jinja/dist/index.js	
file	644	529	2eb6570d5a1ac8177d44810b9592fe490490f318e5d65dbdf675ec6410acbc64	node_modules/@huggingface/jinja/dist/lexer.d.ts.map	
file	644	259	ca08c24f61016cf4f8c1980607038419815c302983c84af7e66fa3812f1f46b7	node_modules/@huggingface/jinja/dist/parser.d.ts.map	
file	644	3161	cee7367d1a3372b3d2e3cf2fb37dca9e13c6304c01e7e08a49813dad0d6d4ae9	node_modules/@huggingface/jinja/dist/runtime.d.ts.map	
file	644	715	5b64b0425efdb2248d9c7a365067f0206aeb9e7fc232249feb42e11e85d70a0a	node_modules/@huggingface/jinja/dist/utils.d.ts.map	
file	644	1069	d6e7b19451c1b3d1d66353bb4b1274138953b3bfd9ae60c56e77b1f548796982	node_modules/@huggingface/jinja/LICENSE	
file	644	917	fba429946b52bdb7fe7f0c4d10ca46b11103f66dcbfa0cbb63f4733f18303db8	node_modules/@huggingface/jinja/package.json	
file	644	6415	4e74da8d513ad575dd9ce6864db44ab8fa0f5eb5a7d9a903477617edf058faf0	node_modules/@huggingface/jinja/src/ast.ts	
file	644	10047	ae4dd933ed99e933153c713667219d18a9689069560caecbfbf9c995d6674fd0	node_modules/@huggingface/jinja/src/format.ts	
file	644	1691	e05449bc732104e1956f4d5ba28a9c81de93fd0716e46f67d0e30c247bc924a0	node_modules/@huggingface/jinja/src/index.ts	
file	644	12465	582d40b40e0bf51400376b5b0a114d046762ad858b0f7f1c6909c62d90811429	node_modules/@huggingface/jinja/src/lexer.ts	
file	644	19996	9036cdc609d69b4d5fdc32f10760c6506fe3cf525f9548d2c76cb0ff2043c35d	node_modules/@huggingface/jinja/src/parser.ts	
file	644	65773	270bacbd2994a80200ac361dc25b0f6b7e1896f216bce83ba9182bbd454e928c	node_modules/@huggingface/jinja/src/runtime.ts	
file	644	3748	57e44b8f45dc64d5ef9c51fa6bfb84994430aa99adc27dfe7c6eda87011484c9	node_modules/@huggingface/jinja/src/utils.ts	
file	644	465	5c5e86ab5516c11e654cb885807f1d5690f6b5f51272f4ba16f4e3d3b5f7dc17	node_modules/@huggingface/jinja/tsconfig.json	
file	644	4163	894016b70905408c44da489176303042e96adfa65c503e29ee31bd8e6443670d	node_modules/@isaacs/fs-minipass/dist/commonjs/index.d.ts.map	
file	644	12791	2c934649bd1f847982fc06b02721244cb3271bf254afd71f23f9d20c14f9b59a	node_modules/@isaacs/fs-minipass/dist/commonjs/index.js	
file	644	27213	a69e0d670a9d4b67852d613d0cf3132599a5046653b7641edcb1f7497132e869	node_modules/@isaacs/fs-minipass/dist/commonjs/index.js.map	
file	644	25	8005a3491db7d92f36ac66369861589f9c47123d3a7c71e643fc2c06168cd45a	node_modules/@isaacs/fs-minipass/dist/commonjs/package.json	
file	644	4163	894016b70905408c44da489176303042e96adfa65c503e29ee31bd8e6443670d	node_modules/@isaacs/fs-minipass/dist/esm/index.d.ts.map	
file	644	12129	6feab1ba6210a3dd4c2bf1eb9cadfca5674c82972d0d015a162bbeb097a886da	node_modules/@isaacs/fs-minipass/dist/esm/index.js	
file	644	27237	cb7896bf7f5eac9b4eec3caffaac6fb122342b01c33c2e92bcfedd6b4a8c79a1	node_modules/@isaacs/fs-minipass/dist/esm/index.js.map	
file	644	23	3ca9d4afd21425087cf31893b8f9f63c81b0b8408db5e343ca76e5f8aa26ab9a	node_modules/@isaacs/fs-minipass/dist/esm/package.json	
file	644	765	4ec3d4c66cd87f5c8d8ad911b10f99bf27cb00cdfcff82621956e379186b016b	node_modules/@isaacs/fs-minipass/LICENSE	
file	644	48061	b122e7d67d795a63fb6db4573f7f1bdce22f2fc6f53a55d62638169fee8eb207	node_modules/@isaacs/fs-minipass/node_modules/minipass/dist/commonjs/index.d.ts.map	
file	644	34050	085dc9747f0f4b28a196353df3702e2ff8cf0bc883a02378df062525a7cf9a38	node_modules/@isaacs/fs-minipass/node_modules/minipass/dist/commonjs/index.js	
file	644	66964	e8b169bf41b4c1032847fcda67908cee399ad7791eeac0f6db9ca31cb2dc76f0	node_modules/@isaacs/fs-minipass/node_modules/minipass/dist/commonjs/index.js.map	
file	644	25	8005a3491db7d92f36ac66369861589f9c47123d3a7c71e643fc2c06168cd45a	node_modules/@isaacs/fs-minipass/node_modules/minipass/dist/commonjs/package.json	
file	644	48061	b122e7d67d795a63fb6db4573f7f1bdce22f2fc6f53a55d62638169fee8eb207	node_modules/@isaacs/fs-minipass/node_modules/minipass/dist/esm/index.d.ts.map	
file	644	33328	2690b4752df99b1e7959802070037ba2898908675e75f1e32c358578a4456dd3	node_modules/@isaacs/fs-minipass/node_modules/minipass/dist/esm/index.js	
file	644	66914	a09440346a2f68c3884fd05575a2ed3deb513efd68848d2e734ba78a06ec1763	node_modules/@isaacs/fs-minipass/node_modules/minipass/dist/esm/index.js.map	
file	644	23	3ca9d4afd21425087cf31893b8f9f63c81b0b8408db5e343ca76e5f8aa26ab9a	node_modules/@isaacs/fs-minipass/node_modules/minipass/dist/esm/package.json	
file	644	1552	8a1af140fdfbf5afd3df27f7e662f989c5b963a300020dfafce42033cae9e004	node_modules/@isaacs/fs-minipass/node_modules/minipass/LICENSE.md	
file	644	1468	aa0f8e9de9ded9c1de6b91f62ddb19e28cbf982c9ecf6db958148050b382796f	node_modules/@isaacs/fs-minipass/node_modules/minipass/package.json	
file	644	1327	33d5500654105e2f415459397f2e863c9b941568266900b1e62a98519a888f99	node_modules/@isaacs/fs-minipass/package.json	
file	644	235	c23466f747096acf62cdc59521188aa7e055b20bfe1e86be03805698beaa937c	node_modules/@kwsites/file-exists/dist/index.js	
file	644	114	f39cf97fc7f2d3b8e41981b3bf6aca5c520d52cd648ef3406dcd22d10a033756	node_modules/@kwsites/file-exists/dist/index.js.map	
file	644	1662	9b39cb177d7f157a1858535d3545610cb0619a86da4f7e2d651fe17e77466b57	node_modules/@kwsites/file-exists/dist/src/index.js	
file	644	1127	c910a1decf067e30729edd616efae56105ff31420c52a454d471395b706a388c	node_modules/@kwsites/file-exists/dist/src/index.js.map	
file	644	743	2a46edb24f70d44a5c5e2d53eb9e26277866e258e93f339d6c8db1dd477e5064	node_modules/@kwsites/file-exists/dist/test/__mocks__/fs.js	
file	644	656	78cb7b00bf0ab230df71fa2ecfdc823f26f89eaba9afda5bda56fb7fae9f5b3b	node_modules/@kwsites/file-exists/dist/test/__mocks__/fs.js.map	
file	644	2593	ed7b7404a422c131b2779dd9288fd72bd278a8e7b105579f61c0bc97d1fbb768	node_modules/@kwsites/file-exists/dist/test/exists.spec.js	
file	644	2945	a0ff63cf74a3fa3b30c0dc96dc9c99c46edd688dfc17d5b368c1d5be6f5c4f35	node_modules/@kwsites/file-exists/dist/test/exists.spec.js.map	
file	644	1077	f52b03f3b77f5d1ffd0da421389498bea8b316c4c57b17cfd7c07f9abfb75f92	node_modules/@kwsites/file-exists/LICENSE	
file	644	680	d999d4527ad4d29c1d1c3a6658a41ffff8eec227bc30da44a0fe1582a35f8192	node_modules/@kwsites/file-exists/package.json	
file	644	1446	51ce05f2817b3b0ca2076750c1c3dde971f6b925aa1697a2fbf8c8e8db5c736d	node_modules/@kwsites/promise-deferred/dist/index.js	
file	644	836	03ec3a4c0857cdd0a0d4e24587d4b5b156a51b0ee80792d86d12a874c2d11001	node_modules/@kwsites/promise-deferred/dist/index.js.map	
file	644	1064	31be59a9f7c383217089e65d00cc8543d93f471c20af55faf79694e4af193587	node_modules/@kwsites/promise-deferred/LICENSE	
file	644	773	41273b7ea43d83c3875175199a3df37cd250a28e5fdee5af29bea50e112a0f19	node_modules/@kwsites/promise-deferred/package.json	
file	644	219	a05a5eaa184172167d607e3e94062326fe30c9e63039115588e258d7a24ab061	node_modules/@node-llama-cpp/mac-arm64-metal/bins/mac-arm64-metal/_nlcBuildMetadata.json	
file	644	730112	66ba4ea4be6cb41d86c4c0e23f3a1fe5274ac95c3968e3ec59f6350ed39bda7d	node_modules/@node-llama-cpp/mac-arm64-metal/bins/mac-arm64-metal/libggml-base.dylib	
file	644	58832	41489ed3b6ce4c77c1005596701bcefe5ae16fa11661f43fa27dc19e810f7ea1	node_modules/@node-llama-cpp/mac-arm64-metal/bins/mac-arm64-metal/libggml-blas.so	
file	644	934728	35854192f08172e631d6b469a69705ca70133687cd5db4efc593eaeacd1a08f1	node_modules/@node-llama-cpp/mac-arm64-metal/bins/mac-arm64-metal/libggml-cpu-apple_m1.so	
file	644	951240	0fccbfb73a266744711e439fac595846c93b969c9e45d197b9658a9cccf478d7	node_modules/@node-llama-cpp/mac-arm64-metal/bins/mac-arm64-metal/libggml-cpu-apple_m2_m3.so	
file	644	951240	40ac65911eb5b33ed18d3a1db465a484dcb368815b74b5c9546bbff0bfcd6631	node_modules/@node-llama-cpp/mac-arm64-metal/bins/mac-arm64-metal/libggml-cpu-apple_m4.so	
file	644	867424	02974085a46e97b0472f397413712c5a91029d0123d2c3a2e089921fdaf4f7ff	node_modules/@node-llama-cpp/mac-arm64-metal/bins/mac-arm64-metal/libggml-metal.so	
file	644	76792	8ae225e688d926cfd23505b8f7d35cab680fe1d10a414ab3a946c90e75f25dfb	node_modules/@node-llama-cpp/mac-arm64-metal/bins/mac-arm64-metal/libggml.metal.b10068.dylib	
file	644	4980888	a96aacc40f441292cfa3f7410e941bd8bfe11319315da50416d2520126a6cd11	node_modules/@node-llama-cpp/mac-arm64-metal/bins/mac-arm64-metal/libllama-common.dylib	
file	644	2660392	fb7890fdba30d474f063749f9e2a2dd8f1d298fef08cd66106356063f5142614	node_modules/@node-llama-cpp/mac-arm64-metal/bins/mac-arm64-metal/libllama.metal.b10068.dylib	
file	644	529008	a6c773be6050823293ae46f097e2c72c97452db64ff92a7fde58d6ffb9b96acd	node_modules/@node-llama-cpp/mac-arm64-metal/bins/mac-arm64-metal/llama-addon.node	
file	644	422	032284f3124f6952b49b78f2f0098fba0102fc276780028e6859a45f560f53cb	node_modules/@node-llama-cpp/mac-arm64-metal/dist/index.js	
file	644	1065	c34e5ffca98ede216da5157cff6df2ee6762a48d3391797edb6593df24849501	node_modules/@node-llama-cpp/mac-arm64-metal/LICENSE	
file	644	781	6799aaeef256689ea7f306dd1eeffdd171009c9929be7f04a52244be1ffc1081	node_modules/@node-llama-cpp/mac-arm64-metal/package.json	
file	644	7516	5b71b22594a8131250ff2a5d9bd003a7fc7a5dbb632e03e5770f2e8bf346ffab	node_modules/@reflink/reflink/binding.js	
file	644	1326	e07548eb450428530430ec9d2c43daccccffe1305c754ff558b21a525f515cfe	node_modules/@reflink/reflink/index.js	
file	644	1259	7c16119ee4e99b9e587dfe71aa885108240aa2936542b2bf2bc8d743e1040b5f	node_modules/@reflink/reflink/package.json	
file	644	397	fbbf219b021f4d1175864cd5ea0eec9ff8aaee56f710fa2c5ff4cbae099f08e1	node_modules/@reflink/reflink-darwin-arm64/package.json	
file	644	404184	0cf6caf1b125009161c98e7fb39d996da26548b09e7b17d7688357f9c3b97a02	node_modules/@reflink/reflink-darwin-arm64/reflink.darwin-arm64.node	
file	644	338	307f89d1d10afcce0f52db80429d40ef1b4372e959d96b7a0ee0aa4134ed366e	node_modules/@simple-git/args-pathspec/dist/index.cjs	
file	644	1148	7c4427328a570b4622c2688c92a2f9f964d88fb10a4eb4184da6a9bfea205f28	node_modules/@simple-git/args-pathspec/dist/index.cjs.map	
file	644	315	4fcf77c21d18140a3ab2fde222f21e207f097953d3127cb3939e30afcdf8bcdd	node_modules/@simple-git/args-pathspec/dist/index.mjs	
file	644	1154	7b273f132c10d9c1a3ba21c64c62641b943e5572352190486fe797271be89266	node_modules/@simple-git/args-pathspec/dist/index.mjs.map	
file	644	535	a5bbcd702add019e93eb5a41074ccd1acaae5b97b5ac573f056eec123f11fb7a	node_modules/@simple-git/args-pathspec/package.json	
file	644	8267	a0365500816742ebd3d3b2b9a6449beb7eedf1ba12956f3e446d43593f6bf45d	node_modules/@simple-git/argv-parser/dist/index.cjs	
file	644	36250	02e78dc9f44f996f3f2f0dcc774382e7d08ebf3a3695a411db5bf3715fa669aa	node_modules/@simple-git/argv-parser/dist/index.cjs.map	
file	644	11820	48708c2deb85e4f743de22e5b227b5735043f23484f4fee8709aace81909903c	node_modules/@simple-git/argv-parser/dist/index.mjs	
file	644	37560	af52215ad730e03d268266fdad90d2b44bbca305c8c2982fee7fc78313ff9ff4	node_modules/@simple-git/argv-parser/dist/index.mjs.map	
file	644	598	f0834c6a759a91c290f669fb78ea94800a1ddf31a2021de2dc8656736bffa089	node_modules/@simple-git/argv-parser/package.json	
file	644	532	d986c6359e4c12eb3cf21d5ef6d0d6722fccc85040405faa46edbc3e15ea06c8	node_modules/@tinyhttp/content-disposition/dist/index.d.ts.map	
file	644	6529	ebbae28837255531b50df2288195d6f1774e4879dd41d763b060f1793cb3a29f	node_modules/@tinyhttp/content-disposition/dist/index.js	
file	644	5986	4e7329f38f9cbd43c84fefa1d60b0a6d3f277056e33875e98ab1ca80746fe790	node_modules/@tinyhttp/content-disposition/dist/index.js.map	
file	644	1066	2c174a2e7064430bff0450d50f64b25d89daa01588926ab23418b1521aaed37b	node_modules/@tinyhttp/content-disposition/LICENSE	
file	644	602	c260e26b51efd95db523053c6687019b6f2576f357abd3ec637c076f886cfe30	node_modules/@tinyhttp/content-disposition/package.json	
file	644	2417	f2465cedbd906ae9e7f104adb0a38a44d42184aea5fde2b0eb884feb2dc99e70	node_modules/adler-32/adler32.js	
file	644	11355	c542ba7851b5d39a5face477e47a27cb7c00a9759e321b66824e79718bffe1ac	node_modules/adler-32/LICENSE	
file	644	771	da209e3702e98604afa09752eadc72a92f1d09dba8a6c2797ee6d15a5e8e2c49	node_modules/adler-32/package.json	
file	644	384	1d7b4712c511335fad9e57bce6d83db35e4e4013a2067722b647876ffc0c6610	node_modules/adler-32/types/tsconfig.json	
file	644	370	b39c36337d0b274053137726feba9bf30a7f9f532d784c4ddd5b2213444e7d4a	node_modules/adler-32/types/tslint.json	
file	644	4216	82e5827a348fc2ac7d2232bcaa8c3d379ca738009996d06e18796ced0e1a539a	node_modules/ansi-escapes/index.js	
file	644	1117	5c932d88256b4ab958f64a856fa48e8bd1f55bc1d96b8149c65689e0c61789d3	node_modules/ansi-escapes/license	
file	644	678	7d0bebed5978d8e1003c2dd1d8a8b1434ae9941ee258750634abb4d9f42638ea	node_modules/ansi-escapes/package.json	
file	644	350	c92312790eb1f246b7c4c1fe9c1247b15441bbca3c6cb64d167beefc45302753	node_modules/ansi-regex/index.js	
file	644	1109	48da2f39e100d4085767e94966b43f4fa95ff6a0698fba57ed460914e35f94a0	node_modules/ansi-regex/license	
file	644	470	93fcfd1b014b9bd7f31b3f35b24a5a479839b6f141c95f62b73a1829bf112ad2	node_modules/ansi-regex/package.json	
file	644	4139	d3f197d370760ddd8753c1355b4bdb585a787f1baa92bb8ed217f170c138b594	node_modules/ansi-styles/index.js	
file	644	1109	48da2f39e100d4085767e94966b43f4fa95ff6a0698fba57ed460914e35f94a0	node_modules/ansi-styles/license	
file	644	663	19fe720007e802cf4ee62921963661dd5df03310602af66e4395930b78b69e16	node_modules/ansi-styles/package.json	
file	644	1177	6afe6fd6f4530b07d1427cd3b1690bcdad456c6c62e1a3e00ce2419d6051cb3e	node_modules/async-retry/lib/index.js	
file	644	1079	91887c62d26f64b8d6e98b1dca57e75aca62e6f9af79fb0783f8f1904abaeea6	node_modules/async-retry/LICENSE.md	
file	644	813	a59dad79695931991775cc138337dbf81aa59515cd7f0423b56796d062b7aacf	node_modules/async-retry/package.json	
file	644	1775	b335e48648e33bd56c3bcadbdad4c5a8b419099e7369d3dc845c106ddb49fc1c	node_modules/bytes/History.md	
file	644	3613	893fcbbbe962dc00e40dc2e4b20e76e92d874dd257345003c6575d940e91a37f	node_modules/bytes/index.js	
file	644	1153	e3b44af066615de2ea48d18d852d0762f18c0b2efcea714fa48a6f729d405b85	node_modules/bytes/LICENSE	
file	644	514	8a7d291b5d45da5e6f045d601d0c7bd0af26c2b71463dcf34cee58144e5474a3	node_modules/bytes/package.json	
file	644	62164	239f7fb9d74b0cb8856e0b1a182bdf310f9fcf5b75a958e84edc158cd387dab2	node_modules/cfb/cfb.js	
file	644	62164	239f7fb9d74b0cb8856e0b1a182bdf310f9fcf5b75a958e84edc158cd387dab2	node_modules/cfb/dist/cfb.js	
file	644	34209	c843298014fa8e5b8b5449ebca1bd510091da37a1f04c37555e644f5a4406e35	node_modules/cfb/dist/cfb.min.js	
file	644	57273	ff35495e4816da08457d86281f7caf05a58941b297f962b1631bf835b9c21b6a	node_modules/cfb/dist/cfb.min.map	
file	644	11355	279ce5f639ecd1767f96948f9fbe6f0aa8145cb280cf98473fb366eab5e6de26	node_modules/cfb/dist/LICENSE	
file	644	60650	ce44d2643cd578977cf0aaa1aba413e3c706f852c6c0788ffef36a7ed4d709ef	node_modules/cfb/dist/xlscfb.js	
file	644	11355	279ce5f639ecd1767f96948f9fbe6f0aa8145cb280cf98473fb366eab5e6de26	node_modules/cfb/LICENSE	
file	644	1107	65720717c05801a3ee55cbeec3b9049a29f491fde7bff9bbd418c1ae29482d11	node_modules/cfb/package.json	
file	644	379	619e74c641fc7e7990f91f8f3cceb088a3caa4b978c526fcefbd87085bd0375d	node_modules/cfb/types/tsconfig.json	
file	644	60650	ce44d2643cd578977cf0aaa1aba413e3c706f852c6c0788ffef36a7ed4d709ef	node_modules/cfb/xlscfb.flow.js	
file	644	3619	150d16e64223adfb72785c5b07ed726232735367f4537a92de21412f3ee57ea4	node_modules/chmodrp/index.cjs	
file	644	56	5b7bd759a66333529091e34ff7c4011220da6cbe79b59f4322f4d30b361b706e	node_modules/chmodrp/index.js	
file	644	1109	b500b6b86d73c9df8c539d58adfcead930151b4066dacafa182609f618341fd9	node_modules/chmodrp/license	
file	644	667	b724c333a15cf07b85eb1940eedfd2955b25fb108d958d3055c6db6b3991bb6c	node_modules/chmodrp/package.json	
file	644	2635	8866db5598017ab64643d76ccd1d0ac5934f9782333eb58adae1cd55eb2fa7c8	node_modules/chmodrp/utils/chmodr.js	
file	644	694	e61a82bd6751d1747677829e7809615a247aa672affd5e44661f7427b262470b	node_modules/cli-cursor/index.js	
file	644	1117	5c932d88256b4ab958f64a856fa48e8bd1f55bc1d96b8149c65689e0c61789d3	node_modules/cli-cursor/license	
file	644	731	c89f2e7427d8cf2a78d002dd84320696ae2321a647f220fe29b2b16e2ac7992f	node_modules/cli-cursor/package.json	
file	644	406	4de7cf914f0a34c1c5577995603b3989a799eee5f82b9f1eb140694141ac2d25	node_modules/cli-spinners/index.js	
file	644	1117	5c932d88256b4ab958f64a856fa48e8bd1f55bc1d96b8149c65689e0c61789d3	node_modules/cli-spinners/license	
file	644	640	e45d0a05d157545a01f5e42528c5ca0f5a04a37748ed3f9972c7415cb7bcc7d4	node_modules/cli-spinners/package.json	
file	644	26268	8361f92f3579451e4a2ae9eacdf0cab7cd5d3e13363f2d9c4aa0c20c8fe65173	node_modules/cli-spinners/spinners.json	
file	644	9953	823ef43f80d26a74e9335564a66a212e0367bfc17a54a6949bc2af7065b4a331	node_modules/cliui/build/index.cjs	
file	644	1050	385fceba2f49ee3f91cd436d3f84b389375e1e8f86906b23f47df2e1b9c2b17b	node_modules/cliui/build/index.d.cts	
file	644	9667	fb6030c7b12602a4fca4d81de3ddafa301ba84fd9df73c53de6f3bdda7b482d5	node_modules/cliui/build/lib/index.js	
file	644	1011	b3eb9d2e054a43a3064af17332fb1839a7dadb205c5371af4789616afb1a117f	node_modules/cliui/build/lib/string-utils.js	
file	644	309	b16ef740c1c0b7b8fe1105e7c7c82ad29bd5aadfa41935c9ee5daf5d11d7d330	node_modules/cliui/index.mjs	
file	644	731	2dc0465729366c3a7890dfa9e972a1ba7048a26c02116fb8b419a6a1ac110149	node_modules/cliui/LICENSE.txt	
file	644	1276	4c7f5b97931a0857eb88a1a26862685d568d191003e3637e6abda894f674b1f3	node_modules/cliui/package.json	
file	755	8116	0d66091f44281213ea5544ee8dfc7ff4855c81160cba38c7f0126971674f34eb	node_modules/cmake-js/bin/cmake-js	
file	644	1612	ff22b2a0a4a684b2dc8ea225a0be43e2217d7ff9db665235a2b6478b8e86a205	node_modules/cmake-js/lib/appCMakeJSConfig.js	
file	644	3542	5c9427bf437bd918c1f1dfb7fad1f610bedbfe95ba5102c7fcad265138114661	node_modules/cmake-js/lib/buildSystem.js	
file	644	10065	6da81116d38d7016236d824d32fa6b040cfc1c69a1719373c15296ddb4c1e13c	node_modules/cmake-js/lib/cMake.js	
file	644	1030	4be615c65ed389b36105464aa8afab210f70641b12ba9329c70d9f346b5d4fe3	node_modules/cmake-js/lib/cmLog.js	
file	644	4541	d908ede8be1ea3ee47c4c0e2a1097ba6605efa76176ccf62cfe5e78030d67d08	node_modules/cmake-js/lib/dist.js	
file	644	2581	6b566bbe14501453e0e2c0693455fb4f77bf2cb85a771bbe4935141c8bdd8e39	node_modules/cmake-js/lib/downloader.js	
file	644	1940	fb63557a8c3016ae7f8f43453d75af73a2e028b47214bc652463a5a688da5bd1	node_modules/cmake-js/lib/environment.js	
file	644	7930	973c028689376d4ef5284195f41cd8eaa18a55ff5b9391d0d97dd585f01cd1ed	node_modules/cmake-js/lib/import/Find-VisualStudio.cs	
file	644	19085	fa75b617e2ad6dd31f047f576c3898ef3c41ac8c1ce0dfc68dcc5a0f479b864d	node_modules/cmake-js/lib/import/find-visualstudio.js	
file	644	1101	dcd7ee0d2a9c0867fab27a44372fff1cf6b3be11bfe437536b56c385f8255c6e	node_modules/cmake-js/lib/import/LICENSE	
file	644	304	d56044e2a391312e2309956c07a01f1190d7363ccc05f29e0f6094f5f9004844	node_modules/cmake-js/lib/import/README	
file	644	1807	129b139d24fe42253972c0196daa9c2d85f72ef743f388516eddb433f3fbe8b5	node_modules/cmake-js/lib/import/util.js	
file	644	311	ffc4bd7b58f1f4b2417f892429725a34e14b842b16dc068cec6ff9a3604ca965	node_modules/cmake-js/lib/index.js	
file	644	1332	782724e03d2db9cdffe70a595115aafef7f7faca1b1f011a382bffcfde2fc062	node_modules/cmake-js/lib/locateNAN.js	
file	644	477	b0a6e658d7143f7e27a636838b1710d663ee278d2fac9505b8215f22f3c960b6	node_modules/cmake-js/lib/locateNodeApi.js	
file	644	1350	c9348bf4d8d01d2107472c15aa96d10220c8ddfe6a7cd089a71f0de3fb06238d	node_modules/cmake-js/lib/logger.js	
file	644	640	02db0ec0176f3094deca43fbf2b8fa74be6e13ce7f43bec366d9b01f83921f38	node_modules/cmake-js/lib/npmConfig.js	
file	644	1228	899cceb40ae478188fba5bcce7b6e67c9ce03b9e290bb9b461adc11f91fb5ff4	node_modules/cmake-js/lib/processHelpers.js	
file	644	2773	1269b6abd08a6eddd55e73e85d23dcf8f0b01fad413a56900180b957eb59bebc	node_modules/cmake-js/lib/runtimePaths.js	
file	644	622	22fc19c85712a0c58a5ffb53dfac850c622f2cfa2e6f7d6731cd09f5044979cc	node_modules/cmake-js/lib/targetOptions.js	
file	644	6915	de300ac5a5c47ec54d0b01e79926289fe99a1aa581ab9b8f0370dfcec745c09d	node_modules/cmake-js/lib/toolset.js	
file	644	1098	595030212fccee448422b103959e36334fe9fb0ad63f97ac9e010b74a577ca55	node_modules/cmake-js/LICENSE	
file	644	251	8968c2fea5e84958e40da05565fe271e02ebb525252b59ca804fb9f7a0f86556	node_modules/cmake-js/node_modules/chownr/dist/commonjs/index.d.ts.map	
file	644	3059	02b4ca7ab42bdb4ab00bfe7f17d4dafd215e66fd96105e949b4f918b37101bc4	node_modules/cmake-js/node_modules/chownr/dist/commonjs/index.js	
file	644	6020	d06dbeded9ba10ecc87b7eedc859c6f9fec1082573d21a008f8b398314ef0a8b	node_modules/cmake-js/node_modules/chownr/dist/commonjs/index.js.map	
file	644	25	8005a3491db7d92f36ac66369861589f9c47123d3a7c71e643fc2c06168cd45a	node_modules/cmake-js/node_modules/chownr/dist/commonjs/package.json	
file	644	251	8968c2fea5e84958e40da05565fe271e02ebb525252b59ca804fb9f7a0f86556	node_modules/cmake-js/node_modules/chownr/dist/esm/index.d.ts.map	
file	644	2534	09b582ed90c2acc9c457a621fdbd7e6930a099e5089958917c1ad4d823f832e9	node_modules/cmake-js/node_modules/chownr/dist/esm/index.js	
file	644	6005	1ed155cb324fc6b6b76a0701cca6930150be1df396e9c4015235289fb60fe27c	node_modules/cmake-js/node_modules/chownr/dist/esm/index.js.map	
file	644	23	3ca9d4afd21425087cf31893b8f9f63c81b0b8408db5e343ca76e5f8aa26ab9a	node_modules/cmake-js/node_modules/chownr/dist/esm/package.json	
file	644	1764	a49c9ba464796f65b59fca3f1e6ca40912df1e859f575383223f7ec6c5baae09	node_modules/cmake-js/node_modules/chownr/LICENSE.md	
file	644	1291	2d2345d0e23bd69a46d589b25f867de828cab56b443f426596afd74aead1383a	node_modules/cmake-js/node_modules/chownr/package.json	
file	644	5929	7b7e567e1d6212920d9239069036dbc234bd4b9160d243ad415d885d35659eb9	node_modules/cmake-js/node_modules/fs-extra/lib/copy/copy-sync.js	
file	644	5988	69b2573cad17fedc821be48ae2d3fdaa0986db1053d90d3404b2f819f8f2eb7d	node_modules/cmake-js/node_modules/fs-extra/lib/copy/copy.js	
file	644	146	d935e170aa9a282a5fcf796cf2d21306cbeb8822c92c8e7ef73182b9e32b3f82	node_modules/cmake-js/node_modules/fs-extra/lib/copy/index.js	
file	644	747	1096edcb5ec0ed015b36914beff0826f6cd5d7ce2645ee9dee60c0b272e57856	node_modules/cmake-js/node_modules/fs-extra/lib/empty/index.js	
file	644	1459	f97c89606abb7c256eefd7acf35fc37a60a002768696125905df3944ac792d07	node_modules/cmake-js/node_modules/fs-extra/lib/ensure/file.js	
file	644	542	77ccb9b4d1eab607ce7ba8d3d5bed59b0cb9cc4748d02aa896a2413b71dbfe60	node_modules/cmake-js/node_modules/fs-extra/lib/ensure/index.js	
file	644	1438	ddb60e2e233764a9bba933f97e3cc534a370e66c44a0dcc02eb24b16e8ca12d7	node_modules/cmake-js/node_modules/fs-extra/lib/ensure/link.js	
file	644	3103	25cdbbe6724088ddd28fe8ac10dfab9f18a93cf6fdb14e7be41fdc29e13767d5	node_modules/cmake-js/node_modules/fs-extra/lib/ensure/symlink-paths.js	
file	644	596	ef80c7221f923205bd4472d166d79d4f75f683dd1f32d342f2fef5ee64fb2796	node_modules/cmake-js/node_modules/fs-extra/lib/ensure/symlink-type.js	
file	644	3388	c693e0a7f8034527e556482bb52ad08322d1410368766b540b00beb3b7679ffe	node_modules/cmake-js/node_modules/fs-extra/lib/ensure/symlink.js	
file	644	2643	b36459bfe3f6fc629e6fa5fa37cf4654dfff6bf475455cf3851c43ef3ae6e598	node_modules/cmake-js/node_modules/fs-extra/lib/esm.mjs	
file	644	3835	62ceb1a4526cf820140c4d7fbf86ca0a330108a1d7929daa3db69e565fd58367	node_modules/cmake-js/node_modules/fs-extra/lib/fs/index.js	
file	644	358	4967e903b3dc290f2b401b81bfcad8b2d94fd68c1bf4563df63ac082af0e1dae	node_modules/cmake-js/node_modules/fs-extra/lib/index.js	
file	644	508	c5ac6a8005308e5bb36619fed225c987872300d356fa95d0d56878029ebbdc45	node_modules/cmake-js/node_modules/fs-extra/lib/json/index.js	
file	644	238	a986ad3c13166f3bf8f30b18140bfc8ea1754760ab3802aa7c8c3780d54f07ba	node_modules/cmake-js/node_modules/fs-extra/lib/json/jsonfile.js	
file	644	276	a68fde22ad1a194755de03e90861805248f883342e05bd685258e76a90e7a6ab	node_modules/cmake-js/node_modules/fs-extra/lib/json/output-json-sync.js	
file	644	277	b738aaf8ff9aae265b0512cb2554e1f8ce8605d21dc6230189a9be6980079fc8	node_modules/cmake-js/node_modules/fs-extra/lib/json/output-json.js	
file	644	328	adcd576e2e3868b94adb1bad6d1e3cf2312ffdfa71e49a57fe6247e116e75ecf	node_modules/cmake-js/node_modules/fs-extra/lib/mkdirs/index.js	
file	644	545	23c7ce8a3d6b39d1c7cf5d16ba6447c1690a6fdaa8c5f41e6b76526b7afe96f3	node_modules/cmake-js/node_modules/fs-extra/lib/mkdirs/make-dir.js	
file	644	1655	5372a36f4b2c5023788c23dbc6639155cb016a1b111e8fc1d6bf97cbaf11b1f8	node_modules/cmake-js/node_modules/fs-extra/lib/mkdirs/utils.js	
file	644	146	ee7ac772c9ed6ca64adf993498c1199fb72bc9a05b49b7b4b8185ac71dacf930	node_modules/cmake-js/node_modules/fs-extra/lib/move/index.js	
file	644	1515	639191af40bebf2a1dc76ee0c5317282d352461ece1d165537bc7096b80818c5	node_modules/cmake-js/node_modules/fs-extra/lib/move/move-sync.js	
file	644	1523	81fca78408ac2a838f6c7f75c871b5b5b9649b7260addf0c21464eb9d8b32a9b	node_modules/cmake-js/node_modules/fs-extra/lib/move/move.js	
file	644	657	5226ff89a2c66941f0aa322d81c68e199b5d554a99fe71cbd7a740663e541722	node_modules/cmake-js/node_modules/fs-extra/lib/output-file/index.js	
file	644	263	5ce096c95daec0259817248921b39a9e0df4d342db171138ccb62440cc7a0cbe	node_modules/cmake-js/node_modules/fs-extra/lib/path-exists/index.js	
file	644	331	0ac7807ffba679e0d8fee03d3879da7f3d99bc16e8db6c6494c8eaf9ec5608b6	node_modules/cmake-js/node_modules/fs-extra/lib/remove/index.js	
file	644	806	1f6e8aa79654041ebb8513719a4e8689e0c71e70a0653bd6f6cf8af90f9138b3	node_modules/cmake-js/node_modules/fs-extra/lib/util/async.js	
file	644	5747	36a604d33561abc620e32ebdfd02b5b744d25177f1ea2036bb5b38799ccc970f	node_modules/cmake-js/node_modules/fs-extra/lib/util/stat.js	
file	644	882	6b20f591e8ff8c6d6bdf6d7603a73f135fd1bc54ed2255ece5449be63b50c01b	node_modules/cmake-js/node_modules/fs-extra/lib/util/utimes.js	
file	644	1084	c6a7de1428955aa5a692f4d3a3d3ede658d959616944713337cda296736442e1	node_modules/cmake-js/node_modules/fs-extra/LICENSE	
file	644	1007	7c0480e5e45025daf20d5654fbd23c6b8b23b9d23c5a41af083f2cae93697a3c	node_modules/cmake-js/node_modules/fs-extra/package.json	
file	644	326	30430d665b4642533953ed816b6b6648b6ff828a93c6beb4c8ef4e04ff8a8d63	node_modules/cmake-js/node_modules/isexe/dist/commonjs/index.d.ts.map	
file	644	2283	fbaffc9133ade6b2df4a2f2824f4a84ac92bfd8046f380ea110c86852f88492a	node_modules/cmake-js/node_modules/isexe/dist/commonjs/index.js	
file	644	979	128c376d695a6db2671d174799ade483c1786ebb3fc0719f7e833ce13c9bf607	node_modules/cmake-js/node_modules/isexe/dist/commonjs/index.js.map	
file	644	3030	abf1fa35f4710b8f74351b63e61945b59994cdbceaf78cb9e309fb8b582a3a35	node_modules/cmake-js/node_modules/isexe/dist/commonjs/index.min.js	
file	644	7663	4f100c3c50cebc0c15da9560079a02f7969fa7b16ee05ed78ba6570d18415e15	node_modules/cmake-js/node_modules/isexe/dist/commonjs/index.min.js.map	
file	644	358	a64a6a1744b29dc531c3382204fed5942fecca8820056aadae495c73e19e628b	node_modules/cmake-js/node_modules/isexe/dist/commonjs/options.d.ts.map	
file	644	112	474f49f173fdd0657ded670ab46bb209a05b08f9f52efb5e4da2045ba7d097a3	node_modules/cmake-js/node_modules/isexe/dist/commonjs/options.js	
file	644	1070	c81c9c2c2141691e5dee1ef21c9c4d723d966a2ebca4547f18b1b40676cc5d64	node_modules/cmake-js/node_modules/isexe/dist/commonjs/options.js.map	
file	644	25	8005a3491db7d92f36ac66369861589f9c47123d3a7c71e643fc2c06168cd45a	node_modules/cmake-js/node_modules/isexe/dist/commonjs/package.json	
file	644	336	274e32cbef91c552e37d885e1848d910f2342e197a60a225e39e15852698fcf1	node_modules/cmake-js/node_modules/isexe/dist/commonjs/posix.d.ts.map	
file	644	2092	97ad32a2c5583b0c88ee3c79f52fa0e6dea3433eb4e63b46e880dd85635bad82	node_modules/cmake-js/node_modules/isexe/dist/commonjs/posix.js	
file	644	4193	7978636dac186ea8377b4d4b03cf3d8a930695d9b7c7bd88f89a41160a73ba47	node_modules/cmake-js/node_modules/isexe/dist/commonjs/posix.js.map	
file	644	336	851b5abeac0fccb4ade7ae23b202b00b89c11659ea51acdb5cf63cabd96aba3e	node_modules/cmake-js/node_modules/isexe/dist/commonjs/win32.d.ts.map	
file	644	1936	bfde01a62a183af4936a3dec114bd24faa57535f8de0fb2ccbc0de737741af8f	node_modules/cmake-js/node_modules/isexe/dist/commonjs/win32.js	
file	644	3609	e65292568844ea2a15a26014911d21f858d3a35b2c86792f6d8ab1fc2e6597ba	node_modules/cmake-js/node_modules/isexe/dist/commonjs/win32.js.map	
file	644	326	30430d665b4642533953ed816b6b6648b6ff828a93c6beb4c8ef4e04ff8a8d63	node_modules/cmake-js/node_modules/isexe/dist/esm/index.d.ts.map	
file	644	516	c123f7ac6fde508df0623580c8b0d7596cee6bf3955842cd6a0d18ede42ca6dc	node_modules/cmake-js/node_modules/isexe/dist/esm/index.js	
file	644	1032	44ea3e96184353019aa936dd2968b48160c51527535d28cb16e566f3ef706058	node_modules/cmake-js/node_modules/isexe/dist/esm/index.js.map	
file	644	1670	c1d43c88f2b5eff554cc40b5702c83efd0f33c7ff92277675d344a047cc72984	node_modules/cmake-js/node_modules/isexe/dist/esm/index.min.js	
file	644	7282	0d31bd35034d3ef04ae680c31c5affd7195ac9c7fc700f4c2283ff593f9a4c3f	node_modules/cmake-js/node_modules/isexe/dist/esm/index.min.js.map	
file	644	358	a64a6a1744b29dc531c3382204fed5942fecca8820056aadae495c73e19e628b	node_modules/cmake-js/node_modules/isexe/dist/esm/options.d.ts.map	
file	644	46	fea76c2f7b85cf0fae3fc883565127911873222c84c8ee41bbf8f3a6ac3881ea	node_modules/cmake-js/node_modules/isexe/dist/esm/options.js	
file	644	1070	c81c9c2c2141691e5dee1ef21c9c4d723d966a2ebca4547f18b1b40676cc5d64	node_modules/cmake-js/node_modules/isexe/dist/esm/options.js.map	
file	644	23	3ca9d4afd21425087cf31893b8f9f63c81b0b8408db5e343ca76e5f8aa26ab9a	node_modules/cmake-js/node_modules/isexe/dist/esm/package.json	
file	644	336	274e32cbef91c552e37d885e1848d910f2342e197a60a225e39e15852698fcf1	node_modules/cmake-js/node_modules/isexe/dist/esm/posix.d.ts.map	
file	644	1906	db612c862f36ae60256e45d98f883d8db649a4928431c2d7255415f885bcb94a	node_modules/cmake-js/node_modules/isexe/dist/esm/posix.js	
file	644	4215	ee39df5438b865e3760b0a2601e52e0d55242135d8090ae91cf33766cd97e997	node_modules/cmake-js/node_modules/isexe/dist/esm/posix.js.map	
file	644	336	851b5abeac0fccb4ade7ae23b202b00b89c11659ea51acdb5cf63cabd96aba3e	node_modules/cmake-js/node_modules/isexe/dist/esm/win32.d.ts.map	
file	644	1735	072cc87f6d0b77ea25766de04623295ad45ee82d42da60af9cdab6be1f994cdc	node_modules/cmake-js/node_modules/isexe/dist/esm/win32.js	
file	644	3658	95d4afa18d66b67bd04118ba2e99ba1c938329a4c4e64a6513ddaf553f7abdaa	node_modules/cmake-js/node_modules/isexe/dist/esm/win32.js.map	
file	644	1552	8a1af140fdfbf5afd3df27f7e662f989c5b963a300020dfafce42033cae9e004	node_modules/cmake-js/node_modules/isexe/LICENSE.md	
file	644	1630	0a267f1c1e7bed07021134c01c0487a81493b294bd3bf1331f52f23f6d22f632	node_modules/cmake-js/node_modules/isexe/package.json	
file	644	2014	ec5a9f1f45014486f1df4a8c11a5b078671e9936c0651e035b67cb5e763954e8	node_modules/cmake-js/node_modules/jsonfile/index.js	
file	644	1110	a9801fb52ba22ef808682a094da8a7a480584b7ed0dfd0d888ab543616335031	node_modules/cmake-js/node_modules/jsonfile/LICENSE	
file	644	558	19b7f70104b503224fc101fc465fb40765b077aa1f996f2d008463689a4fe4e6	node_modules/cmake-js/node_modules/jsonfile/package.json	
file	644	613	3a37b4b21c2cd8f75b850f1373f68a39bcaab3ac58d75ab44e62674cdb0d4cad	node_modules/cmake-js/node_modules/jsonfile/utils.js	
file	644	48061	b122e7d67d795a63fb6db4573f7f1bdce22f2fc6f53a55d62638169fee8eb207	node_modules/cmake-js/node_modules/minipass/dist/commonjs/index.d.ts.map	
file	644	34050	085dc9747f0f4b28a196353df3702e2ff8cf0bc883a02378df062525a7cf9a38	node_modules/cmake-js/node_modules/minipass/dist/commonjs/index.js	
file	644	66964	e8b169bf41b4c1032847fcda67908cee399ad7791eeac0f6db9ca31cb2dc76f0	node_modules/cmake-js/node_modules/minipass/dist/commonjs/index.js.map	
file	644	25	8005a3491db7d92f36ac66369861589f9c47123d3a7c71e643fc2c06168cd45a	node_modules/cmake-js/node_modules/minipass/dist/commonjs/package.json	
file	644	48061	b122e7d67d795a63fb6db4573f7f1bdce22f2fc6f53a55d62638169fee8eb207	node_modules/cmake-js/node_modules/minipass/dist/esm/index.d.ts.map	
file	644	33328	2690b4752df99b1e7959802070037ba2898908675e75f1e32c358578a4456dd3	node_modules/cmake-js/node_modules/minipass/dist/esm/index.js	
file	644	66914	a09440346a2f68c3884fd05575a2ed3deb513efd68848d2e734ba78a06ec1763	node_modules/cmake-js/node_modules/minipass/dist/esm/index.js.map	
file	644	23	3ca9d4afd21425087cf31893b8f9f63c81b0b8408db5e343ca76e5f8aa26ab9a	node_modules/cmake-js/node_modules/minipass/dist/esm/package.json	
file	644	1552	8a1af140fdfbf5afd3df27f7e662f989c5b963a300020dfafce42033cae9e004	node_modules/cmake-js/node_modules/minipass/LICENSE.md	
file	644	1468	aa0f8e9de9ded9c1de6b91f62ddb19e28cbf982c9ecf6db958148050b382796f	node_modules/cmake-js/node_modules/minipass/package.json	
file	644	146	fa3558cafe75234cac9e1fea23e96eebfe0ceebadb95e0a1fd0da8eaf31ff6b3	node_modules/cmake-js/node_modules/minizlib/dist/commonjs/constants.d.ts.map	
file	644	4299	1574ad656e72d59598f1fd44bf2d242ff57d05ebd27cdf177b504e24b3e64fdf	node_modules/cmake-js/node_modules/minizlib/dist/commonjs/constants.js	
file	644	7298	ed98c3aead0da9a0cb73f4d574a56451dd2a69622b18a4ce734f76e573ae9dd3	node_modules/cmake-js/node_modules/minizlib/dist/commonjs/constants.js.map	
file	644	3122	9dc2d79d96e7a6c8d5ae95e7f41c41f94a2a41a035fd89689cac15c4e94a57a7	node_modules/cmake-js/node_modules/minizlib/dist/commonjs/index.d.ts.map	
file	644	14870	1545b857e5a597a4fb9294e5040f8b8e3f207e53901f935de2b135a4200abbbf	node_modules/cmake-js/node_modules/minizlib/dist/commonjs/index.js	
file	644	24386	c9ab173c08372e34aff2a3756b06695c9d2755203dc741adcad268354ff30112	node_modules/cmake-js/node_modules/minizlib/dist/commonjs/index.js.map	
file	644	25	8005a3491db7d92f36ac66369861589f9c47123d3a7c71e643fc2c06168cd45a	node_modules/cmake-js/node_modules/minizlib/dist/commonjs/package.json	
file	644	146	fa3558cafe75234cac9e1fea23e96eebfe0ceebadb95e0a1fd0da8eaf31ff6b3	node_modules/cmake-js/node_modules/minizlib/dist/esm/constants.d.ts.map	
file	644	4034	7c219d10414779e805f027504b8e1b20105dfa727cd01b6a5ef32158725f6033	node_modules/cmake-js/node_modules/minizlib/dist/esm/constants.js	
file	644	7321	c23b8e6a7b7d02ef9b43e106c872e2c5eb43ad72642c3ab6f5638dba22f8cf17	node_modules/cmake-js/node_modules/minizlib/dist/esm/constants.js.map	
file	644	3122	9dc2d79d96e7a6c8d5ae95e7f41c41f94a2a41a035fd89689cac15c4e94a57a7	node_modules/cmake-js/node_modules/minizlib/dist/esm/index.d.ts.map	
file	644	12247	d5416c33c5948b2cd9eb196c1a7f789811767a77a616129dd9f782fa5781c64a	node_modules/cmake-js/node_modules/minizlib/dist/esm/index.js	
file	644	24369	626fb1dcf3e2463d52a17a526a3c7f714841e3bc648422860173cdbe336715f7	node_modules/cmake-js/node_modules/minizlib/dist/esm/index.js.map	
file	644	23	3ca9d4afd21425087cf31893b8f9f63c81b0b8408db5e343ca76e5f8aa26ab9a	node_modules/cmake-js/node_modules/minizlib/dist/esm/package.json	
file	644	1339	df05697a04b8997c79d423930534e59cc18828f6e22d0c8c2d62fcbea1c4f50b	node_modules/cmake-js/node_modules/minizlib/LICENSE	
file	644	1381	4bbeb2f8ad9285b73fa554b999bf17edbb845640cc0da4bf050cd58cb518eabc	node_modules/cmake-js/node_modules/minizlib/package.json	
file	755	4957	bd6c871026985937dc945011fc54b74b47f5998154216d7b8d40d5ed782e4402	node_modules/cmake-js/node_modules/semver/bin/semver.js	
file	644	3631	054202956430d63d5ff4599fae09760ce465b489e4f0b5ef5ce7cc7ac21157ac	node_modules/cmake-js/node_modules/semver/classes/comparator.js	
file	644	143	3bb69280c2a788d0eb16f915bb9df4dbe812075182024c753dca2283bcea1b17	node_modules/cmake-js/node_modules/semver/classes/index.js	
file	644	15647	a6544485aa8575aa9854c67e2caa67726815de18a482d0ceb8a1003244de3bc1	node_modules/cmake-js/node_modules/semver/classes/range.js	
file	644	9891	813b2c185512d30c9b931c2fed8140889d9d7490ceeeedc370da30337dc8ca57	node_modules/cmake-js/node_modules/semver/classes/semver.js	
file	644	205	4eadb0892844cf3ae295121a86163a66c73f89acd1b7f0b114ec115b4539512f	node_modules/cmake-js/node_modules/semver/functions/clean.js	
file	644	961	a63d74e87b73788e78e9ce0a4892b5333d6b809c0de88b31e4ed76cbf17f94b3	node_modules/cmake-js/node_modules/semver/functions/cmp.js	
file	644	2004	28a251c5ab210ddf9e97551b9f37a53329fcce91f0c3943dcbc02de1a1de915a	node_modules/cmake-js/node_modules/semver/functions/coerce.js	
file	644	281	5ab651d5b40af289bd85c645a92b6d8cfe1a986dc413c797cfcc8d623d7c844c	node_modules/cmake-js/node_modules/semver/functions/compare-build.js	
file	644	132	07b6a3a1db0a5210ceb784c1708bd4679f3a94fc73a9c9eb349349e7070a6f78	node_modules/cmake-js/node_modules/semver/functions/compare-loose.js	
file	644	170	d404b5aa48aaddc8a654c5da8fb7d4443404b7948589b21ac4b045d1cee4e34c	node_modules/cmake-js/node_modules/semver/functions/compare.js	
file	644	1423	7a11fd39b987cdf06c65e928cb1aca49bec583feb86fb5c8fe47a6fd61d7de31	node_modules/cmake-js/node_modules/semver/functions/diff.js	
file	644	126	b6e30a7168e52723216fc163d300e2bbabf92ec0251f9ac5438bb6ccf57c8936	node_modules/cmake-js/node_modules/semver/functions/eq.js	
file	644	124	135523704aa48cd98834dd170ee9f74f0e68043b379f32d021db11e6304c5c93	node_modules/cmake-js/node_modules/semver/functions/gt.js	
file	644	127	991c5bbe48ecb210a562646872f05862ad9fc0d42186d85aa60bdc6fa323eb9d	node_modules/cmake-js/node_modules/semver/functions/gte.js	
file	644	478	952069fc8690b7d3af0fe9d55f7c54fe2ac067b48c5e74f6a54f9ce19a334493	node_modules/cmake-js/node_modules/semver/functions/inc.js	
file	644	124	1c897a9bc849320e2e9dc0f6c09555c01ee3ddf30734515d717b88ad7740ea25	node_modules/cmake-js/node_modules/semver/functions/lt.js	
file	644	127	3a8d0b1d00423f60cc7cb810b36ab77b61330831ad237dbe73eb5cecfa412800	node_modules/cmake-js/node_modules/semver/functions/lte.js	
file	644	136	5c678480d882f511200fed2c16ec3847dfedb08a1d70328dc2f031d35d825276	node_modules/cmake-js/node_modules/semver/functions/major.js	
file	644	136	1b051794f1713adec2a236517196691687c35f82e0b596ff3316a78b3cc10ae6	node_modules/cmake-js/node_modules/semver/functions/minor.js	
file	644	128	a662883751918822c162183b46b9e20d09489132f82686c92ab78bee67f3a127	node_modules/cmake-js/node_modules/semver/functions/neq.js	
file	644	331	29a69e15b6d02fe381d573f861881a89590e9d0f0f0ca740c5f85eaf0234c4ad	node_modules/cmake-js/node_modules/semver/functions/parse.js	
file	644	136	f02d3c1b059fe3d96ce124886f7eef321d381a95638fd3c4a8d5ccd8e76ffadd	node_modules/cmake-js/node_modules/semver/functions/patch.js	
file	644	234	baedbf503d5610ad041bfb56071efa48feb331ca278295c399537d35d3ffb593	node_modules/cmake-js/node_modules/semver/functions/prerelease.js	
file	644	132	84fa5e88adf08d15c993cac8cdec6d1a65045b7e95a9c55184230a7f807f4dc0	node_modules/cmake-js/node_modules/semver/functions/rcompare.js	
file	644	163	6ec659ce3b6c2b173c719286caab04409adba046c0917874ec3b5e36ddfbc7e3	node_modules/cmake-js/node_modules/semver/functions/rsort.js	
file	644	247	8cf5e122b757251671ed6c9d9680904b71cd375845853f05312e608cf2cc2946	node_modules/cmake-js/node_modules/semver/functions/satisfies.js	
file	644	161	c2fe2d3ed0be8a4e9de8f02abdfd5d9c0d3bcc510d88e87af84185592882c4b8	node_modules/cmake-js/node_modules/semver/functions/sort.js	
file	644	1021	e145833a250311927c92f424f56498c52f1b7bb1271ce6afbf006db87773ff43	node_modules/cmake-js/node_modules/semver/functions/truncate.js	
file	644	176	0de7ea736cb7807179d46dfac09c830a9338e02b6a07db12d7040cde2def6025	node_modules/cmake-js/node_modules/semver/functions/valid.js	
file	644	2691	4b3e57d3d40e29e0706002eba113d09f35aea593578376bbeec83b777b9912ab	node_modules/cmake-js/node_modules/semver/index.js	
file	644	873	38a112baf27ceca0260082ff26ac2fd7a9861cab1af12dd65e720277f68e6ce9	node_modules/cmake-js/node_modules/semver/internal/constants.js	
file	644	240	8a9f420572260f3cf944463b5090d62a60f0730589dc23a7ec4ca25e2ee41bb3	node_modules/cmake-js/node_modules/semver/internal/debug.js	
file	644	525	b4916b09dc7869ae0eb05e71c855c942a3a7365f7e6e89185d59a9e45a2451d7	node_modules/cmake-js/node_modules/semver/internal/identifiers.js	
file	644	802	14d087c87da87b6f5c36fc4cdd7d2d14077874b14a68e20fce5b6138fa2ca34f	node_modules/cmake-js/node_modules/semver/internal/lrucache.js	
file	644	338	fdf51d0de8d5442c35a997ef58cd530d239ce206f961d14c5121354451b01d01	node_modules/cmake-js/node_modules/semver/internal/parse-options.js	
file	644	8139	5833262888e2b5d843a69193f83c05e374818dbe55379b497819b5bf58e48cd8	node_modules/cmake-js/node_modules/semver/internal/re.js	
file	644	765	4ec3d4c66cd87f5c8d8ad911b10f99bf27cb00cdfcff82621956e379186b016b	node_modules/cmake-js/node_modules/semver/LICENSE	
file	644	1348	58ad67ac517e1610524a9327efa766de640856fb2ea62244f9fb45aa7f9f3694	node_modules/cmake-js/node_modules/semver/package.json	
file	644	83	edb6808911bebcb324b2df57e5c9935149e56984ff083b74c6cfe215f5b710ba	node_modules/cmake-js/node_modules/semver/preload.js	
file	644	702	15d0baf9b7b98e6d862c0cb9e822d2533d2bc23e136bb75314d802ca1fcb0392	node_modules/cmake-js/node_modules/semver/range.bnf	
file	644	231	8fadad28e36d28e93d498ac7ac20badba2a407312845eabc18e82e90a0732b19	node_modules/cmake-js/node_modules/semver/ranges/gtr.js	
file	644	224	fe87ac5d3020010ad3ec00636dadbf0c669ff07d0f57e0a8165a8264f79a676f	node_modules/cmake-js/node_modules/semver/ranges/intersects.js	
file	644	227	e5186fcc03018acf9be6d968755d4c49727aeb0d981d179eb568ae5fbe983038	node_modules/cmake-js/node_modules/semver/ranges/ltr.js	
file	644	593	e1a2c0d6144cc772cd20bbc8ecb9e8a3a4074e9172a3d8e794838b591cdeb416	node_modules/cmake-js/node_modules/semver/ranges/max-satisfying.js	
file	644	591	2681abf54098aa670f12826b76a6ec77a2441186ae4243afde3be8ae4908f7ca	node_modules/cmake-js/node_modules/semver/ranges/min-satisfying.js	
file	644	1514	fefba0a88c2bf74d5cede504b5ae50a8dc3edfd69cf0174a491e2cf3e442614b	node_modules/cmake-js/node_modules/semver/ranges/min-version.js	
file	644	2204	3a2b0b23593d2f49419c06af2af75450cab103b0c25d665d48fe5bca495a21ca	node_modules/cmake-js/node_modules/semver/ranges/outside.js	
file	644	1355	7b78581c13322bc68ece2088685386b2a9b51c15b94d0a2063bdf2546bd41934	node_modules/cmake-js/node_modules/semver/ranges/simplify.js	
file	644	7478	ceb9eb6ed5bfc6c7ac7af7f47e5c3535444a4e66a0e2b58cdad4bd02a35d454d	node_modules/cmake-js/node_modules/semver/ranges/subset.js	
file	644	282	6c5e966210cff270fa2850668aaf8460fac7759f8d99f282521ef7a78f4564e9	node_modules/cmake-js/node_modules/semver/ranges/to-comparators.js	
file	644	326	5ef6f995af801868925940cf8df5735d565ebabb090b068695cae65218bcd3ac	node_modules/cmake-js/node_modules/semver/ranges/valid.js	
file	644	192	2e4227f23a78de8cb59a543fd5d2f7278f9a83d556c20fe46bda1493b01b9f27	node_modules/cmake-js/node_modules/tar/dist/commonjs/create.d.ts.map	
file	644	2588	eff71718fc8424bc6c7cda76d5d2831da98ee1457da1df19bd31b92e563d2336	node_modules/cmake-js/node_modules/tar/dist/commonjs/create.js	
file	644	5265	9a29e3ad951d75d833bccd0301c518057deac8c9235390f885e50a0cba2a3443	node_modules/cmake-js/node_modules/tar/dist/commonjs/create.js.map	
file	644	283	038f16b25e9699e3ff785c43f7145e2e7b6add2ef42064cc81768c7f87229283	node_modules/cmake-js/node_modules/tar/dist/commonjs/cwd-error.d.ts.map	
file	644	436	faae7f047a57227c0452abb13a36a6ae2bc560d64f01e300440afe392e3d1500	node_modules/cmake-js/node_modules/tar/dist/commonjs/cwd-error.js	
file	644	737	1520ad2eb76b2d0ad5549bb0c0100d7d5d3373c76946c32197ffded635744844	node_modules/cmake-js/node_modules/tar/dist/commonjs/cwd-error.js.map	
file	644	194	b282be7770dbdf96e5f96af944a555553df99c3eaab82225d8ac394d01a6e1a7	node_modules/cmake-js/node_modules/tar/dist/commonjs/extract.d.ts.map	
file	644	3447	a1aa096322772eb0b341c39fc732857f8a3efbbd4934a0c5376a9b3b18129acd	node_modules/cmake-js/node_modules/tar/dist/commonjs/extract.js	
file	644	3547	5b4287747156386698968bc59da4f69d4f95833759679336d619ac32f90ff412	node_modules/cmake-js/node_modules/tar/dist/commonjs/extract.js.map	
file	644	168	375e486568f2eaea115a29ce866c284adf8dbd74a60369c5af65936efba05d48	node_modules/cmake-js/node_modules/tar/dist/commonjs/get-write-flag.d.ts.map	
file	644	1491	55302560e2fc123275d0b77549caa6be3a9098bbb2c3622c43c6901626c3ac6c	node_modules/cmake-js/node_modules/tar/dist/commonjs/get-write-flag.js	
file	644	2303	88634e1c864feeb43804498f604ada4fc9036be10c7e9be34b29773d5e996bbc	node_modules/cmake-js/node_modules/tar/dist/commonjs/get-write-flag.js.map	
file	644	1829	3543c2739ce56ce053d19f3f7e33fdab0e629d8a0bc6bfb0a515f08ddc16e898	node_modules/cmake-js/node_modules/tar/dist/commonjs/header.d.ts.map	
file	644	14094	2840b352ffdee3ed31cb30b87e51d9b96c6255ea484ced0fe2437ad46f49ad93	node_modules/cmake-js/node_modules/tar/dist/commonjs/header.js	
file	644	26995	d9910b1b57994129dd8e3b7e991078c3beb1ead01c9fa6dde53335f78d3db42a	node_modules/cmake-js/node_modules/tar/dist/commonjs/header.js.map	
file	644	827	650132d0eacf9e822eb56f69124ae34674661a2bb7258165ee268f7947281b2e	node_modules/cmake-js/node_modules/tar/dist/commonjs/index.d.ts.map	
file	644	3137	b5c4c31f353da9fe11ed352a95c6c247946549fec4f1326e871a3cd32158f9bf	node_modules/cmake-js/node_modules/tar/dist/commonjs/index.js	
file	644	1467	2e9e7eac927b895141073750e0e9731cefbeb00036988407712044fa97787067	node_modules/cmake-js/node_modules/tar/dist/commonjs/index.js.map	
file	644	102753	b9464172723801f6ad013a1a819b5f31838753559d56c879202d7fb3c1326167	node_modules/cmake-js/node_modules/tar/dist/commonjs/index.min.js	
file	644	406232	c36a6d83b75922eee9ac696a5c17f0a6c1bfae35144bff3d66a9db2243792e2e	node_modules/cmake-js/node_modules/tar/dist/commonjs/index.min.js.map	
file	644	232	bea8957737608f35d8a11f2e2a41970205c4c804406c239c13607b05473c37d0	node_modules/cmake-js/node_modules/tar/dist/commonjs/large-numbers.d.ts.map	
file	644	2733	6de856e25f82701b0ab91e1d1e39efbffc4e73530abcf0a66caba0239b4c9472	node_modules/cmake-js/node_modules/tar/dist/commonjs/large-numbers.js	
file	644	5915	bc3eb64d548eedb111590cd1fdc2370162f464d4fac215711c8afea5d6cbe50e	node_modules/cmake-js/node_modules/tar/dist/commonjs/large-numbers.js.map	
file	644	302	d11056770ead0a18c88612ae2b236bdbed10c78920ef829628ef2fc235a11aaa	node_modules/cmake-js/node_modules/tar/dist/commonjs/list.d.ts.map	
file	644	5599	9e8c59276c643ceeba7ecf786045dc611150aa440fa98b16f457b9c5aa211093	node_modules/cmake-js/node_modules/tar/dist/commonjs/list.js	
file	644	7857	7ae18bdb36c68c4f34f1848cc87115c07d03797eb69edf0a1934eb6f2e3cc435	node_modules/cmake-js/node_modules/tar/dist/commonjs/list.js.map	
file	644	4489	b5ae43b95cad996f151628172c28a8397f4a4c1e3d24de875b47d8f04a3e1354	node_modules/cmake-js/node_modules/tar/dist/commonjs/make-command.d.ts.map	
file	644	1862	c81990a4be4d005c5dcfc30ea1067c790c8eaefe7eb5869474022b28d1899438	node_modules/cmake-js/node_modules/tar/dist/commonjs/make-command.js	
file	644	8694	5e067adfea01d9a1dbd3d392653bdbb19fe6c956187caa68cf9e6cf7952bb4cd	node_modules/cmake-js/node_modules/tar/dist/commonjs/make-command.js.map	
file	644	773	4426f97713209b9cf30c304c98a86b8a0dce96f22a1b65697207055446f28964	node_modules/cmake-js/node_modules/tar/dist/commonjs/mkdir.d.ts.map	
file	644	6758	e1664d23922cf2db56a8ccd448ca6a576c3514a4b86e55df9587cc64820597bf	node_modules/cmake-js/node_modules/tar/dist/commonjs/mkdir.js	
file	644	12891	9c7b88c1f53c6cc3f3d32e452806d02cae5a926782aa9448e60f88c6cd47a7a8	node_modules/cmake-js/node_modules/tar/dist/commonjs/mkdir.js.map	
file	644	190	d73aa8d9249bfe2e6d3efe0207959ce6eeafd0c3ad7fd91628d262f3506963e8	node_modules/cmake-js/node_modules/tar/dist/commonjs/mode-fix.d.ts.map	
file	644	876	1a52161925617f0e0798ddd0df4fb7dc2cc8da52b3b2c60fd7b8756506d5deae	node_modules/cmake-js/node_modules/tar/dist/commonjs/mode-fix.js	
file	644	1409	f50012e7da8906e9bef7dbdd23163a36352a345f91f56e076285ce36d2f927cb	node_modules/cmake-js/node_modules/tar/dist/commonjs/mode-fix.js.map	
file	644	184	50db085bceab5617ca2c533bcb41910ccd40c880d12441afa227a1e218a2b759	node_modules/cmake-js/node_modules/tar/dist/commonjs/normalize-unicode.d.ts.map	
file	644	1159	012057324bfbac08b14ff36e29fa6d27fc3377c747efc5d43f7861ecb43131e2	node_modules/cmake-js/node_modules/tar/dist/commonjs/normalize-unicode.js	
file	644	2041	739b71f19ed0b0039c57355a055157fd7ad13cb0fdcf08fe4b4cc48b97b70b99	node_modules/cmake-js/node_modules/tar/dist/commonjs/normalize-unicode.js.map	
file	644	202	701ed466202edd4e5d2644d99ab2f162a56c96e4e1edc389fdf0ebf455761428	node_modules/cmake-js/node_modules/tar/dist/commonjs/normalize-windows-path.d.ts.map	
file	644	615	549d841aa9e43dbc1eae3ca716944b8f7ac9cdfca1638a4c9cb6370beeac97a4	node_modules/cmake-js/node_modules/tar/dist/commonjs/normalize-windows-path.js	
file	644	1000	bcd4c600bc19599ae2c658498cdf599fc3170363cdb7d24caff2afb8c8738b81	node_modules/cmake-js/node_modules/tar/dist/commonjs/normalize-windows-path.js.map	
file	644	6289	46830aa5ec34a4cad60f236307b99f6352d75ced1b067e346b8d5f6ca986a872	node_modules/cmake-js/node_modules/tar/dist/commonjs/options.d.ts.map	
file	644	2117	0f17e6496cb4b75ec3a4bb25c8fe540cf08b810b1a21f86e27b62d349e9651e2	node_modules/cmake-js/node_modules/tar/dist/commonjs/options.js	
file	644	27564	83f36032bcc21de56693bd21896db086fc7d35cdb2a7aa1af315ce8026fd70c6	node_modules/cmake-js/node_modules/tar/dist/commonjs/options.js.map	
file	644	3975	f3b9f6b0328e9b2fcd23f61db93bf97f59294d92c7702cc0218cf9bb790fe741	node_modules/cmake-js/node_modules/tar/dist/commonjs/pack.d.ts.map	
file	644	17624	2f68f54f8a61c33d26b353bf9311f961b614c85e52b4b0b0521b2a3fc314be6c	node_modules/cmake-js/node_modules/tar/dist/commonjs/pack.js	
file	644	32552	29fb4824d5d43e0c9365c95fd869aea413b0f6ed7262f7b01b55faa99dbdbc08	node_modules/cmake-js/node_modules/tar/dist/commonjs/pack.js.map	
file	644	25	8005a3491db7d92f36ac66369861589f9c47123d3a7c71e643fc2c06168cd45a	node_modules/cmake-js/node_modules/tar/dist/commonjs/package.json	
file	644	3982	f19fa9b06a079fee0282372afe8ba8bfad1ff98158aa618f9fc5f18a5f8dbed1	node_modules/cmake-js/node_modules/tar/dist/commonjs/parse.d.ts.map	
file	644	24607	c90f3771fa6c839b81c1d24961786463a195dfb8a59a8f190da30d33e7e1f769	node_modules/cmake-js/node_modules/tar/dist/commonjs/parse.js	
file	644	44943	21a21876484569acee8663dc6b58bf49685fce033d12e0ffccbb9402e24c9ab9	node_modules/cmake-js/node_modules/tar/dist/commonjs/parse.js.map	
file	644	418	2f0e9af9f9f7aa9d57d9e109690e8ee80bf84bbdebf83ed0cbd7e4db7ae70068	node_modules/cmake-js/node_modules/tar/dist/commonjs/path-reservations.d.ts.map	
file	644	5699	06fe7819ab48dec1c884d0aaeba9ae75bc804e2b1b6cf1bd16436d48ab3af92b	node_modules/cmake-js/node_modules/tar/dist/commonjs/path-reservations.js	
file	644	10798	eaadbee3b67adef7dcfb071325298bcd98ebc2e8508512453a1bed2522dff404	node_modules/cmake-js/node_modules/tar/dist/commonjs/path-reservations.js.map	
file	644	886	311f4fae4b9d45bc7e179d49902cffe648a89a1b802b8cab0c38a9d57ba827ec	node_modules/cmake-js/node_modules/tar/dist/commonjs/pax.d.ts.map	
file	644	5397	8b3fc3092056e28a0e137c4b7ddc230465d62d27df7e9d1665df3f3acbb7c0b2	node_modules/cmake-js/node_modules/tar/dist/commonjs/pax.js	
file	644	10988	d216ac5042121bda60878626fd4059ec7b9758d65d3bef16f3642c736cbd8a72	node_modules/cmake-js/node_modules/tar/dist/commonjs/pax.js.map	
file	644	153	33656d7d9ac0a4645798f2ed6443901e1eb370cd0b26a16d277fcf60982b7e27	node_modules/cmake-js/node_modules/tar/dist/commonjs/process-umask.d.ts.map	
file	644	273	4d39e1ae623afaae403476b97495d2ee12d5d9aace509a88b8c92ba8fb9a7886	node_modules/cmake-js/node_modules/tar/dist/commonjs/process-umask.js	
file	644	356	09d9d01e64ceef1d12a6ec3be9ecfa080734bfcea4057ffacd707b56ce195ee3	node_modules/cmake-js/node_modules/tar/dist/commonjs/process-umask.js.map	
file	644	1194	003f9f1bec7f0186964fb960c74a79f4e0b1f47be05d1bd1b84701a875a88249	node_modules/cmake-js/node_modules/tar/dist/commonjs/read-entry.d.ts.map	
file	644	4394	3152ca6809643af42d413214fbb268736c5f60285941746a9b9d78086e666062	node_modules/cmake-js/node_modules/tar/dist/commonjs/read-entry.js	
file	644	8103	ad058dcf7d6f539d0952c550abb7cd1927de2b90c9bf985f3d0cae5213bf14f5	node_modules/cmake-js/node_modules/tar/dist/commonjs/read-entry.js.map	
file	644	144	23c450d1cf709ccabb4f69a1cc1b6fa1972983624db8db01e132cb0ac8a2d008	node_modules/cmake-js/node_modules/tar/dist/commonjs/replace.d.ts.map	
file	644	7737	4aaf077d176067a5ca2e1e79a9f9394fa3cbd1cf7f1d399c86ae0ef35ce29358	node_modules/cmake-js/node_modules/tar/dist/commonjs/replace.js	
file	644	14807	a9476f0efe1473334706e2d0a97188e4d00fe7bf8f08e89e7b824ff101a48253	node_modules/cmake-js/node_modules/tar/dist/commonjs/replace.js.map	
file	644	208	ff639fb127ae7f1c1bdb7005bed46b6c1f95d8c80e9754fdc4861e2e188592d2	node_modules/cmake-js/node_modules/tar/dist/commonjs/strip-absolute-path.d.ts.map	
file	644	1232	9b92e2de39dcddfc6ad4d4755ecf308013eace0bc5d0f71fdaebf6b56bdaa2aa	node_modules/cmake-js/node_modules/tar/dist/commonjs/strip-absolute-path.js	
file	644	1934	f134c4db400d9bfacda903a49ab9478bb243d1c92a130e9e5509513b13df2e29	node_modules/cmake-js/node_modules/tar/dist/commonjs/strip-absolute-path.js.map	
file	644	188	3effbfbb9e274f2b23df22948041678e42143459dbd49002c42b2ce839b54d66	node_modules/cmake-js/node_modules/tar/dist/commonjs/strip-trailing-slashes.d.ts.map	
file	644	651	9fba838d409865ec9a63def2e6fa6bb8439689ab95e46df36e3ef38cdc52324b	node_modules/cmake-js/node_modules/tar/dist/commonjs/strip-trailing-slashes.js	
file	644	1073	d4caa1fe894879d7e53e313582b70bf11b4a7c1500cba193bd0ade0eafe3c764	node_modules/cmake-js/node_modules/tar/dist/commonjs/strip-trailing-slashes.js.map	
file	644	320	e9c7789f9ee3bb9836eb112c9a53abeccbeae388d5a858ea45eeba9002edaa00	node_modules/cmake-js/node_modules/tar/dist/commonjs/symlink-error.d.ts.map	
file	644	528	2d8e680987edb0a1a372391776e6514054f5575663823a5ef335c258d2b3eea1	node_modules/cmake-js/node_modules/tar/dist/commonjs/symlink-error.js	
file	644	832	fc1fe499c8e4e4fa6663fb692bba4ffc34bc469f2e0f9802ff6cd19df1829262	node_modules/cmake-js/node_modules/tar/dist/commonjs/symlink-error.js.map	
file	644	853	84abd267a7dca8c6d0c593cc3876859417fc65a5b665b8ec5a8cf07f7973c9c8	node_modules/cmake-js/node_modules/tar/dist/commonjs/types.d.ts.map	
file	644	1889	c07cef6564bcef1f93b7a18a3e22c97b57f18229e31a3f66d15127c43b182b5c	node_modules/cmake-js/node_modules/tar/dist/commonjs/types.js	
file	644	4084	6c89a88280a8efa42a2740cebe8e712cc21321ce369e1e373e2227a5075cb929	node_modules/cmake-js/node_modules/tar/dist/commonjs/types.js.map	
file	644	4386	6c127098b7410a3c6150003bc3d443e94ee049c020ebacad2e0703c92953ff40	node_modules/cmake-js/node_modules/tar/dist/commonjs/unpack.d.ts.map	
file	644	36414	03515ed98f5df6ec0f23177b7016274f8cdc91b038d0dcd036f438a70e614eed	node_modules/cmake-js/node_modules/tar/dist/commonjs/unpack.js	
file	644	64326	d326aeb3d24ce1b6426c1d6963bad591376758efaa5b0418297912ced30adbbf	node_modules/cmake-js/node_modules/tar/dist/commonjs/unpack.js.map	
file	644	140	a79c32f6a3b48ab5434625ee8bc83273e990d8a2bbfb45cbe26511455efe0e0d	node_modules/cmake-js/node_modules/tar/dist/commonjs/update.d.ts.map	
file	644	1229	9e01f728164cea547b955b6e78d4f544ae480a6a8ffeda8bfaf63b9dbbf07d12	node_modules/cmake-js/node_modules/tar/dist/commonjs/update.js	
file	644	2260	e3da17e32fb4a64503a7107b8eb603e2e72bc182e6ca06175b98821a06781d14	node_modules/cmake-js/node_modules/tar/dist/commonjs/update.js.map	
file	644	1133	95ec328b9c9689d46a9081fbdccc230f4e7a071da0d7f4e4b89b23db27dcc1e0	node_modules/cmake-js/node_modules/tar/dist/commonjs/warn-method.d.ts.map	
file	644	927	eace06acccb8ab8a6372b3b7635da64e8dc7ff4577937a5d5714b61abf1c6589	node_modules/cmake-js/node_modules/tar/dist/commonjs/warn-method.js	
file	644	2591	1426d4d8e592725f5a8a04bddb12c36d02b1b6cbd4329a61c5c7f3232ccbd8e1	node_modules/cmake-js/node_modules/tar/dist/commonjs/warn-method.js.map	
file	644	205	2136b871cf1a98f1c3f8f5ea1360f037c361ae80c6d1f159412fbe27ecdb69da	node_modules/cmake-js/node_modules/tar/dist/commonjs/winchars.d.ts.map	
file	644	714	05a3e6a1dee09aa7ed7040cdf84be24c624bb935b751f4a7fc5760818e5697d3	node_modules/cmake-js/node_modules/tar/dist/commonjs/winchars.js	
file	644	1694	62f65c5d4d1a5364190c7c59e29951c87788e348c4353b9b08ad25ab43040456	node_modules/cmake-js/node_modules/tar/dist/commonjs/winchars.js.map	
file	644	4851	e6c3d6aafa5545fba216056d12f9ca054ac73dff04d2aceff0c6c72c56edda9a	node_modules/cmake-js/node_modules/tar/dist/commonjs/write-entry.d.ts.map	
file	644	25354	4c62f3a5b860d40be8f075b3e9ed9aea4c274f73af5ea5accfa9e04565139d37	node_modules/cmake-js/node_modules/tar/dist/commonjs/write-entry.js	
file	644	48178	02d7dafc652e148c91bc24f8d64d729f531c0e62bb5d2f16696a4c832edd63a2	node_modules/cmake-js/node_modules/tar/dist/commonjs/write-entry.js.map	
file	644	192	2e4227f23a78de8cb59a543fd5d2f7278f9a83d556c20fe46bda1493b01b9f27	node_modules/cmake-js/node_modules/tar/dist/esm/create.d.ts.map	
file	644	2177	ede714930e3e35d67374b6b18d98669a11f5d98cbabd2684e01e33e773ff7226	node_modules/cmake-js/node_modules/tar/dist/esm/create.js	
file	644	5401	1689909c745229c621249500ee7854da6a7e4c6338963d96f5aa497179411089	node_modules/cmake-js/node_modules/tar/dist/esm/create.js.map	
file	644	283	038f16b25e9699e3ff785c43f7145e2e7b6add2ef42064cc81768c7f87229283	node_modules/cmake-js/node_modules/tar/dist/esm/cwd-error.d.ts.map	
file	644	310	34acd57feffcf46ad860d29f7ae94f89db149e3eea90ee7ca01c52be17fa5787	node_modules/cmake-js/node_modules/tar/dist/esm/cwd-error.js	
file	644	728	935c972229ba99bb12f9d7c0a60d13911bcf318714c4fe0bd2513a59750526f7	node_modules/cmake-js/node_modules/tar/dist/esm/cwd-error.js.map	
file	644	194	b282be7770dbdf96e5f96af944a555553df99c3eaab82225d8ac394d01a6e1a7	node_modules/cmake-js/node_modules/tar/dist/esm/extract.d.ts.map	
file	644	1692	c2781e3e025fb52495812fbaba10a35a06f19a6cb55874373b1dd14d163446ed	node_modules/cmake-js/node_modules/tar/dist/esm/extract.js	
file	644	3639	7e5e9b7b4ca80651132f171b4d9047fa287c808a876b4eab558b827340f0818e	node_modules/cmake-js/node_modules/tar/dist/esm/extract.js.map	
file	644	168	375e486568f2eaea115a29ce866c284adf8dbd74a60369c5af65936efba05d48	node_modules/cmake-js/node_modules/tar/dist/esm/get-write-flag.d.ts.map	
file	644	1205	24b3460458f841db9d1a47becf59940a112060f4208b049fa5cff350837e8e8d	node_modules/cmake-js/node_modules/tar/dist/esm/get-write-flag.js	
file	644	2325	d4eee9bc13dfa25f37139f0b92616aad6c2a879b1e7230d534d72b03a274d948	node_modules/cmake-js/node_modules/tar/dist/esm/get-write-flag.js.map	
file	644	1829	3543c2739ce56ce053d19f3f7e33fdab0e629d8a0bc6bfb0a515f08ddc16e898	node_modules/cmake-js/node_modules/tar/dist/esm/header.d.ts.map	
file	644	12552	8af8946db14f867fa1f1d7bb887554e31002721907b167d8bcfde5f38aaba3c7	node_modules/cmake-js/node_modules/tar/dist/esm/header.js	
file	644	27031	f221b59b6b586557a50de427d0f606105d03a47a6307175c5c0e9a63fc7402e8	node_modules/cmake-js/node_modules/tar/dist/esm/header.js.map	
file	644	827	650132d0eacf9e822eb56f69124ae34674661a2bb7258165ee268f7947281b2e	node_modules/cmake-js/node_modules/tar/dist/esm/index.d.ts.map	
file	644	647	3f6eee754a43f2154124af1db2251ec0edd427367dd2a6edb1e4a3dc76efe3e2	node_modules/cmake-js/node_modules/tar/dist/esm/index.js	
file	644	1631	0269b82f3a91d45f663fd500e4035210b5eb911e3ca905d11db318b6fb10da4f	node_modules/cmake-js/node_modules/tar/dist/esm/index.js.map	
file	644	84473	1902a2a0b8cc2771f7e2aa0a855e9215a2d1023b1345fd504d28eb9c420c958c	node_modules/cmake-js/node_modules/tar/dist/esm/index.min.js	
file	644	398953	78d570d37dc19a858f33eb8fea9b9f457d4d2438fab6c7a779eadf0bcbcae567	node_modules/cmake-js/node_modules/tar/dist/esm/index.min.js.map	
file	644	232	bea8957737608f35d8a11f2e2a41970205c4c804406c239c13607b05473c37d0	node_modules/cmake-js/node_modules/tar/dist/esm/large-numbers.d.ts.map	
file	644	2581	b50ed568260de6ba28af885adf8bb8e8d68d459e18576941fb6cc6ffdc54fc83	node_modules/cmake-js/node_modules/tar/dist/esm/large-numbers.js	
file	644	5888	d68ff4d3548db0aad8ccfd8bb2adc823dc298c0681cef48b2e9725afc138a4b6	node_modules/cmake-js/node_modules/tar/dist/esm/large-numbers.js.map	
file	644	302	d11056770ead0a18c88612ae2b236bdbed10c78920ef829628ef2fc235a11aaa	node_modules/cmake-js/node_modules/tar/dist/esm/list.d.ts.map	
file	644	3607	386be389ed1d1765c37252013cfcaf8f1c06d2af5b9e9960492d555e8310382e	node_modules/cmake-js/node_modules/tar/dist/esm/list.js	
file	644	7939	fff32b73ce88635720b1e7b384cf0689983b6d0942b472e9e438bf2eed37348a	node_modules/cmake-js/node_modules/tar/dist/esm/list.js.map	
file	644	4489	b5ae43b95cad996f151628172c28a8397f4a4c1e3d24de875b47d8f04a3e1354	node_modules/cmake-js/node_modules/tar/dist/esm/make-command.d.ts.map	
file	644	1686	87a0facf60b127ec94a07fe86d6e7115129057186598c9d07fe25c5519bbc9c7	node_modules/cmake-js/node_modules/tar/dist/esm/make-command.js	
file	644	8717	1db46acbd21d2e0d2735b0ebb16dd8fa747321812a240dd857363897f3cb4cf3	node_modules/cmake-js/node_modules/tar/dist/esm/make-command.js.map	
file	644	773	4426f97713209b9cf30c304c98a86b8a0dce96f22a1b65697207055446f28964	node_modules/cmake-js/node_modules/tar/dist/esm/mkdir.d.ts.map	
file	644	5695	2233ec5f5dfee8edd2e67190ce0d8dc87c5a6e16b6841bf38f077b4808432caa	node_modules/cmake-js/node_modules/tar/dist/esm/mkdir.js	
file	644	12967	e12ece9ba264835b3444ba12c1e28a012d31bd3341a1f6b47db93e06fa74e2a6	node_modules/cmake-js/node_modules/tar/dist/esm/mkdir.js.map	
file	644	190	d73aa8d9249bfe2e6d3efe0207959ce6eeafd0c3ad7fd91628d262f3506963e8	node_modules/cmake-js/node_modules/tar/dist/esm/mode-fix.d.ts.map	
file	644	753	bb3e54bdf1b4c8a023ba2881baa3383c60100400cc5fa381f198bee00c969002	node_modules/cmake-js/node_modules/tar/dist/esm/mode-fix.js	
file	644	1393	eea6eec1f1385e28f382dcfc5b72ea91862104f31ee286e1d132cccd7ff878ee	node_modules/cmake-js/node_modules/tar/dist/esm/mode-fix.js.map	
file	644	184	50db085bceab5617ca2c533bcb41910ccd40c880d12441afa227a1e218a2b759	node_modules/cmake-js/node_modules/tar/dist/esm/normalize-unicode.d.ts.map	
file	644	1009	ebdbddce1e999d86d7790e2e6d912e7688ecc64c2a229e93058336283f68e44f	node_modules/cmake-js/node_modules/tar/dist/esm/normalize-unicode.js	
file	644	2022	18f7b37ffa03f49f1d9bab9c5b00cce33c038268bd09d64dd731ac86f166d12a	node_modules/cmake-js/node_modules/tar/dist/esm/normalize-unicode.js.map	
file	644	202	701ed466202edd4e5d2644d99ab2f162a56c96e4e1edc389fdf0ebf455761428	node_modules/cmake-js/node_modules/tar/dist/esm/normalize-windows-path.d.ts.map	
file	644	504	5d0e4a5e9da9f04bce100205d19ba2a45ccf699d2ab5377d467f43a5a86d1453	node_modules/cmake-js/node_modules/tar/dist/esm/normalize-windows-path.js	
file	644	1007	defbf7cb653ef3a290c852ebec6ec638b5a6812233e6f5d2c76ae5f78cff5d7a	node_modules/cmake-js/node_modules/tar/dist/esm/normalize-windows-path.js.map	
file	644	6289	46830aa5ec34a4cad60f236307b99f6352d75ced1b067e346b8d5f6ca986a872	node_modules/cmake-js/node_modules/tar/dist/esm/options.d.ts.map	
file	644	1639	f44b5a92c02fe6a9f751427c243e9221a33b1c224d0135a72594897b695971c2	node_modules/cmake-js/node_modules/tar/dist/esm/options.js	
file	644	27450	e71a88d62ceeda43681806fba13335864ccb41d3305d4006754c65704c8dbcaf	node_modules/cmake-js/node_modules/tar/dist/esm/options.js.map	
file	644	3975	f3b9f6b0328e9b2fcd23f61db93bf97f59294d92c7702cc0218cf9bb790fe741	node_modules/cmake-js/node_modules/tar/dist/esm/pack.d.ts.map	
file	644	15622	fdab2a58e536e2541edc212c6faa67406d62fd0764585448b5b5f85495f4da3a	node_modules/cmake-js/node_modules/tar/dist/esm/pack.js	
file	644	32694	6f8f485ef8228445b18e51c11a39d6f0ae94685c4c0493e390de0019dd94b410	node_modules/cmake-js/node_modules/tar/dist/esm/pack.js.map	
file	644	23	3ca9d4afd21425087cf31893b8f9f63c81b0b8408db5e343ca76e5f8aa26ab9a	node_modules/cmake-js/node_modules/tar/dist/esm/package.json	
file	644	3982	f19fa9b06a079fee0282372afe8ba8bfad1ff98158aa618f9fc5f18a5f8dbed1	node_modules/cmake-js/node_modules/tar/dist/esm/parse.d.ts.map	
file	644	24366	6528a15bef7787adca4920eacc3131263c3d4114448a60522923fdfe37a584f6	node_modules/cmake-js/node_modules/tar/dist/esm/parse.js	
file	644	45123	e87f30710e4dac11069e7ca625b3979ff5499d015d9c46f2cedeb17a0e473a89	node_modules/cmake-js/node_modules/tar/dist/esm/parse.js.map	
file	644	418	2f0e9af9f9f7aa9d57d9e109690e8ee80bf84bbdebf83ed0cbd7e4db7ae70068	node_modules/cmake-js/node_modules/tar/dist/esm/path-reservations.d.ts.map	
file	644	5431	40171e54eb27f9f0136e1a660257c7e2047d71ee04d8ba111f50892c30a5bf9d	node_modules/cmake-js/node_modules/tar/dist/esm/path-reservations.js	
file	644	10857	3bf47280847b4de2bdfd0129459417223aa5ab3feac26b7d536f56f2006bee34	node_modules/cmake-js/node_modules/tar/dist/esm/path-reservations.js.map	
file	644	886	311f4fae4b9d45bc7e179d49902cffe648a89a1b802b8cab0c38a9d57ba827ec	node_modules/cmake-js/node_modules/tar/dist/esm/pax.d.ts.map	
file	644	5247	de39d126f4641b18ab3558921817a0a52ec0dfbfc429a2148a6dc9d53926b0c8	node_modules/cmake-js/node_modules/tar/dist/esm/pax.js	
file	644	11026	8f77067e3ae4e833f2d6de6055a41a415c1eba7c7e06e6624dbf7b5703f29d82	node_modules/cmake-js/node_modules/tar/dist/esm/pax.js.map	
file	644	153	33656d7d9ac0a4645798f2ed6443901e1eb370cd0b26a16d277fcf60982b7e27	node_modules/cmake-js/node_modules/tar/dist/esm/process-umask.d.ts.map	
file	644	156	585ba6ff23a5943e563d260e34968ee6869a448b892a3c153e99ccb26ee160e5	node_modules/cmake-js/node_modules/tar/dist/esm/process-umask.js	
file	644	341	fa5b1598cd444df27d42e8657dbc11a23810906d2faf4d82eefac6e18f6f99ad	node_modules/cmake-js/node_modules/tar/dist/esm/process-umask.js.map	
file	644	1194	003f9f1bec7f0186964fb960c74a79f4e0b1f47be05d1bd1b84701a875a88249	node_modules/cmake-js/node_modules/tar/dist/esm/read-entry.d.ts.map	
file	644	4111	f6633626a5ea499bd83701aeab9b5f6b813f9ed0e4b26027bf49060ab6b59edd	node_modules/cmake-js/node_modules/tar/dist/esm/read-entry.js	
file	644	8131	9b87b9614ad9eb168ba6dff6415cb60b1aebaccaffd08dff3c885767824d089f	node_modules/cmake-js/node_modules/tar/dist/esm/read-entry.js.map	
file	644	144	23c450d1cf709ccabb4f69a1cc1b6fa1972983624db8db01e132cb0ac8a2d008	node_modules/cmake-js/node_modules/tar/dist/esm/replace.d.ts.map	
file	644	7066	4f005a92f6883e3841e7e60a563387ccb5744b61c96b0e43a6e80bf668b2b602	node_modules/cmake-js/node_modules/tar/dist/esm/replace.js	
file	644	14997	44a7ac6c82dcf97dcd6328854f28ffd38d51269056fae94e897fe095675c0c7e	node_modules/cmake-js/node_modules/tar/dist/esm/replace.js.map	
file	644	208	ff639fb127ae7f1c1bdb7005bed46b6c1f95d8c80e9754fdc4861e2e188592d2	node_modules/cmake-js/node_modules/tar/dist/esm/strip-absolute-path.d.ts.map	
file	644	1060	23d2cf99644ab42b4802391fe0a9315c1ffe55ae81cb3dcd1cbf63494a47db3e	node_modules/cmake-js/node_modules/tar/dist/esm/strip-absolute-path.js	
file	644	1942	7c5a4c4c10c83552e22bd57828b785f6fd773dbd41c53a8fe433a9e7909cefdb	node_modules/cmake-js/node_modules/tar/dist/esm/strip-absolute-path.js.map	
file	644	188	3effbfbb9e274f2b23df22948041678e42143459dbd49002c42b2ce839b54d66	node_modules/cmake-js/node_modules/tar/dist/esm/strip-trailing-slashes.d.ts.map	
file	644	489	b834c1e75829a195ab94fb902d5c2d71e8b1dd899e83953be7873e756bdf0f3c	node_modules/cmake-js/node_modules/tar/dist/esm/strip-trailing-slashes.js	
file	644	1056	36e2b8c1d3b1c8dd7c26b979d27729cda0f38beb602e7d41bf9c41a830e212bf	node_modules/cmake-js/node_modules/tar/dist/esm/strip-trailing-slashes.js.map	
file	644	320	e9c7789f9ee3bb9836eb112c9a53abeccbeae388d5a858ea45eeba9002edaa00	node_modules/cmake-js/node_modules/tar/dist/esm/symlink-error.d.ts.map	
file	644	390	397c77c7391c0e4cda53bec71f860ac96806d0c70fbe3e743ae4848d0866b7f7	node_modules/cmake-js/node_modules/tar/dist/esm/symlink-error.js	
file	644	823	d88e44245efe487848444f9845ce5023e45e31bdf3c97ba5bdf55fdc242e3dd9	node_modules/cmake-js/node_modules/tar/dist/esm/symlink-error.js.map	
file	644	853	84abd267a7dca8c6d0c593cc3876859417fc65a5b665b8ec5a8cf07f7973c9c8	node_modules/cmake-js/node_modules/tar/dist/esm/types.d.ts.map	
file	644	1671	91a4d5ea812aae1440a53e32fee635aa8627da9d8d7b3df84fbd3d9b39f51320	node_modules/cmake-js/node_modules/tar/dist/esm/types.js	
file	644	4090	d484da1d912ccc1a601367e7d2080bf6b7bb00a461191b82c04738d0482f7665	node_modules/cmake-js/node_modules/tar/dist/esm/types.js.map	
file	644	4386	6c127098b7410a3c6150003bc3d443e94ee049c020ebacad2e0703c92953ff40	node_modules/cmake-js/node_modules/tar/dist/esm/unpack.d.ts.map	
file	644	33094	d95795464b13cfa4b5a9da8497d189ca946749951b73b22f4d017c4eace7dfbe	node_modules/cmake-js/node_modules/tar/dist/esm/unpack.js	
file	644	64483	8c35fea1140d117b96f8d77fe8bae46c853f970133259010c9e8e8aae33fe218	node_modules/cmake-js/node_modules/tar/dist/esm/unpack.js.map	
file	644	140	a79c32f6a3b48ab5434625ee8bc83273e990d8a2bbfb45cbe26511455efe0e0d	node_modules/cmake-js/node_modules/tar/dist/esm/update.d.ts.map	
file	644	1006	e7379bb9d34d223208ba2f6540d007b4820c761adb13dfe317cdca34a10caecd	node_modules/cmake-js/node_modules/tar/dist/esm/update.js	
file	644	2324	01ec7971ced0646ecb58f6575f7e474a6470048cd77640e634fa92c07c86875c	node_modules/cmake-js/node_modules/tar/dist/esm/update.js.map	
file	644	1133	95ec328b9c9689d46a9081fbdccc230f4e7a071da0d7f4e4b89b23db27dcc1e0	node_modules/cmake-js/node_modules/tar/dist/esm/warn-method.d.ts.map	
file	644	795	c3246912795352d8610dc66a94bc2802b56bd90c0638a089c053ffa9eede0b56	node_modules/cmake-js/node_modules/tar/dist/esm/warn-method.js	
file	644	2575	af59cc4d16b81ed9ce0e48e096ddd77935ab4fcdc519c0f7cee313c8dcd27ac8	node_modules/cmake-js/node_modules/tar/dist/esm/warn-method.js.map	
file	644	205	2136b871cf1a98f1c3f8f5ea1360f037c361ae80c6d1f159412fbe27ecdb69da	node_modules/cmake-js/node_modules/tar/dist/esm/winchars.d.ts.map	
file	644	559	424214f5fd77dc70ecd64bf0c1c9b5480e0a9bfb0ed20abe0f62640182de384f	node_modules/cmake-js/node_modules/tar/dist/esm/winchars.js	
file	644	1667	8a6f558c311fdeb6d27c1877ff52dda913212add11e3484b2dd7089f67cfdd7f	node_modules/cmake-js/node_modules/tar/dist/esm/winchars.js.map	
file	644	4851	e6c3d6aafa5545fba216056d12f9ca054ac73dff04d2aceff0c6c72c56edda9a	node_modules/cmake-js/node_modules/tar/dist/esm/write-entry.d.ts.map	
file	644	22763	97e5699a8ac9afdf58d1863622397acb444c424675a4b2c63d586f5afe844315	node_modules/cmake-js/node_modules/tar/dist/esm/write-entry.js	
file	644	48336	e68426b0ab09e3ac027dee0dbac0e25c9aee1b094a86c266b5579fe79d0726f5	node_modules/cmake-js/node_modules/tar/dist/esm/write-entry.js.map	
file	644	1552	8a1af140fdfbf5afd3df27f7e662f989c5b963a300020dfafce42033cae9e004	node_modules/cmake-js/node_modules/tar/LICENSE.md	
file	644	7268	7c4077610c28fd27eedb9bd42e2664c494700d20d492ed88b86b398073a38454	node_modules/cmake-js/node_modules/tar/package.json	
file	644	706	83b02adb3872f6c482db4e57c300fa39b5cad65e317fc2f70b9de7d305c035a1	node_modules/cmake-js/node_modules/universalify/index.js	
file	644	1100	3fda5977c0904e226190b4e21d64340c1731e2142d6fe5f3dee0090a216b8b63	node_modules/cmake-js/node_modules/universalify/LICENSE	
file	644	618	5b39e9c6305a5ba27c76caf4817244dd1a308b68c7559dfe15471173466cf06e	node_modules/cmake-js/node_modules/universalify/package.json	
file	755	960	7c37493fcac8af6526f51f4d83606a733ca7ca3c7b943d1e9239bb30346b019d	node_modules/cmake-js/node_modules/which/bin/which.js	
file	644	3129	d9d32d45a01826692a1a0c70d40c6182aa0405713166ecd4a3bd3df68d3b90bf	node_modules/cmake-js/node_modules/which/lib/index.js	
file	644	765	4ec3d4c66cd87f5c8d8ad911b10f99bf27cb00cdfcff82621956e379186b016b	node_modules/cmake-js/node_modules/which/LICENSE	
file	644	932	7f6c78a58c464fd5a2142e42cbdc76677e7c0120fb523a2f90ed626dfa02acc3	node_modules/cmake-js/node_modules/which/package.json	
file	644	2413	506be25bd091b4ab8435714e0d8870af5672a6909cccb5548e1d158c92df2ef7	node_modules/cmake-js/node_modules/yallist/dist/commonjs/index.d.ts.map	
file	644	9914	ba0199785e5dd531ee9fe5b8a8f9903f85d3787de85e9c8ba358ea38fb367e44	node_modules/cmake-js/node_modules/yallist/dist/commonjs/index.js	
file	644	22191	4640c75687e44e7d9dc5f36f54e6459926078a2b96be97da4e0c5153bd922ca7	node_modules/cmake-js/node_modules/yallist/dist/commonjs/index.js.map	
file	644	25	8005a3491db7d92f36ac66369861589f9c47123d3a7c71e643fc2c06168cd45a	node_modules/cmake-js/node_modules/yallist/dist/commonjs/package.json	
file	644	2413	506be25bd091b4ab8435714e0d8870af5672a6909cccb5548e1d158c92df2ef7	node_modules/cmake-js/node_modules/yallist/dist/esm/index.d.ts.map	
file	644	9762	ddc4c2d4f599190677c553dfa9e4db28338283645508cb3db35aa2c6282b7af7	node_modules/cmake-js/node_modules/yallist/dist/esm/index.js	
file	644	22172	a1ec8e1ed48b54deca7a08f454107352817b41b1e11ca5008ae63b62d2546d7a	node_modules/cmake-js/node_modules/yallist/dist/esm/index.js.map	
file	644	23	3ca9d4afd21425087cf31893b8f9f63c81b0b8408db5e343ca76e5f8aa26ab9a	node_modules/cmake-js/node_modules/yallist/dist/esm/package.json	
file	644	1764	a49c9ba464796f65b59fca3f1e6ca40912df1e859f575383223f7ec6c5baae09	node_modules/cmake-js/node_modules/yallist/LICENSE.md	
file	644	1228	3d746a8eb8247be19cf92bf7dfaaa7cdd5a85efea9662d2b19ce598c2153d893	node_modules/cmake-js/node_modules/yallist/package.json	
file	644	1174	c20041aa9e1cc1fb5b8b50b8bc27021aad669d4f214c9190dac4fdbf10126480	node_modules/cmake-js/package.json	
file	644	806	1bc88166d71fb1a152e10bb717ac824b5d956a2bb1f6e632498bcf411f829b55	node_modules/codepage/bits/10000.js	
file	644	51465	513d273aef44a714a15fdc9719c756c6d750eccf6d8416723820c53db286559b	node_modules/codepage/bits/10001.js	
file	644	115076	d9744a80927059576691a095cc5bee626d27700e32e9d3bf35621d588fb5e3bd	node_modules/codepage/bits/10002.js	
file	644	82701	31f6cfc5408f6cf4d24fea0073bad60dbb72c676d243363b7571383cc1f8dca4	node_modules/codepage/bits/10003.js	
file	644	792	3331892ec87fa773e6c6eb2f075b8379d8b889e3d2745346d7e28e1f1d000069	node_modules/codepage/bits/10004.js	
file	644	820	621dc97ab5fc75f5081a28dd423d76a3400677e43bf682f044f3a4ca9785a131	node_modules/codepage/bits/10005.js	
file	644	789	9cf48cfa74d8302f9f05ae6cb9c723836dce1086505442eb391334d85a04f2bc	node_modules/codepage/bits/10006.js	
file	644	793	93dc383ddc6553908eadf54086b336953582abc64c9f21b997a6119fcf6838ba	node_modules/codepage/bits/10007.js	
file	644	75386	bc31cb5fe011f5b9a5cf03e6362b41366ed0ab2a229349f998c64f3aa203acf1	node_modules/codepage/bits/10008.js	
file	644	796	8250547fde3f3477dbd4e4d4ed6bbd1aa64ff2eee19f0b7f9be7d9599ca0298a	node_modules/codepage/bits/10010.js	
file	644	784	df9c17887192ddcea34f0bdc4c4c631c80e3077be4c5ddbbca8943ccde0865d1	node_modules/codepage/bits/10017.js	
file	644	892	04719465dabeda886073d4599faa672a99aa8684d4d392eafeed2efb71d0018d	node_modules/codepage/bits/10021.js	
file	644	795	90a23f6bc9eca99d4f05e4ee8b1e1ba173dae2d86b7d3311bcd20af64f4be18c	node_modules/codepage/bits/10029.js	
file	644	800	7db678937c876675f7d5c60717862245b96014cf53cfb09516ca142ccb9427f3	node_modules/codepage/bits/10079.js	
file	644	802	78070c84947a3248f27b75c695b775f21cc75c30fe847ea5169d53e79022eacf	node_modules/codepage/bits/10081.js	
file	644	795	56cd054a6fdf832f1e9833493e3e5f5a680f65978d200140e4c17f3531754a2f	node_modules/codepage/bits/10082.js	
file	644	911	7e67e22123d71ca6cbf61fde8fdfa39219144d79380fdd7012265a83113d9cb3	node_modules/codepage/bits/1010.js	
file	644	772	1aee26129d18375c117f9008912247e981c555efd49dd6aeea3778d32082afcd	node_modules/codepage/bits/1026.js	
file	644	772	0832712e853bfa2e84c2c2304a64fe05ec7dae1c4eae48b2c7c8bb1c41420097	node_modules/codepage/bits/1047.js	
file	644	896	d91bd8638a4ee21feb3c185db235c94067f8f74cc6eacb40826715868fefc988	node_modules/codepage/bits/1132.js	
file	644	773	04c7e7fc1dc42a12d2016dc5f98f0ff0da94afdcb76b24d6770d410357fa1fd5	node_modules/codepage/bits/1140.js	
file	644	773	6572ba6409dba560f759cf9f46d81392613832f3de7cd1c6e06114b02c7f1aec	node_modules/codepage/bits/1141.js	
file	644	773	0dbd167eda7c51a2968ef3909ea4baca07e69d2b2315a3eee207393212555051	node_modules/codepage/bits/1142.js	
file	644	773	b888ea28c0560322e6ea29ba65018bbde3ea382dfa15bd64fb493d24268592c6	node_modules/codepage/bits/1143.js	
file	644	773	e07f117a1400b90b5f039276a3cb5bd2909ce83223e6637d65d78eb65ac9b1eb	node_modules/codepage/bits/1144.js	
file	644	773	a2d03ad7beb21e1c5e407001fba59fa45d7943f3653feb4b5e410f022ec8eac5	node_modules/codepage/bits/1145.js	
file	644	773	0a35fea547da225539ab94dbb13e5682746db304e9eaadeac47d9d95cd70b7b4	node_modules/codepage/bits/1146.js	
file	644	773	91fd4b49611de0e274d81314399f9f163681ca56e7ac7bc189361de16ce0de5b	node_modules/codepage/bits/1147.js	
file	644	773	2ea263ec0296cc1fdc06b022d1f7ca320d215c24e73a54672ad056b2dd4d22d1	node_modules/codepage/bits/1148.js	
file	644	773	8e0cd71dfbb75d212f62a6d5d8f4fb8dd70d3ee25b846ede2e78b1b134d1fd2f	node_modules/codepage/bits/1149.js	
file	644	794	3855aa908001cabae8a149cf12c9e343eae205b3a81ff06eb8d87f4e90864ae3	node_modules/codepage/bits/1250.js	
file	644	791	a08f8eaea3ff3eb2b65661d1e8b376c11df0d9ce6f29167ea3a1c6a4add2b929	node_modules/codepage/bits/1251.js	
file	644	794	fe4d8a758717fff3e3e4af36b72e8d03ad94ef45b70f2f6e5e570ffbf0435376	node_modules/codepage/bits/1252.js	
file	644	807	c7729aac8aa14df79c30739cb731c86c894e238f76567483557239179a38ce5f	node_modules/codepage/bits/1253.js	
file	644	796	7a34216a61465cf124b6382cf513a06768f8f63d88c1557d63c9d005526f2eef	node_modules/codepage/bits/1254.js	
file	644	815	53ecb113fa4627f7705e7317459e5633fd51576de3e154645243a3c34a771529	node_modules/codepage/bits/1255.js	
file	644	793	40aacbf9fe5a73e80682b821888136cdc5d02376f56d71cf8f00f24f98f7e305	node_modules/codepage/bits/1256.js	
file	644	801	82928fcca93c57bb3ba3194b4464f1fa166adce65ec627c60833c051dae4dbcd	node_modules/codepage/bits/1257.js	
file	644	799	b0f3cfa6774b03bbdd8d6757d10223f2c5f386eecd921ff9ddf94e204c540cf3	node_modules/codepage/bits/1258.js	
file	644	104832	c370e7d1791e600ba644521939b990b04ed6a23a51d6791fbd8ccea1edfa1dea	node_modules/codepage/bits/1361.js	
file	644	87352	b3ed1fb297b3072674fcf410544be7d4b16dc904f04a76e91b7a69a8ea986b6a	node_modules/codepage/bits/20000.js	
file	644	98423	24e88dac5cc4c50f5b4bb85821049c9957299510cfd1239c9550e7a143a23ca5	node_modules/codepage/bits/20001.js	
file	644	75410	32356da7dba0ee203fba55d131a228cc7076c94310883357436d57b1d6e73e92	node_modules/codepage/bits/20002.js	
file	644	96593	bf3a2e1bf3ad7518735a7e29d036f93f0064be70b6f1ba15b1ecd84d92c03a23	node_modules/codepage/bits/20003.js	
file	644	87504	ad2d30d992d6d91b36577f00e85df7c443393502498bfa77a70ac29319da1721	node_modules/codepage/bits/20004.js	
file	644	101266	672d8f55b82864185e8201907ebb0b527a8b1a2c761b43260d435c05af01e0dc	node_modules/codepage/bits/20005.js	
file	644	900	8385ad3a8d090ed4bbf1a613c32520743a3690df8bd07cd8a4375b5576ad9759	node_modules/codepage/bits/20105.js	
file	644	902	bc67e21480f3018c1fb3db8c11ba8b71d6c86d0335c7ce748b20269ccdf977b2	node_modules/codepage/bits/20106.js	
file	644	905	1b0b78b2f6a7b6e178d08fdb747544a0711efaf113c8593881d0d07368d736ac	node_modules/codepage/bits/20107.js	
file	644	901	045686c05087187351bea8af06b7485036f5b1f333ade65a839858dc1b6b27b2	node_modules/codepage/bits/20108.js	
file	644	12643	3f8590a1b088d70898f3b29dcb52574778bbb4ecece13cb4359d2b6050d8966f	node_modules/codepage/bits/20261.js	
file	644	806	3ffec9d83227028df9e64ac1fa3b2a063f7ffc9153a33151afec5adbde4c1ca2	node_modules/codepage/bits/20269.js	
file	644	765	b8f8ada8477b6d128cedbe80ed79b267465b8781fd6882448c74b0660717dc7f	node_modules/codepage/bits/20273.js	
file	644	765	44b7e075c8634948032fff392e09477c1e536809f68d3cb3ad7141634602f4ba	node_modules/codepage/bits/20277.js	
file	644	765	6a5c9068b991af8a63ae3e7f58655455c9706793c9faa86e09666040ffcb0314	node_modules/codepage/bits/20278.js	
file	644	765	b9c6e6b5636f149c02409e6934e57d5670ced18e5914e895c8f03bf7a1b41b14	node_modules/codepage/bits/20280.js	
file	644	765	3b9776c6502da14df884fed826e7a02f953a69c842f87622477cdf39e04d9a3f	node_modules/codepage/bits/20284.js	
file	644	765	fd7800f71532e147bfaffd4aa92847d5fe30e42fef78787f3ab8dbd61e29fe67	node_modules/codepage/bits/20285.js	
file	644	857	06eadcefe553afcd18e988ef52b0c89c5d31e10ead69839e98e337f441d6a2c5	node_modules/codepage/bits/20290.js	
file	644	765	4feaa178c586dc88921a8e078c6538a140c6dcd8fefa521bf9c925a26d2facf8	node_modules/codepage/bits/20297.js	
file	644	855	f796124bf113d589a4d9b986abd0ec17172ddef57f0cce1e294b4fced55251d9	node_modules/codepage/bits/20420.js	
file	644	777	f6e27f605cf9c46093e66711dcbc304cb8f1c1d00755f0eeb4fbd62bfde16c44	node_modules/codepage/bits/20423.js	
file	644	806	73a0e802f599ec68b963c24dd2970e620dde65cff18f66203dac42a114bd2276	node_modules/codepage/bits/20424.js	
file	644	858	1e69fecd671784d881486b8231f4e6efb8f36a2a0be5e9e1fc44303c7a0b2090	node_modules/codepage/bits/20833.js	
file	644	857	793b0d9cec779259beb3e59e746add6d30b1d6dd1a6b32f47bd5fa64466cd1b3	node_modules/codepage/bits/20838.js	
file	644	821	6f727781e27b12203daf82b500315ef1dc4afba5384cc6f2775f318934044b3d	node_modules/codepage/bits/20866.js	
file	644	765	b71d46c119a78bb0b42f388554b225f7d7472e790c69b11af3f7193d3b6b5a6d	node_modules/codepage/bits/20871.js	
file	644	766	a7f1b245d36f3a44abb189ff9f41d24c5d66072eb0b1445f6cd0a0dbaccd706c	node_modules/codepage/bits/20880.js	
file	644	772	b844db9a08c6fc777d043f03bdb8f142c6c612ce292b57d1c1ea1650bc9a83ff	node_modules/codepage/bits/20905.js	
file	644	767	0f937b8e264dae4f6238354802235a1b479386e8080c816e216372eac697f058	node_modules/codepage/bits/20924.js	
file	644	85248	4589d73158daa8e38e68945d73683a9982e039280d6622cb2eb36cd8ce09584c	node_modules/codepage/bits/20932.js	
file	644	75386	c9bb408a988571a437919ced2b4f9e89124d5ff200cc0f1642ed8d1eb81eac6b	node_modules/codepage/bits/20936.js	
file	644	82701	bc564cfd6dd66f27dc6a451447f65136307e7b93b377459330ef10247e542d29	node_modules/codepage/bits/20949.js	
file	644	766	62fe8f12c7b43a2f3bb1c9d55d92dbdaad9b6884c2e2850870f3b23b68f8c25c	node_modules/codepage/bits/21025.js	
file	644	948	2827d76b742fa05dbd8bd97545d866ed1f6e546696de48e3da3635dc5ea3b475	node_modules/codepage/bits/21027.js	
file	644	811	751bf477ad7ec1d979a0d61970edfb432d5b6ae7d30f10d13d47a13b67fad048	node_modules/codepage/bits/21866.js	
file	644	773	878bd1dad852769624131ff4e00f0cf3ca76ec6ceea51a96c25398fcc3d3b1ef	node_modules/codepage/bits/28591.js	
file	644	773	3725c2920826da824a02b02c618812fcaac57b793e29c041938633454ada87cc	node_modules/codepage/bits/28592.js	
file	644	780	04e418339e71ccc9ac1cc5489bcdf396d74a72fffbe674d5dc90853ccc02f728	node_modules/codepage/bits/28593.js	
file	644	773	a98a93422105c3d3ef2d9783b40dd9405c565928116088129e4a25d9270b2516	node_modules/codepage/bits/28594.js	
file	644	774	18dd268eac40399aec0481398ceaadb3e82861672baf1641ad0bb136f8556a66	node_modules/codepage/bits/28595.js	
file	644	818	8fe5e7443f365cfd75514c8546cfd2b57a3b953cae74a8460930234f1980e4fc	node_modules/codepage/bits/28596.js	
file	644	781	c99d4ebd3ef533590f38874724b278fbee730cd6dd6f6aeae154eca7e03e0037	node_modules/codepage/bits/28597.js	
file	644	812	85e3da719a9568a186fdd8428bad98ab3f12f8d6140b8d15a2891bfa3d155c32	node_modules/codepage/bits/28598.js	
file	644	773	01f47417c4f668083f20946cf72611885b6abe0a8d42eef1e7c3aaa532609ee3	node_modules/codepage/bits/28599.js	
file	644	774	8c0e3ce694883607f2ea9121bb69f8eaacb2fc5ae60413b28b5151916db262c7	node_modules/codepage/bits/28600.js	
file	644	868	8bd78cf91f9f44881a65edb9bb325922b11afc1449a6aceba723607a1e6ea039	node_modules/codepage/bits/28601.js	
file	644	777	a32df43b8e48202ad3cfbd6c14c2363d41952057017e16580c6b49a90a5febad	node_modules/codepage/bits/28603.js	
file	644	795	391d18240af077009232f3f29bb6735f79460f7ff092059bf4c86593d97f270d	node_modules/codepage/bits/28604.js	
file	644	774	1ec49cc833ed6b4e5966211e3eb80907f6153970cb148677578f1ba99895cd68	node_modules/codepage/bits/28605.js	
file	644	776	fc9ef9747f0a51fa2270a5af4656f413cf16e79e31c1b2a196898a4e55d671ef	node_modules/codepage/bits/28606.js	
file	644	699	7a16dcf92b35e64b0df16bba137abd9b69b6f67afd9a6084d354750ab681590a	node_modules/codepage/bits/29001.js	
file	644	770	92250c5a98ed8e51859e0bde53813104e3aeb87910c8084fedb2e7fa2d74080a	node_modules/codepage/bits/37.js	
file	644	807	077b2c848abf3b5dab56a00d2b646e64de525cf7f973ffd020db827d5d7ffadc	node_modules/codepage/bits/38598.js	
file	644	833	a3341372a4e3bc171627b0d5bd8aebd29a1da340c3352cb2274aacaa29b63ab6	node_modules/codepage/bits/437.js	
file	644	790	149483cac55400d80414fdd186cdc38c0be84c8af7e4d850ad843cb59274e0dc	node_modules/codepage/bits/47451.js	
file	644	771	420d5e3d24dbacd86e3aa650402c549c0e90f70e81e5724bad89e8acaf113cc8	node_modules/codepage/bits/500.js	
file	644	179529	5653837ffe9b5fffcae0cbe388e59e43fb1f377829e08339b29c45e9bfdcea07	node_modules/codepage/bits/50220.js	
file	644	179529	68a570b1b7331b3febe7b322f642e82797b448f0c72527dbc4d0e5c8aa5c5c57	node_modules/codepage/bits/50221.js	
file	644	179529	5d4d660572832f8bc8decf816c80e265b63e19f09ad942e54e105ae156ae96d5	node_modules/codepage/bits/50222.js	
file	644	116901	9f6f211a5d669639ab1b883c54c08ea5aadff8be6e94856da520b0baf92eca2f	node_modules/codepage/bits/50225.js	
file	644	116824	f2a1c2fc5f5f21aeb467a364d9f996b8a17e8ef4f8c1e16832bea09b9e802924	node_modules/codepage/bits/50227.js	
file	644	77255	58c09302770b0f8ea45ca534a184b3ebc99d0d1740388d249f2cfb33ff2a2a38	node_modules/codepage/bits/51932.js	
file	644	116824	af1e622a969be90babb8c7b39174b216a7e31126c61574d6308ba689a0fe383a	node_modules/codepage/bits/51936.js	
file	644	82701	9581fa840aafc8acf1e53e28383f63ffda33ae37a8847a15651216cb3ef64c58	node_modules/codepage/bits/51949.js	
file	644	1856	0a3469b69628142364fe583b0c09c27f53380e623faee00c8e843f714f8af56e	node_modules/codepage/bits/52936.js	
file	644	116823	f3df9841cfea9b899ffb0b187cbfd1cd9cab7de99527284a2f2f098acffa68ab	node_modules/codepage/bits/54936.js	
file	644	16560	b6e8f4a087f146702c2dcf97ad4765384452e3391ff8be4f6a23df11800ff7e8	node_modules/codepage/bits/57002.js	
file	644	9190	c624050c66684c6ac326144a0e9427f0c54126eef5644ac5db39166f9c8a4e38	node_modules/codepage/bits/57003.js	
file	644	1820	d8ff31535b827678251e594e0469fae1ca09db7b0122390fb29a810a2597fb35	node_modules/codepage/bits/57004.js	
file	644	5506	389c0235d07216484c35b583cd5ebbe5103d5aac0035e6db9e4c71e217420585	node_modules/codepage/bits/57005.js	
file	644	9190	09b999dfcd4439c1fa9a270f47721cdaef3a369d85dc0c8feac510e5a551e821	node_modules/codepage/bits/57006.js	
file	644	8269	da0539f6f5425664f600f8e832b0df3ec116a1fff7e81e7a4d51ddaf10eee9c5	node_modules/codepage/bits/57007.js	
file	644	6427	13aa140176a836f0520ba46bd15f0a4d7faedf8f23126ec0e982ee6aa9e00349	node_modules/codepage/bits/57008.js	
file	644	4585	6ac3f3cd93a5cd8df4e9b4f6eeb0be4ef428b5fd99b3e08d3f20e59d6e7effc8	node_modules/codepage/bits/57009.js	
file	644	5506	3c1181810ca0b77d745b466e9ba623a4cd0887ffaf7cef9dcdf2d08becd23f5a	node_modules/codepage/bits/57010.js	
file	644	6427	a7fd9c5a9f0b73e81ed9f07f633dec075bc3f66f0b4475c1e2f7d48e6a408114	node_modules/codepage/bits/57011.js	
file	644	832	9c98e96ca85ab755e2ec1fc99c1e01065a34cb3a2a07d20b9493e1329b287a80	node_modules/codepage/bits/620.js	
file	644	827	5949fa3a243eac011dbd23f89bb918c99daa55928c8dac68020ac783bf70ea31	node_modules/codepage/bits/708.js	
file	644	825	bf00d6d749a5f6a84b33338fa7243c34ef05733c6bbb85d919240a790b29013c	node_modules/codepage/bits/720.js	
file	644	826	7731a53f98299ddadd0b70767e8f63e27ae1b546938444bcb4f2218d08ac5b73	node_modules/codepage/bits/737.js	
file	644	807	ae7c8501ad84882015b381e134a1531d7f1436926f0ac3a03cf4b4c62d2fbce2	node_modules/codepage/bits/775.js	
file	644	824	14170d0341a33f9f6b2807fa4eff2f71d442e64d7de49fc68116fbdbeb259fbf	node_modules/codepage/bits/808.js	
file	644	801	a14f4a735a18911864fdaa47f84b7dd75416f61cd8a078c0bb3287e5956a5cfd	node_modules/codepage/bits/850.js	
file	644	800	a4976c7407471c0215480f42305e65e8ff03ab53fb9acc5d6af7edd0812714b8	node_modules/codepage/bits/852.js	
file	644	801	1a0e6e0c1a0fe38497fd6742fa97724df278d7e17f93e0301518251e736b904f	node_modules/codepage/bits/855.js	
file	644	803	b5e4e10dd2c44723777991e9aae4bbbff3ba0ed28cd37dde29a9f06b781a3aec	node_modules/codepage/bits/857.js	
file	644	802	fc86a8f258117d816e403e5d29494cd8fe609d6de7a82148608c9e7a01858b5c	node_modules/codepage/bits/858.js	
file	644	832	8328f13a656105409111533add83fe3b7d583902691363b4872ef5e42584a4c4	node_modules/codepage/bits/860.js	
file	644	833	f4547651140f8258a6cf4e62c6ebf4c3077a20e069da06b5189d832dc1c89c50	node_modules/codepage/bits/861.js	
file	644	833	4cc45f6fc0cb944219cdee52b2d6a3c88df4b912d6bc9518119a92bbb14c9024	node_modules/codepage/bits/862.js	
file	644	833	8bd70133d098bb4a8e01dcc3d2056d9984968170980d70c9fd77a6ace13f026f	node_modules/codepage/bits/863.js	
file	644	867	029e29a78f1a9523bf4ab1e080a040851b080706e1e40812a76846911cdd91dd	node_modules/codepage/bits/864.js	
file	644	833	3c4fcf1361119350b55073609cc78dc9d294afeee3bf95e6b58a3a4fc3cdddbd	node_modules/codepage/bits/865.js	
file	644	823	d09175b7c82af4e05efd97972c6cc0dfb543ef7490fb01c973dda59534c5e9f9	node_modules/codepage/bits/866.js	
file	644	812	454e742387f67464c67693a5dd40bada4869d88e7a7d658ad5ed8fda82feb634	node_modules/codepage/bits/869.js	
file	644	771	df39c2b048d29bdae9547f5875bf9dd3929bdca6c3dc017c0594c439d7650181	node_modules/codepage/bits/870.js	
file	644	802	3209adf7ab1c8face85cd34b4cbda1cb63ce7cbaeb67dbe7f9aa59c6a20ff90e	node_modules/codepage/bits/872.js	
file	644	898	b146250462a20afcad563d0b934eff35f4608a38deab06ce25e255d8cb0cc423	node_modules/codepage/bits/874.js	
file	644	798	dabd511726852e527ebc0b3b7fb96cb7459c6525afe43226772464943207a79e	node_modules/codepage/bits/875.js	
file	644	831	f5baeb6a71fb731e9c3771e5db54232e8e9846465e6d654ce368af0bcb2d52e1	node_modules/codepage/bits/895.js	
file	644	42256	72cd40646cbb1194bd47b4b8480d2f2a298bda65609742f19f271604837fe08f	node_modules/codepage/bits/932.js	
file	644	116822	52d573aa2280947d5b85b0240bd7f8ff101e87cdeeca9d86a256e7d3d0a3d0f2	node_modules/codepage/bits/936.js	
file	644	114966	63d5c6e92d8f0b693fb012813f4cfc73d743711bdc830d424db9b3b1019ba84d	node_modules/codepage/bits/949.js	
file	644	80999	5c675f8ae4ad3d7077745373effefb49a6a21aa9721207f1f25d4302f83470f1	node_modules/codepage/bits/950.js	
file	644	2134725	c290d09f1286e1d8e3876a08ee3b363c6e6895087cea8f37c3018f30d78f31f5	node_modules/codepage/cptable.js	
file	644	20768	c1afedabdd37de6fa65ecb1f5a27bbfb09bbd382ded38889a3de11501494a1e9	node_modules/codepage/cputils.js	
file	644	471759	5f0cc8cc3c764e924a2877f32dcd93709756d0b6c26d2471bfd911ce6f8e81c2	node_modules/codepage/dist/cpexcel.full.js	
file	644	101175	5275b49e0506ad359608a951096d783c54a3c2e4b5809d83d414e9f8d9149eb1	node_modules/codepage/dist/sbcs.full.js	
file	644	11355	279ce5f639ecd1767f96948f9fbe6f0aa8145cb280cf98473fb366eab5e6de26	node_modules/codepage/LICENSE	
file	644	1066	c981c98089e65653b702ded570e6e42ee2b9f5ba120155807b1b4ed5e3221a24	node_modules/codepage/package.json	
file	644	384	ef305f85dfba93f92a699dd5372dea3e893cf95b4022cf150dea337ae598c50e	node_modules/codepage/types/tsconfig.json	
file	644	261	d854d5ad549b41d13350fca474c4f3f9982952d9b083a48e19929d5d50d93802	node_modules/codepage/types/tslint.json	
file	644	17040	7225058075157fc78115b8be998a2effdfc1e5b3316b004a130ee5f19303574b	node_modules/color-convert/conversions.js	
file	644	1708	adb610f9a2fbba92548161871075262496b563dcd0e5e8f5c20f562160a74b34	node_modules/color-convert/index.js	
file	644	1087	693866fc419c6f61c8570438ec00659d156ec2b4d4a4d04091711f5f11a365d4	node_modules/color-convert/LICENSE	
file	644	451	5a56bf5ce5ddd347644a5e7804435e583742717221d1c7024c75de766214c8f7	node_modules/color-convert/package.json	
file	644	2257	5f1420af4a106eaa68ed7b4bb5e46f47e0f251169e38841ec8262447e4691b5d	node_modules/color-convert/route.js	
file	644	4617	97dabd7ebb70c33c19ccfa6956377fc722d9769924903f42a3bede30d83a8592	node_modules/color-name/index.js	
file	644	1085	c064f7a3e353bc1bc977f3c897941c75ef763f44f41677e0a15370ca0853d6e2	node_modules/color-name/LICENSE	
file	644	369	fcae3844baef45d10ea5b3d36962c4bb517f6c0c0502da5dab6debc55c3e9359	node_modules/color-name/package.json	
file	755	3919	b76d04e65703660f18386c8446015dc7e3e47095769ac45f783c99154e1205d0	node_modules/crc-32/bin/crc32.njs	
file	644	3566	8450a98f18b8a24ed088d07d64c5134896e54079757f783945054167a9d2e75e	node_modules/crc-32/crc32.js	
file	644	3584	5ad325e444f5bf52764f0d8d1100e4a7b28cefb411821a8bd82c20851d8ffe86	node_modules/crc-32/crc32c.js	
file	644	11355	c542ba7851b5d39a5face477e47a27cb7c00a9759e321b66824e79718bffe1ac	node_modules/crc-32/LICENSE	
file	644	1002	9184d1399e063efb09fc7dee26278b56af45f36e7a45a28d40431b87c3d88140	node_modules/crc-32/package.json	
file	644	345	f7ff5aea489b787f15fd45bff352c0bceac43121a0aa4100fe013f6f4923e8d0	node_modules/crc-32/types/tsconfig.json	
file	644	261	d854d5ad549b41d13350fca474c4f3f9982952d9b083a48e19929d5d50d93802	node_modules/crc-32/types/tslint.json	
file	644	1192	b8e01cb18ba87ee1b0e5eb2eb1ce6cbb25a2bdd229f9e08671f8a10ed7e3ad35	node_modules/cross-spawn/index.js	
file	644	1471	0f9aab5c708991cf01d3fda557318c4600a46071138742ee8596244f7fd73ef5	node_modules/cross-spawn/lib/enoent.js	
file	644	3065	0a67601365a3ae413653c8c9d3c6bff2202861e1eb8b5d28bf46d4812a4465ea	node_modules/cross-spawn/lib/parse.js	
file	644	1383	5d61b2829e0e7912874e1e664146554d0cd02fd5524abf4ea59a879f0fc30675	node_modules/cross-spawn/lib/util/escape.js	
file	644	549	b05ba732e167fcf9a4fd67ebb4a5c28cca4712a36376c0b0f2e4e1d37e7f18d2	node_modules/cross-spawn/lib/util/readShebang.js	
file	644	1557	e525fe739aba01cf5eee6473df449cdda93df6266effa8eae0fcfb9a4e6c5de6	node_modules/cross-spawn/lib/util/resolveCommand.js	
file	644	1105	aaa78451b6fecd1b9c4594c796c133c0e90cad100372ff8bc6de615e9ef9adf1	node_modules/cross-spawn/LICENSE	
file	644	1275	ace296bdfdbd60c072885c0128dedb7c8b6bed19c4041c954784bc8946436eb3	node_modules/cross-spawn/package.json	
file	644	1139	3a61c6c96caf5c1d9b623fb9b04c822b783dfcb78aa7e49c76a3f643e6ed7f95	node_modules/debug/LICENSE	
file	644	910	85f3f142cda5b1a1ed18f4a5181a6c6b31b07a6d35da48dacc507586924c7ccd	node_modules/debug/package.json	
file	644	6103	19920671f5902f64ad8ea11767fa50ea9d7a71ae0b7dff7ba5693c0075afc763	node_modules/debug/src/browser.js	
file	644	6915	dbe83d2bb5837f3c4d7fe537b8004c585987270eceed5b06b8e078deb0ae214a	node_modules/debug/src/common.js	
file	644	314	aa127ff1752b7d9c7415c5c7bb6994d9aa722b81bcbcab4bd48316b013d23bf3	node_modules/debug/src/index.js	
file	644	4728	d7b26d7c92f8ea7794b77ce11f3c11cd18c9084df7c357e3c7025344fa28aac6	node_modules/debug/src/node.js	
file	644	47	3589a8446276886aa54f8dda47d0d12be90fb167925559fab4a906ddfca6f91f	node_modules/deep-extend/index.js	
file	644	4293	87aadac5b3cc8081b570a243c17c575c195c4ae642e98834495291fa626ed9d6	node_modules/deep-extend/lib/deep-extend.js	
file	644	1093	e17120ad3deff741c2ca5cbe511971ca33971a1ba6e49694c6498309bb2680b9	node_modules/deep-extend/LICENSE	
file	644	676	37e7d27966aff6ccc3ca6dee7cf8234226180705fd771bde8cbbc45cdeb30726	node_modules/deep-extend/package.json	
file	644	7323	6209c86115d1182e03d9a9be6bb114547885c9213dedcd232b7843f399c8b737	node_modules/echarts/asset/logo.png	
file	644	1143	7e537f41b0b1e4545eaad737d833ef2471c88431690a62d83aac6c84ce277858	node_modules/echarts/charts.js	
file	644	835	2a5164fcf8c0de3bbcfed4d11e7c6e37d6ebceadd0575b707143ff84ccaa7d55	node_modules/echarts/components.js	
file	644	829	c40d30695448336a18d80d6332259c2ee9dae110dc41d344aac7a6fdecb1b6ca	node_modules/echarts/core.js	
file	644	2532048	c848692d4c68106444bc261d70202d6c4255c9f492e21bbb985ef62ff230bc07	node_modules/echarts/dist/echarts.common.js	
file	644	5217388	13bd8742f2dc19d3cef2bd19a6a6690a533516f313c110267b23ba154a4f3a65	node_modules/echarts/dist/echarts.common.js.map	
file	644	715020	61f13280aba3161f77fc801bf5f9c786f55f10432153a0683fc5cc0700b013d5	node_modules/echarts/dist/echarts.common.min.js	
file	644	3465206	a5a77732e2934099baeb4d972912a443c2fb6eb32ecde46c6654561368f44b76	node_modules/echarts/dist/echarts.esm.js	
file	644	8101110	a43f4ac87af6fd88ef2e158577c767a40ac936db2b389439ff38afc61f166c6c	node_modules/echarts/dist/echarts.esm.js.map	
file	644	1121654	28515f26aa57f87eb1e4ed4eb446927eaf329b5f5e02b4bfd4b0264fea40d1da	node_modules/echarts/dist/echarts.esm.min.js	
file	644	1121654	28515f26aa57f87eb1e4ed4eb446927eaf329b5f5e02b4bfd4b0264fea40d1da	node_modules/echarts/dist/echarts.esm.min.mjs	
file	644	3465207	c15d5af94babaa46220140af06d335737b674b5ba9592dcd1b394a5de3ff4bd4	node_modules/echarts/dist/echarts.esm.mjs	
file	644	8101111	e380b49eb955425421e40d2bd24576061a1c9b86f5816a0d65dbdab33929ed79	node_modules/echarts/dist/echarts.esm.mjs.map	
file	644	3847293	c81234d96e466452a24e4d550b3a6b2740584c0735718b9a59f75e43ff2ee04d	node_modules/echarts/dist/echarts.js	
file	644	8101179	04efc4a80a2fc46a7ed39a795a7e47e6ca035d01d823c6f08d36847e67c755ea	node_modules/echarts/dist/echarts.js.map	
file	644	1121883	b66b25aeb4df84e33199dc21694014d336d222cbd9deb0e5a7c14bd6aa0d0fd0	node_modules/echarts/dist/echarts.min.js	
file	644	1825712	885805024ffafdb0addd48e380e9aec2bc15d0aa5e0305b1c22517335fe73bd2	node_modules/echarts/dist/echarts.simple.js	
file	644	3765863	ad0ada6755535846aee03d93050df4f8075df5116f71ee3129ee6fb82caf22bd	node_modules/echarts/dist/echarts.simple.js.map	
file	644	500315	5eef51bee09fb9cc234c4179a58ae0150126f49f88c992efe2d6bca81d8dd03b	node_modules/echarts/dist/echarts.simple.min.js	
file	644	13685	255119cc6ccfb6bef6d6ecf7468dce55ace7241e456f6446d933895f7673208d	node_modules/echarts/dist/extension/bmap.js	
file	644	32285	803a1b7a859ee96067394076d8f634add77927aa1b2f1691f68895c4924e5aef	node_modules/echarts/dist/extension/bmap.js.map	
file	644	6240	c317a79bc8da28f3de7d5ba11cea6f13f9ebac1e6adc3c99c54703750e8981d8	node_modules/echarts/dist/extension/bmap.min.js	
file	644	14189	887573bdea34fdbbb7ecdfdb17355cf1cc34db4ffaf327ad30fd689230e43a96	node_modules/echarts/dist/extension/dataTool.js	
file	644	40929	7a4679aa32a603991bc02a8455f63e9cd524ab9eca833e512de53c0210024de3	node_modules/echarts/dist/extension/dataTool.js.map	
file	644	4423	92d5f7d6c7b571ada0d6a0b03d0427e40f6d56ef8d25c1ac9545b77df79263e4	node_modules/echarts/dist/extension/dataTool.min.js	
file	644	26	6392b0b0c1a4294137c5ef23f9d9e25b92c45bf3dafcc3e30008d1f3a2aadcf1	node_modules/echarts/dist/package.json	
file	644	2207	1fac6b38bf3b098c1cbbe990a0f5c66a5bfb5360cf7372dc6901f3169506286f	node_modules/echarts/extension/bmap/bmap.js	
file	644	8550	f44d9ea87f93f3418236b83e9a957aa150af92da948e9da962a86632977811ed	node_modules/echarts/extension/bmap/BMapCoordSys.js	
file	644	2733	040a1b4efea96fa8d44e523a44511eaeeaf16b0e3d153d8fa177e6b223101753	node_modules/echarts/extension/bmap/BMapModel.js	
file	644	5171	81a3356d7beffa908004218637e0510140d14a1afeae2c787f0ee22e9777f8ea	node_modules/echarts/extension/bmap/BMapView.js	
file	644	6656	3756d66f1ec0303bb578e5f32d0c0732a31ae732e3fbb10a0fca4158a5531d48	node_modules/echarts/extension/dataTool/gexf.js	
file	644	2395	8159886e908fe5f5ec6bc6d37f68de269e0c1d3103c4aa0dd8eafc7b1e8acf26	node_modules/echarts/extension/dataTool/index.js	
file	644	3902	d1dea34f8aeb7caef13f883727920aa2e4c1702618022064f71518458a1a1a05	node_modules/echarts/extension/dataTool/prepareBoxplotData.js	
file	644	833	169edda97ab7f05d139193c433937cdf31da8ba256123b7a9f56d657f0aa8a46	node_modules/echarts/features.js	
file	644	5885	2d6792b49edcab6e7d14cb928e73b02d8d868aa9dda70023459480a74c611321	node_modules/echarts/i18n/langAR-obj.js	
file	644	5859	cb9cf1eac4177a06237458295f890b55a59faa5764333b255437e0ed8d5d61ed	node_modules/echarts/i18n/langAR.js	
file	644	5211	4cdaca211fad7d48f9129130210908ef3b5088f54599af93909c1ab4cb12dbbe	node_modules/echarts/i18n/langCS-obj.js	
file	644	5185	b4043c1b7d65daee3471f6dd7b6febf28d1bad895c9cb9f2eb4ec3dc93ca2a27	node_modules/echarts/i18n/langCS.js	
file	644	5254	76b51509858693c917c418e39326f56079e8bae6fd27ae0d705c6fc3e6493856	node_modules/echarts/i18n/langDE-obj.js	
file	644	5228	cdffb33d79a85f21765e32716112086742bfc0d1c6cf8be01171d1d2e9a89080	node_modules/echarts/i18n/langDE.js	
file	644	6516	a6f8bd6ca96ef82e841b4c514e2d1926575fa096202bfc1b7da7a64bd581d64f	node_modules/echarts/i18n/langEL-obj.js	
file	644	6490	af4726cc79931e800165ecdd5a713e94bfca2d33a1cc24c20e087ddbf9ebbdd1	node_modules/echarts/i18n/langEL.js	
file	644	5066	42ece8d60b0fe0aa2eed84ee9c1a5017ea4a7d83b0379385cabc9b3b965f1696	node_modules/echarts/i18n/langEN-obj.js	
file	644	5040	58c4e62edd59e39e730deb563b88a6f47a10cc23bce3190f350a5ff34d9ef32e	node_modules/echarts/i18n/langEN.js	
file	644	5305	2a034e39125f431186db59fea6e8f4b3dc5b98493d67e3b5869d39c748a78c81	node_modules/echarts/i18n/langES-obj.js	
file	644	5279	3ca918ad38a7c6a48219d98208cbbddd3fa9bdcad178bcda52b09337a91115ce	node_modules/echarts/i18n/langES.js	
file	644	5722	6941b22ec1aa77d5d413d3896794e204275d63eb5a98496352f50dbb33acfbcf	node_modules/echarts/i18n/langFA-obj.js	
file	644	5696	79aaf465cec7b3ef4e38766c6e79b86939fb288b82b11205d56a2235fb940f05	node_modules/echarts/i18n/langFA.js	
file	644	5233	2859e16e8ec21834d83f2c4ef6893dfc02e96dbd88c1d5dddfe5a3cd28417141	node_modules/echarts/i18n/langFI-obj.js	
file	644	5207	4263cd0dfcb1304581427db1a7f4fe7aa592484377e7e24ef480e4e72273cd93	node_modules/echarts/i18n/langFI.js	
file	644	5256	d45c4f79f6e3a2f1a7e09fe745fc381286489bd677bd0af339035299c34c63e6	node_modules/echarts/i18n/langFR-obj.js	
file	644	5230	b754ab555ef9c5df6afe4baa8eb78274249c395165ae49b4a71e084919711ec2	node_modules/echarts/i18n/langFR.js	
file	644	5294	d968f552512628728acea36ded99b4098e4be8ed2aadb3943c758aa2a47714c9	node_modules/echarts/i18n/langHU-obj.js	
file	644	5268	01984aec49d513cb5c47a61d359f04748358b0ed181f90a2c049cddcc2e68393	node_modules/echarts/i18n/langHU.js	
file	644	5263	d8b8fabf2f8d93d621af8424c7e44086cecc9cec107577c67249888e9d9d88da	node_modules/echarts/i18n/langIT-obj.js	
file	644	5237	50ed25a2299dd91e66554211203d3b6c64568a2889c5237603ab57a80855674a	node_modules/echarts/i18n/langIT.js	
file	644	5550	d02c200093ee98d3e1e0c87da57a80ba951ee332f10fde9680a3890744f26e13	node_modules/echarts/i18n/langJA-obj.js	
file	644	5524	0c2b4f6c8bfdd662d6a018322edf42786feba551fc0adf8914fbe9e898915375	node_modules/echarts/i18n/langJA.js	
file	644	5382	ac44f46d72a7543fcb784e72397fc2399c6fd1f95b7f9021a4176a32942c5971	node_modules/echarts/i18n/langKO-obj.js	
file	644	5356	1299ac7f4a78440064f91f6faeb7cd17a5e28ef6f96d5959c84e7f4fb2f6591d	node_modules/echarts/i18n/langKO.js	
file	644	5340	057b2b0a1916b369a0b2854f7b1b4e387192bec1b37e752e3ef7c02abb881d0e	node_modules/echarts/i18n/langLV-obj.js	
file	644	5314	62856ebfd20502f7bdc3b2cadd3853a462189a7edf0f5c217499fc255b413d6c	node_modules/echarts/i18n/langLV.js	
file	644	4511	61512580ca449ccbe953c289fb65477fed0bb1af98dea5b12b2409bcf9a0097f	node_modules/echarts/i18n/langnb-NO-obj.js	
file	644	4488	35483f490fd74c2569f4e5660d3e1534c322d4bc470ea9e20a51e7bec1d7bbbe	node_modules/echarts/i18n/langnb-NO.js	
file	644	5314	9f8b5631b2da48471ff93568eadb0d83a7bf849741393fdcc68409ffcd0cae75	node_modules/echarts/i18n/langNL-obj.js	
file	644	5288	dbaca0b478a8aa6a631e39ef9828a638f0b72c0e8e11246e8bde16426d104051	node_modules/echarts/i18n/langNL.js	
file	644	5445	2bac0201642c57a4e0b1f7d478e21834982dd34250fbe982c3620b41e1b8fa68	node_modules/echarts/i18n/langPL-obj.js	
file	644	5419	0c5f10ac6e53a8b7dc7eaccebd9eaa634ae521209a62c1dfe532d0a1970f3256	node_modules/echarts/i18n/langPL.js	
file	644	5404	9feef4d9db5a9321d785af2384712a84e77276e32caf8738a7712ee49501e0f8	node_modules/echarts/i18n/langPT-br-obj.js	
file	644	5381	08aec4fd8bd7bc3b166b4cec1f89243a8a9095fbab7236e20c5156beb3d2e7b6	node_modules/echarts/i18n/langPT-br.js	
file	644	5390	d9cc925caa3268606f2d25839222d07cbb7f08039a12497b70be20e41437c038	node_modules/echarts/i18n/langRO-obj.js	
file	644	5364	7babcd2fcfc4ea0655183dff935438148f4ed59cd71010b69cc4c71c1d5564f2	node_modules/echarts/i18n/langRO.js	
file	644	6268	0a4d80522400de3b797494c58b94dc11b0de9580926a20498e2dc71e2f7bb8fa	node_modules/echarts/i18n/langRU-obj.js	
file	644	6242	c1a77ec7435ffe4f4fe77eb9b9b45cd4b3d2b718084c713504922438142732a6	node_modules/echarts/i18n/langRU.js	
file	644	5258	d426910be0dfe162bfa28589fe53cc2cd4a5db2471383eaaa38a4e1a1bf5b3c6	node_modules/echarts/i18n/langSI-obj.js	
file	644	5232	cce506f9503155ccac434decb585df1a20efe6dcc67531756cabbeef35adef36	node_modules/echarts/i18n/langSI.js	
file	644	4836	f48b0dc5f0c1e0186f27080bcf35518c33008c47f57d34ff3b94ef725ede09c7	node_modules/echarts/i18n/langSV-obj.js	
file	644	4810	556aff05c719f9408e69da5cdeaf620444e8441ebf7d280aae77da79f3010c2a	node_modules/echarts/i18n/langSV.js	
file	644	6887	4cedd6a21a0523754429716aa16b6e40b057ef855456f9e459a623d9d61120ca	node_modules/echarts/i18n/langTH-obj.js	
file	644	6861	644dca3d6871437c99f741d3ec2fac23210c272bf2666936346bf71aabeacca7	node_modules/echarts/i18n/langTH.js	
file	644	5343	2693f93701f929f6eb91e228e61b58e1641d39659257e21092e20a1d3e553d03	node_modules/echarts/i18n/langTR-obj.js	
file	644	5317	244b44a4ddf4e4237bcec6b798a4b1e1ec715bbeda801366bbdf63863d4e1f2f	node_modules/echarts/i18n/langTR.js	
file	644	6201	24f303f86069d705121b810d003e4c7139aa419241a28b3ffc7596dc2954869f	node_modules/echarts/i18n/langUK-obj.js	
file	644	6175	22ac671fbd815cfa9a6fa3b18956b5a5c3832b566e35cf8fef5685fc48335639	node_modules/echarts/i18n/langUK.js	
file	644	5001	2fd5d337229bcc02bb16d603dc06fe8b53ca4091018350c84568249e62cb4b70	node_modules/echarts/i18n/langVI-obj.js	
file	644	4975	39d19c66256c181ccb337d068302ce3d4011b4dfd4f10aa365504c8a29dfa2c4	node_modules/echarts/i18n/langVI.js	
file	644	5092	92c2326ad68dbc07dda6fd6d43b0d3d04c7fa6c87fde83fc973a63d9a4b10851	node_modules/echarts/i18n/langZH-obj.js	
file	644	5066	c272196abf2b3d7f1b4e85b2ab26c8956fa35009a28f33f8824fcc28befee88d	node_modules/echarts/i18n/langZH.js	
file	644	26	6392b0b0c1a4294137c5ef23f9d9e25b92c45bf3dafcc3e30008d1f3a2aadcf1	node_modules/echarts/i18n/package.json	
file	644	1666	87c3c690d3b2cbb91d03a060ba4732777874d416bb8982461e30ee337276c1b5	node_modules/echarts/index.blank.js	
file	644	3686	8c588595215681975be7a03bdcf0ad267bc9b2e872c1987c050b241ea8662e9d	node_modules/echarts/index.common.js	
file	644	8594	d106376a51f793c9d865f3883bbbc06690fa7dd9b9cc51e9d8c790a2502949a9	node_modules/echarts/index.js	
file	644	2365	e1c81a4529b7786710a2190f2b5fcc26f13f6ea98e0e351a9c2b89b719092d7a	node_modules/echarts/index.simple.js	
file	644	27547	2cb2ec4f779e8b291257630234f0828bf1f6f4a91e163e4ff83c0fc2503cd86b	node_modules/echarts/KEYS	
file	644	8623	3e3398094f7a68845f0ac58de68a2b06602e16c13e202ae404eacba455869bf3	node_modules/echarts/lib/animation/basicTransition.js	
file	644	5307	6cb49969f32a33a3433c1d6801a2e514da8f3d7713a78c9448c9bbc3aefac67e	node_modules/echarts/lib/animation/customGraphicKeyframeAnimation.js	
file	644	18708	474e3836715615b0b7f371b92c87b9ab33dbb5c9f7b36076055b23892febc455	node_modules/echarts/lib/animation/customGraphicTransition.js	
file	644	7122	4f2fffaa579b410b9919514326c8520b7008d64d1a5170d260139703b68dd14a	node_modules/echarts/lib/animation/morphTransitionHelper.js	
file	644	24700	7d79ce09a798535a7e127f690a2d66fb210878c3eb7d84fd4e291791387f9c73	node_modules/echarts/lib/animation/universalTransition.js	
file	644	3969	19bf32c58eb74f6b3b80c83274d7914ce16523517590c83c1676612c2f216ccc	node_modules/echarts/lib/chart/bar/BarSeries.js	
file	644	34640	c56d51840e10f709d8799a43d1af62f0f7d08920daa643b45bc658f8f51f10df	node_modules/echarts/lib/chart/bar/BarView.js	
file	644	6436	bc7a1f953e5e95c0125155ed16addf7bbc47cd8a560eb215039e0b6569795f34	node_modules/echarts/lib/chart/bar/BaseBarSeries.js	
file	644	3221	4b74ccffe92fe3d8ee1b23fe8d5f22e675966156738a78aa0c100c8b109bb9b9	node_modules/echarts/lib/chart/bar/install.js	
file	644	2462	526bab2f92da3f407bacaf9240314c486c529321d3cabfecf7cdf8fac74a7bdd	node_modules/echarts/lib/chart/bar/installPictorialBar.js	
file	644	3616	053a8688db83e2162b85d928fea654f9d02c2ad7309ba5b200ae960d1f40a350	node_modules/echarts/lib/chart/bar/PictorialBarSeries.js	
file	644	25931	56873381ecd76079ed3f21ffaeb38e7ad4e5839eb626ad04be259dfeff3678cf	node_modules/echarts/lib/chart/bar/PictorialBarView.js	
file	644	1729	2a457b1313c33483d940378b365bbf65999f31260ae0af6b855cec8e80eefc64	node_modules/echarts/lib/chart/bar.js	
file	644	6881	dc3989024c48d446411a963e285b1057354c052d6e3ec10bbe95478c8cb4fab9	node_modules/echarts/lib/chart/boxplot/boxplotLayout.js	
file	644	3588	4713e6accf3e2d99e2c444e8c63d24146d465d5af45ecee6b39ae5026a06f23d	node_modules/echarts/lib/chart/boxplot/BoxplotSeries.js	
file	644	2475	a08586015406f8695f9035ad6ab572401107841ca1dee0b173f33d35525e9399	node_modules/echarts/lib/chart/boxplot/boxplotTransform.js	
file	644	7501	8aae4a357dd29f1cfee075c97185a9a0cd2d7823ba8def561403d59f6734f6df	node_modules/echarts/lib/chart/boxplot/BoxplotView.js	
file	644	2162	f1c39396f58358b8a65e0e4618276b2221a60ee8d0485a1777f7780e5b3e34b5	node_modules/echarts/lib/chart/boxplot/install.js	
file	644	3569	d7a7a7778e02119a0a5c11ab71d9f43a4320a6081e57b3a066aa17f3dc4d9bfa	node_modules/echarts/lib/chart/boxplot/prepareBoxplotData.js	
file	644	1733	17581bead15d06fc8bbe5b92465af202675005a741d621b4852cfaa6ca22c949	node_modules/echarts/lib/chart/boxplot.js	
file	644	9395	a52b0158444f8554d80fe0eb5f92f7a46063bc7ef1e7c28ae10e6ee44b06753f	node_modules/echarts/lib/chart/candlestick/candlestickLayout.js	
file	644	3903	5eba63032977825c71853af366b66390d231d5289fd8d67b8ae640cf29eb740c	node_modules/echarts/lib/chart/candlestick/CandlestickSeries.js	
file	644	13362	05f839bbaf80a257e5ec694c447c3964d874a1b5597907894dcfd2bd44a26d07	node_modules/echarts/lib/chart/candlestick/CandlestickView.js	
file	644	3365	92e59df2bdbcf17831e8f31cb45add5fec2e886d1800221ea4468c9beeecc43d	node_modules/echarts/lib/chart/candlestick/candlestickVisual.js	
file	644	2272	a2c24027f53ac38122c2a51ab35d90b343a6c38f74bd535707e1580f708a02cc	node_modules/echarts/lib/chart/candlestick/install.js	
file	644	2094	ff2aadd8e0270c6b058f6e47dd276751832d041ceb4d11d854abf958dff8e575	node_modules/echarts/lib/chart/candlestick/preprocessor.js	
file	644	1737	e562980ae5130a41acff675473800b1f4b999564b10983052cede2850ac45ace	node_modules/echarts/lib/chart/candlestick.js	
file	644	6822	7348181cd4fcdb8181601e7c3651d3831edf39687435c7b31f1509a34cb867ea	node_modules/echarts/lib/chart/chord/ChordEdge.js	
file	644	9753	e02ff34d9c7971629058342fbc674e6f7f06bf40dd090577271a85acfd3645b5	node_modules/echarts/lib/chart/chord/chordLayout.js	
file	644	6020	95299ab9bf61ddf30e3828dbf8d2592d855e8746ab2eb9d7751a549c3e10fe3f	node_modules/echarts/lib/chart/chord/ChordPiece.js	
file	644	6685	3ada1fc090fc0da3c89fbf0ea2c90b3c694d9cfc3557666457407d6e6db62dc1	node_modules/echarts/lib/chart/chord/ChordSeries.js	
file	644	5511	4c54112249c3e00b244db3124fecc2075ad9b6280c454c599c334005c074b361	node_modules/echarts/lib/chart/chord/ChordView.js	
file	644	2166	ba5126f6659b9111be63b7090a294d5a35d0e8501ed90548d7a163dc8d7e8785	node_modules/echarts/lib/chart/chord/install.js	
file	644	1731	eb9b2e1ad89610c4e1e32ea1191fad66c1c11c18185e51ea31da1344756e8ad5	node_modules/echarts/lib/chart/chord.js	
file	644	3719	a4ba9e7286f85428b1f928d32d5dffaa796affefd6c117ace812df145c41a2ff	node_modules/echarts/lib/chart/custom/CustomSeries.js	
file	644	1829	2834e943e0c04119c2b8f23b3d663867cba9cf6808b950e19dfa165ae4287a71	node_modules/echarts/lib/chart/custom/customSeriesRegister.js	
file	644	41231	bff74c53307967dc67fa22c6c41861ebea5a5c0a9be0bfdbc0623b809570b75e	node_modules/echarts/lib/chart/custom/CustomView.js	
file	644	1869	72c45fc31d7f0575b78d59167e2c6aaee6526d97b440f26b278a4f666a6c22f8	node_modules/echarts/lib/chart/custom/install.js	
file	644	1732	18795d442e36be599be075d3f38022d7bbdf795d7db751252c6a4c1f7431a996	node_modules/echarts/lib/chart/custom.js	
file	644	3665	e31f5b358b81ded29d4893b603f7c315ed8bee05e4e2d9dd45eb4d73d451a1e8	node_modules/echarts/lib/chart/effectScatter/EffectScatterSeries.js	
file	644	3759	b16de0eb4f2e119084a2f27632fc6af4b3cf794d117cedb60083a8d63cddc97b	node_modules/echarts/lib/chart/effectScatter/EffectScatterView.js	
file	644	2011	5eccbdd74bdac125aeda0ac7cbc509a3c4bbd910260bef4781a239adece84190	node_modules/echarts/lib/chart/effectScatter/install.js	
file	644	1739	6f7c91622b1bff53e793b031ee58d1ff6411a81f19295f672cf561a48c5ebce2	node_modules/echarts/lib/chart/effectScatter.js	
file	644	12193	2b6eae933957c353ea6c4cc0707a665dea8ce4e6a6769876dbc0e6824f5cd6f5	node_modules/echarts/lib/chart/funnel/funnelLayout.js	
file	644	5233	d5b1d06e9ae3c035f12c0e07cd8ffc8a69febee91a2c832667d12b1972ddf41e	node_modules/echarts/lib/chart/funnel/FunnelSeries.js	
file	644	7082	153d4dba4f0b0e1d4b828c363f912d01a5efd857a8409b51951428cec2a99196	node_modules/echarts/lib/chart/funnel/FunnelView.js	
file	644	2118	99722de826d73d4bf9837c438c1ef98caabec9b1bea92b4af34a89e799bb3c97	node_modules/echarts/lib/chart/funnel/install.js	
file	644	1732	b3d42c61f4b95abd4e20d8931ff26e2946c55d03d6dad4ddd57365280b6b27cf	node_modules/echarts/lib/chart/funnel.js	
file	644	5307	32642a043333e860e3783598079b9dff71ed7146a9c913738085717091257fbc	node_modules/echarts/lib/chart/gauge/GaugeSeries.js	
file	644	23197	67515c8d702935c96da0c5b4fbc95f3e0f863b860613846b35adec05397328db	node_modules/echarts/lib/chart/gauge/GaugeView.js	
file	644	1853	3349c1c245150bf96eaac8826cfc9b24252939e1284d6eefc90f45ff367c36ce	node_modules/echarts/lib/chart/gauge/install.js	
file	644	2962	bf6449770fa7f3087ddf5665681de70492a71c7116ddf59b358b6cae04e76d25	node_modules/echarts/lib/chart/gauge/PointerPath.js	
file	644	1731	d3dca6343dad2b490075613a0616d9bd04eb217c61d50db5010fb05fad4ad1d6	node_modules/echarts/lib/chart/gauge.js	
file	644	6056	f602ab25f82cf8f3c86c4c5729ee79dc5baaa92552d393480be433cdae6930fb	node_modules/echarts/lib/chart/graph/adjustEdge.js	
file	644	2883	419f1ecc2ff1a5b42eee12f4553caa81acb0689f9b959b48c60af7fb45d6dda8	node_modules/echarts/lib/chart/graph/categoryFilter.js	
file	644	3888	5d9b23642d665fd0715cbc4bd1ecdd293d20f4a29091efa297ebbd913d190245	node_modules/echarts/lib/chart/graph/categoryVisual.js	
file	644	2151	10956459aa2f1efc9405a03f8e966475c0386104bf66db75760c02c628819024	node_modules/echarts/lib/chart/graph/circularLayout.js	
file	644	7102	83f30825c770b4f0fc8af7b6808ce63990534a85902f7ae9ebd586cf38417c62	node_modules/echarts/lib/chart/graph/circularLayoutHelper.js	
file	644	3840	27c52db6f173d78b5e0a9109ca14f0c6917a1ba2fc444498d513261c260d567d	node_modules/echarts/lib/chart/graph/createView.js	
file	644	4009	c7888084ffa98aaeffa68737814081c6ba66ca3ae4f36f2f2bbbb20d83ed4932	node_modules/echarts/lib/chart/graph/edgeVisual.js	
file	644	6105	bbc27ca07535560ef0fad27f9a88e12a80e4ff5f17f2258395e0becfab612372	node_modules/echarts/lib/chart/graph/forceHelper.js	
file	644	6832	b2e9ca4c85818d7a1d6dd3e0fdb8af43c863f4380675f2e455c3ef8d6f156ff1	node_modules/echarts/lib/chart/graph/forceLayout.js	
file	644	2281	ff04463e916c935a3c4acecb52b2d2bef789f1edc92f40bb42207bb35657a12e	node_modules/echarts/lib/chart/graph/graphHelper.js	
file	644	9859	b4cb4109e7507e70072699f9cb52a24c8dae36690cafcb2546e4286df0117a06	node_modules/echarts/lib/chart/graph/GraphSeries.js	
file	644	12212	7d239d5823e240713d5354cbdec530f7fd6427670656f0722667bf1924b35ce1	node_modules/echarts/lib/chart/graph/GraphView.js	
file	644	3500	e77998b3a8624bff6ecb1eda7280ec85ab541e6318d210efec6812a4e95c0b3e	node_modules/echarts/lib/chart/graph/install.js	
file	644	3226	80c29fe11de58b4747d829996ef1338f736a95ea2ea05c76309780694c5fa48f	node_modules/echarts/lib/chart/graph/simpleLayout.js	
file	644	2728	3007104017a93aebb44c5efde3b9b96f149770bacb4ed96f69fad486de05e914	node_modules/echarts/lib/chart/graph/simpleLayoutHelper.js	
file	644	1731	d9a4eb7e67293abdd4f881ee11e0835fad26069b3a33e9645ef8ece7f0ce36fb	node_modules/echarts/lib/chart/graph.js	
file	644	6149	27df37824b9a881c8d02a9215c46566d72935c1ffd109e6fc00ba3365ac46cc4	node_modules/echarts/lib/chart/heatmap/HeatmapLayer.js	
file	644	3226	a73e8f69557bcafaec54deedf67b3dfd7695666febefe66602d5e29b49a7d8ac	node_modules/echarts/lib/chart/heatmap/HeatmapSeries.js	
file	644	12997	544542a21362debcb67662f1baa9ebc6ac34acdc194e67bf6f3908897bb3c4bd	node_modules/echarts/lib/chart/heatmap/HeatmapView.js	
file	644	1865	632b3d440283ea7d249acfe24a510b46e5883e017ff89498f43990db1d617bfe	node_modules/echarts/lib/chart/heatmap/install.js	
file	644	1733	54907174b2d8938d4f2175c33cd834d8b81fb5688039ff618c80deb7f6bf74cf	node_modules/echarts/lib/chart/heatmap.js	
file	644	3648	8fb35b40f50d7ddec27372577d53f10a23c416b635b30ed89e06ffe25d0d984d	node_modules/echarts/lib/chart/helper/axisSnippets.js	
file	644	1677	8704acd9539aff3cc4b2740be67b7814e9d48be947aa08eec851604ed4f22595	node_modules/echarts/lib/chart/helper/baseDraw.js	
file	644	5370	1482f74aa63e5539005c73634ae5de76b6e9a183a7944d2e1247cd530737a66b	node_modules/echarts/lib/chart/helper/createClipPathFromCoordSys.js	
file	644	4252	23a176f8fd432cc41946eb5c25bc7843d5e7d257652ee12889aad933f664404b	node_modules/echarts/lib/chart/helper/createGraphFromNodeEdge.js	
file	644	2554	95cdcbb79f8207a3a3187997f85831a0a0cdb52b6c491569e7c83e8b3cc71e29	node_modules/echarts/lib/chart/helper/createRenderPlanner.js	
file	644	6935	804cb73d9bead68eeb35189b2957dbd3911fc147d5020e606d9075a8d0915cb1	node_modules/echarts/lib/chart/helper/createSeriesData.js	
file	644	2413	20a68e6864564bfefaf60b31b667b93d551b79d03b62762117f00b0eb2aeba99	node_modules/echarts/lib/chart/helper/createSeriesDataSimply.js	
file	644	8053	1c67db5f32bc341d83654139e02eaf22710862f471188f8909070a42e1ee11ad	node_modules/echarts/lib/chart/helper/EffectLine.js	
file	644	4352	200f0d796824b7c684f2f80f65933dbd7006a722fad95794ec54d704527810a6	node_modules/echarts/lib/chart/helper/EffectPolyline.js	
file	644	7727	43bdcfc83a2f5191661429465418401bf8330dab5527151e7d8a57f5d9f8fa62	node_modules/echarts/lib/chart/helper/EffectSymbol.js	
file	644	2189	e0224c27646d101a67bad791ddd4677bb8ff72fdf301d3dfaccffba731758b28	node_modules/echarts/lib/chart/helper/enableAriaDecalForTree.js	
file	644	2775	e7cafb639e99a02a3a1f3235e46ccd19441a16d7a0837138a0ee55e0cf89e58f	node_modules/echarts/lib/chart/helper/labelHelper.js	
file	644	9438	aa0c550504226d1d118a4cd4f422a484fcce6493143eb3f50d553a61e16c4d36	node_modules/echarts/lib/chart/helper/LargeLineDraw.js	
file	644	10830	49106688fef5674387836b1af75da390573ca9265c35994798ebc08de8234efa	node_modules/echarts/lib/chart/helper/LargeSymbolDraw.js	
file	644	16516	7633f9a3298d8076f768dac97076d3b3aeb0fa1cfae4a53cf9aef7253fbfad3b	node_modules/echarts/lib/chart/helper/Line.js	
file	644	6015	4ac190d66cbdbff706ed048c53fae7ac21ff88e780cf3e89fa3b67a4caf5f085	node_modules/echarts/lib/chart/helper/LineDraw.js	
file	644	3724	9e4bd6b9ece6fd60db46ec4ae208976c219dda6591a38d4845adefc620b8b590	node_modules/echarts/lib/chart/helper/LinePath.js	
file	644	7872	626a7bba666b3fc6aaf407c301cb984a27c287bbc294dbf1e84fcd5a732ea05a	node_modules/echarts/lib/chart/helper/multipleGraphEdgeHelper.js	
file	644	4055	633fa1fe4cc27a86caee1e3b29f301456b6198f4c428a5cd11497143f34fc5fa	node_modules/echarts/lib/chart/helper/Polyline.js	
file	644	2235	67ce9cbe4da33b8f85a549be05b6e08f7896b0b2d5b5da9faf5be19148da61b2	node_modules/echarts/lib/chart/helper/sectorHelper.js	
file	644	12495	1d4cc615a1602f922561e6c5cbf92b5b704c46058d49686d36c3997bc9a0e96d	node_modules/echarts/lib/chart/helper/Symbol.js	
file	644	8745	d6b88c6987e3ac901a74387d6350725105d84eb1380b1373b28bf97c12febf85	node_modules/echarts/lib/chart/helper/SymbolDraw.js	
file	644	3082	2931692c84259058eb7090cc80f7674b42093c607ccb2c680f73074e20b5561f	node_modules/echarts/lib/chart/helper/treeHelper.js	
file	644	7114	79b7ee8186a50cf6b57bd0f47fe4c36b0e9834a9936a184db8e49fd67485488c	node_modules/echarts/lib/chart/helper/whiskerBoxCommon.js	
file	644	4593	6c00f9c6763a9250d7916b9ad18a9605433782c4ed3b750034a020fe0029e9e8	node_modules/echarts/lib/chart/line/helper.js	
file	644	2666	02a4a8c46078add7324303c1ee29c5ed119e42114294803b21a28c7639fe906d	node_modules/echarts/lib/chart/line/install.js	
file	644	6381	879558b3665566ed4ca39cb92ba6d212de1447fe5a82eb64e65f16a0f59ab5a0	node_modules/echarts/lib/chart/line/lineAnimationDiff.js	
file	644	5444	57d0d9c4a6afbc7f9687e77a9a411cc574738e00e7f6be67e62473debb545d04	node_modules/echarts/lib/chart/line/LineSeries.js	
file	644	42414	3ae837c3560a4388b6d2fb80205f2e3301703191b940fc92c25bfea1dd69ac67	node_modules/echarts/lib/chart/line/LineView.js	
file	644	11476	038b07ea23376afbf31869fcbee9571521fd0b0f9e4bebaaf59b905e79322dff	node_modules/echarts/lib/chart/line/poly.js	
file	644	1730	282133b1acee4d1500de52608638b861ef237184be44aadf4e2bf9d3298d748f	node_modules/echarts/lib/chart/line.js	
file	644	2023	e9e6fd5000e174ed7a5cca724d27c0ea3b9cacf44f65e6d9729e3211fbbbb280	node_modules/echarts/lib/chart/lines/install.js	
file	644	4210	bfcaf861f1709783a3a6932c72d17b05ed491a8f306c3c0df8b3d97a37570326	node_modules/echarts/lib/chart/lines/linesLayout.js	
file	644	11608	b93d50dd22924070d69a689b8fc95a6aac5dcb09bbd8f1294d89a0daf092405d	node_modules/echarts/lib/chart/lines/LinesSeries.js	
file	644	7053	1ca4a3463fdcad60be59013c0cf4816d2c002406713400db221ab898d5745567	node_modules/echarts/lib/chart/lines/LinesView.js	
file	644	2869	3377262982dfea547293c11181445f31491df63dd490bcffd21c5d4cdd37954c	node_modules/echarts/lib/chart/lines/linesVisual.js	
file	644	1731	5d3dd860b2ae457bbe03292cf406f98e0a51aedf243b42349b9ecc34aaa6312e	node_modules/echarts/lib/chart/lines.js	
file	644	2406	e3a8d0e3853ea52a58385c487eb313db6a3f41e2314ee4d1ca3a75b3d065e40f	node_modules/echarts/lib/chart/map/install.js	
file	644	3926	c49794db949ecaebc3c16975a34d6374159c13393d1fed8baa373eb4d195bd3e	node_modules/echarts/lib/chart/map/mapDataStatistic.js	
file	644	11147	3464c38672e061b00da4f100250df5d235aa9803895046badfeee98b3192115f	node_modules/echarts/lib/chart/map/MapSeries.js	
file	644	3637	89ae39ca2e9432004cdf0562d54888dae458cab355f1cf0815acd20726325372	node_modules/echarts/lib/chart/map/mapSymbolLayout.js	
file	644	7398	fb10081d70e73cd58bdb6b4974eb876b2284f8055763b0d345a6f995b6988620	node_modules/echarts/lib/chart/map/MapView.js	
file	644	1729	84336869910380b25897a900a841d2bb29ba32d7cb9b0eca76de174451c1e2bb	node_modules/echarts/lib/chart/map.js	
file	644	2164	5fab460f0551977d3934d841891d8e95f7a43dda503ba5ce372d17bafbe8f729	node_modules/echarts/lib/chart/parallel/install.js	
file	644	4372	4214e6b510ec9d440ca7b73a6584375921181ad041c4e3be324cfbcaadc728ed	node_modules/echarts/lib/chart/parallel/ParallelSeries.js	
file	644	7891	f1382a3f5b8ad6153d754e5a5fbbc5bb45db9fda29c00b96ee31fea7e6ba9862	node_modules/echarts/lib/chart/parallel/ParallelView.js	
file	644	2622	e51e206b19ffc139406b79d528029851a1539687eb3fde31cf0a5ee04b6a2950	node_modules/echarts/lib/chart/parallel/parallelVisual.js	
file	644	1734	ab0a0beb311e814788adbd395d079d330e8a8464b04a540c0019f76d6fdfc087	node_modules/echarts/lib/chart/parallel.js	
file	644	1741	c7110fe4c8d59b36ced6750535a9b756a1618251a7b60827e0274ad42d4845da	node_modules/echarts/lib/chart/pictorialBar.js	
file	644	2381	1ef71537a195f9aa206e5c77798b078738c3bf0b05bba437e07f0effa3167244	node_modules/echarts/lib/chart/pie/install.js	
file	644	17804	ed84195734a3324e83daacafe9031f6ed7a26ef0ced17ef3fdeef309d2a7edfd	node_modules/echarts/lib/chart/pie/labelLayout.js	
file	644	7596	d1310499a3f053eedc26e8a95fd59f91b55ca1e5af8daa74ab30875678cebb47	node_modules/echarts/lib/chart/pie/pieLayout.js	
file	644	7997	8755efaf5fa8c511b4978ce4a1d151ac9c181f45de5c1c28dcac61148c460ac9	node_modules/echarts/lib/chart/pie/PieSeries.js	
file	644	10629	692fff8732b453abefff8026efdb8f37a933f205bd383a58ffea181cda8d1db9	node_modules/echarts/lib/chart/pie/PieView.js	
file	644	1729	7cfbc1496c7979e9796fbfb3ff02acac000355d36780c0b470aefe1f18c934da	node_modules/echarts/lib/chart/pie.js	
file	644	2626	6009121e8e74034f304c3e2303cb908e8ddd2c053433e47a2eada33f854a1bd7	node_modules/echarts/lib/chart/radar/backwardCompat.js	
file	644	2338	6db59d200f53b5e089752cbb1aeb3def506009c6e0ca1fcb490e84bd63872f5e	node_modules/echarts/lib/chart/radar/install.js	
file	644	3381	4f269679b505cefe1e28912ae923115d6ecbd50909ced49c7dee2599c4cf533f	node_modules/echarts/lib/chart/radar/radarLayout.js	
file	644	4963	ceba6a45e238f3b93d704869117aa95d1917d893639815fb3b159bb7885fa90c	node_modules/echarts/lib/chart/radar/RadarSeries.js	
file	644	9233	39f7460f763719f2d02a57814484143dd3dbc747d6ac89d55a11e40ed988fdf5	node_modules/echarts/lib/chart/radar/RadarView.js	
file	644	1731	d350fefa3dd1effb3d88fcfb80499932e561fd47dc603395dda8120f0de2af30	node_modules/echarts/lib/chart/radar.js	
file	644	2819	3a2d90575ca79d979c04a88ce218f504a7edce5f8c85ed201f945fbd66541e70	node_modules/echarts/lib/chart/sankey/install.js	
file	644	16179	ab14f739e1f5f335d4c98dcdc9bbce0f556a28a28fcad038de4a3aa284ab5008	node_modules/echarts/lib/chart/sankey/sankeyLayout.js	
file	644	7541	c19e387a7f9e4aafd259a347cb81aa47677bd29841a0aabe2524cbd388624017	node_modules/echarts/lib/chart/sankey/SankeySeries.js	
file	644	13754	287022c6baf9fc4770a1347957fd17baff728c9773b18df0fb675b42b37db05e	node_modules/echarts/lib/chart/sankey/SankeyView.js	
file	644	3468	4c3d39300b6dae1c112a02a31595840b520ab0534a9db948e5c70d157dc375ce	node_modules/echarts/lib/chart/sankey/sankeyVisual.js	
file	644	1732	c735cdd96aca1d3a12bf63e717503c3c78f8741f1d326a9e487146069e677e48	node_modules/echarts/lib/chart/sankey.js	
file	644	2366	7150e49ef059728bf59db114def27aaafb14a3635b199f9ed09dba97ab50a815	node_modules/echarts/lib/chart/scatter/install.js	
file	644	4350	8ee5696f1e50c4b17aaa52f8ca3747dbe2645a495c54ff3bf789e2135c62d024	node_modules/echarts/lib/chart/scatter/jitterLayout.js	
file	644	3992	5ab9a89b48f9a0b8ed782a9665013c69fbb73462b926703dd7d95fca61fefef3	node_modules/echarts/lib/chart/scatter/ScatterSeries.js	
file	644	5126	f402815d5536d0e74569efcdd86e825f7d6657d1a28b3c34c45fe9e982e25d00	node_modules/echarts/lib/chart/scatter/ScatterView.js	
file	644	1733	1261d8249acde4dacb446ef7027048ad2a0a92e63eb62942e649ab2bfa0d20ea	node_modules/echarts/lib/chart/scatter.js	
file	644	2212	a9bf91520e5b357c86a9d1a0e2f4b0274a3066e7465d57205a602415eb6b38a7	node_modules/echarts/lib/chart/sunburst/install.js	
file	644	3755	cc4e0a3ee87b3b4f65a7d73d8b3d1592aed4a5cb2de0c9e33b54c30661078053	node_modules/echarts/lib/chart/sunburst/sunburstAction.js	
file	644	7518	a876636c65ef467e565037f1ddb3273ac3f4cb0035969f4932d385b6c7c404e4	node_modules/echarts/lib/chart/sunburst/sunburstLayout.js	
file	644	9671	5d2b5e8ef0c8aeda49997216ca097aee789c768df48323fadd71c44e507190f1	node_modules/echarts/lib/chart/sunburst/SunburstPiece.js	
file	644	6891	5448ef8e45aa961d9ca9537ee37b9a03524a84fa82e0824927fd80cdd0728336	node_modules/echarts/lib/chart/sunburst/SunburstSeries.js	
file	644	7093	a9ac902132dfcd085e2bf2dde76d9e2f9b2c8eddd73d48358741ff25879bc614	node_modules/echarts/lib/chart/sunburst/SunburstView.js	
file	644	3296	a0d0858bba865d239e548991f56c4af034d08675eca5f0a95205b300b6497080	node_modules/echarts/lib/chart/sunburst/sunburstVisual.js	
file	644	1734	a5c6501c9dc6012da8fa25d670a44c8bb3d1988c9ff9d3f83997b5af9e5afc0d	node_modules/echarts/lib/chart/sunburst.js	
file	644	1373	ae21f6c8eab79241a68fe4fcf273e04423e70b417143ddd4cac09e7929aef6e9	node_modules/echarts/lib/chart/themeRiver/install.js	
file	644	5430	a83de3b71c36d034fc12a57a1c3dbc26401058d832b835c3f9be8e860e80c6d3	node_modules/echarts/lib/chart/themeRiver/themeRiverLayout.js	
file	644	8805	e785aea2cacde1da64f8631a6b6065940513f62ba9a172d06e7ad2b9116142a9	node_modules/echarts/lib/chart/themeRiver/ThemeRiverSeries.js	
file	644	6546	46d34a4cd65dad6881caa71228d9c804d5e14ef06c561db1e4020ed8f2b5b8c7	node_modules/echarts/lib/chart/themeRiver/ThemeRiverView.js	
file	644	1736	99a4e9a713bd8544a8e0db1ec905c2cebc953bbee557cbb0b9e47e88c9e345d6	node_modules/echarts/lib/chart/themeRiver.js	
file	644	2124	264fc8a5d002f44dc0fff6664209a0c7c08ad9cd05dbc897196184cf30992268	node_modules/echarts/lib/chart/tree/install.js	
file	644	10020	933b71d00d0c988a19336d1ebca7504c9b4d65d111b67cf93fd87b5cbf58a68a	node_modules/echarts/lib/chart/tree/layoutHelper.js	
file	644	2634	19dd4b657a079781799fc31bc97bf69cbb7152e1f9143d92f88ef9ef0094d659	node_modules/echarts/lib/chart/tree/traversalHelper.js	
file	644	2470	29e3232f8edb84f0ae792d280b62ef5f5b46e216d9e5f9d107cfb96575c2749d	node_modules/echarts/lib/chart/tree/treeAction.js	
file	644	5332	ad503db6240bd22b3c0fc2171d43ef82f5ef0f8eecfb4643cb9f148a36614f1a	node_modules/echarts/lib/chart/tree/treeLayout.js	
file	644	6677	9563573ef1cecd81d444804b2607fcda8b40e048ed583c39adf46ea131e30471	node_modules/echarts/lib/chart/tree/TreeSeries.js	
file	644	21456	91f8b26177324ebd9b9a13a557ffade9d11ddc1dac05ce8c86d39a4eef91374e	node_modules/echarts/lib/chart/tree/TreeView.js	
file	644	2354	0607754987a4eb0e599792e542c18d2ac51dd99f001a0e3c08794319955d2b38	node_modules/echarts/lib/chart/tree/treeVisual.js	
file	644	1730	6de24abb83ac4921239b474a77372e8d46bc5d7042a454e6a3034147e6702743	node_modules/echarts/lib/chart/tree.js	
file	644	7183	1192a2edeb89c8d055cb58d4cf69e389a4674f3d19c7b4c6a0ee581cab8c86b0	node_modules/echarts/lib/chart/treemap/Breadcrumb.js	
file	644	2141	aa5035c29bf62f18d14349bf941ab0f1aac3ea4505c0b7fc06f1a5d2d9cfad24	node_modules/echarts/lib/chart/treemap/install.js	
file	644	2728	dea20c56da14793302884e7a33ad47f4d01d93c286da5473c6dd535e76ece95a	node_modules/echarts/lib/chart/treemap/treemapAction.js	
file	644	18956	6a443d4ee0c4faa0312744f4297e3aa907fb076640e7fcfff31ba404afad022a	node_modules/echarts/lib/chart/treemap/treemapLayout.js	
file	644	12418	9c36f77af5ecdeeb5caafb991ecdb306a2fc1c61e824b2d8070d99a813942f8b	node_modules/echarts/lib/chart/treemap/TreemapSeries.js	
file	644	33008	8635e037ab957495e39c86670a785343157980daff8f7edf7efc8477ba7daa14	node_modules/echarts/lib/chart/treemap/TreemapView.js	
file	644	7967	1ab2be2590b068595731a615a63f5906ff91a6b0a7a454f7ae07c82e8e3c28f6	node_modules/echarts/lib/chart/treemap/treemapVisual.js	
file	644	1733	401f8ee35c1e2c341097c73a0c8977e5cee9b2106607af02b260332f48576f83	node_modules/echarts/lib/chart/treemap.js	
file	644	1920	06e342074bbb92242bdaa3f088846af77d57ad14d968ed24e8577848a8e9c079	node_modules/echarts/lib/component/aria/install.js	
file	644	2196	53c6fb37d2f640c3642618ad4458a8e58c7bb6fb3e37ce9ba1987ccc41d5821a	node_modules/echarts/lib/component/aria/preprocessor.js	
file	644	1730	da0882f5a87f2727a11aceba10ba596d20944728b1e58de9d29ae80517bba0c2	node_modules/echarts/lib/component/aria.js	
file	644	13254	ca738fd4828dceec462e7c929f9859240ea9309537d1d069149b8cfb61ca50b0	node_modules/echarts/lib/component/axis/AngleAxisView.js	
file	644	3743	6ae8e2d234fbbfa4acbe1ffc7d8d899f971aa0f3575b03eb123933ac71893b8a	node_modules/echarts/lib/component/axis/axisAction.js	
file	644	1799	61dc02302f7572210011b43ddde2b75c8c59291f024923cae13cb42b50fd4304	node_modules/echarts/lib/component/axis/axisBreakHelper.js	
file	644	17964	b7efebc94f79a9300c359126d1277796c3440fd7668ceb97c020c30bfe155b30	node_modules/echarts/lib/component/axis/axisBreakHelperImpl.js	
file	644	43970	8bd532edf073c31bc71833e5f56204535bb0fbac1197c162ff5235b0d342244f	node_modules/echarts/lib/component/axis/AxisBuilder.js	
file	644	4305	8a4de4b3476df58364040fa753cc111a8cfa883c1c211e78fa2e12d9300e967a	node_modules/echarts/lib/component/axis/axisSplitHelper.js	
file	644	4243	a4287f74f38ebea564027fa37012f0d51626ffe663ba223573725924c7d75462	node_modules/echarts/lib/component/axis/AxisView.js	
file	644	8507	8b784be4defb25152bc8ba110936aeeb75ec34d89d3458d66b508a0dc792638c	node_modules/echarts/lib/component/axis/CartesianAxisView.js	
file	644	1951	10582d14eadabf614e01f6096cfc7183dbbd06ec22fec894257395b924dab163	node_modules/echarts/lib/component/axis/installBreak.js	
file	644	2340	d18874b8c1377f46368710d112b10ab14da835b644f10a0b5db2a17440c84412	node_modules/echarts/lib/component/axis/parallelAxisAction.js	
file	644	6805	23de988f845c1956a2fbfd86dc1a0e2a7ee6125b7240f138554703e2ed65547e	node_modules/echarts/lib/component/axis/ParallelAxisView.js	
file	644	7551	5bec17124153f2583e64bd3a667242d0825437abf6ba9bd09924a201df619a54	node_modules/echarts/lib/component/axis/RadiusAxisView.js	
file	644	5860	30df94b651c5cf7384d8ad00b63d4428a8759d97552dc38be5d447e6760f0369	node_modules/echarts/lib/component/axis/SingleAxisView.js	
file	644	1643	1add28dadb2cc23ac0b42b5e08f55b0c6a031df97b6da1507ed7e903fc414f56	node_modules/echarts/lib/component/axisPointer/AxisPointer.js	
file	644	3696	f3af8363d587f84422b934ed0ec6c316131db26c71e2d019b92afe75ae298cd4	node_modules/echarts/lib/component/axisPointer/AxisPointerModel.js	
file	644	3298	3c9f227fcc49d5d82bf207d8e7e8dae189eebb134716b1c3d29af998ec95aeed	node_modules/echarts/lib/component/axisPointer/AxisPointerView.js	
file	644	14979	4e9cc313871549bfa70fea22855e4949ec533d59b9f5ceebb2e9d49663e86e3a	node_modules/echarts/lib/component/axisPointer/axisTrigger.js	
file	644	13573	86b2c81de5bd1201f2f9e871c7beda150c309988a17eceb3ba327a5d1e07c236	node_modules/echarts/lib/component/axisPointer/BaseAxisPointer.js	
file	644	6056	d778f4d2a8f98286f4f0ff8f1390b0a885f557217ce66694302b7bcfa51275f7	node_modules/echarts/lib/component/axisPointer/CartesianAxisPointer.js	
file	644	3646	f8fcd60d14f3a8c74c92ee92e1f24d655a8bfa4fa63b936f365cc25c894ac263	node_modules/echarts/lib/component/axisPointer/findPointFromSeries.js	
file	644	4501	a169e18336a6afc84e280abb2969d83566fcbfa8f73048442608e594eb091481	node_modules/echarts/lib/component/axisPointer/globalListener.js	
file	644	3640	8f8118cc0a3dc037b4e0754efd510645f6e4214368855e59554398aa70639b64	node_modules/echarts/lib/component/axisPointer/install.js	
file	644	12326	32b23f37cd008015040b8ad9b39a9e89a0db272f0d13f55f48f12165a53cfbf5	node_modules/echarts/lib/component/axisPointer/modelHelper.js	
file	644	6037	c03ddd2f465ca434dd8a98f5524f6ba002811b4dd10699b5c72737fdbfa5e48d	node_modules/echarts/lib/component/axisPointer/PolarAxisPointer.js	
file	644	5889	a4214412ff9f627b5794b2c6c1e18acaa6dfd900afc2d3040c3d73313d1f42c4	node_modules/echarts/lib/component/axisPointer/SingleAxisPointer.js	
file	644	7920	3e59077c2939be9320e71bfef0caff212d2126134d4ddf5a0cc1f221a4a109e2	node_modules/echarts/lib/component/axisPointer/viewHelper.js	
file	644	1737	1b9abef678dd62b333cde97c12593cca86fd29ff0d3493b6f28a488e1b368d13	node_modules/echarts/lib/component/axisPointer.js	
file	644	4835	2f155f935cfaef6b1f34401a5545f7cc1de121720585b525b8eeb7a0f87d09dc	node_modules/echarts/lib/component/brush/BrushModel.js	
file	644	4612	6a116cfc90fa3fe3f581ee4e3f13a2d5258383017a13ea5fa50c5030320b1d61	node_modules/echarts/lib/component/brush/BrushView.js	
file	644	3329	53e9d71d45579a5054a1f7ec8a645848ded2e84792564108a6ce49f3fa9149d7	node_modules/echarts/lib/component/brush/install.js	
file	644	2948	ec38f37b347e19c76f50e709239765ce791ade7ec5a7f926a5371a1abd692a72	node_modules/echarts/lib/component/brush/preprocessor.js	
file	644	4545	bbfafac0048e35a9d32f3fa252860fdf75776b59463e69f600a3e69349b1b493	node_modules/echarts/lib/component/brush/selector.js	
file	644	12091	a5fe3247cea5e9dbbf67b2d339176d6d482b2d7b2b7111496f43197a8fa65d11	node_modules/echarts/lib/component/brush/visualEncoding.js	
file	644	1731	1962dd1fcc0a28def77ee2fe410ba733bfa628a654d755f2d2a1bc77498193a8	node_modules/echarts/lib/component/brush.js	
file	644	14312	aa56d66dd5efbd71df03bc1d87b33978c0e567be4e3a9c38149789568c49b0c2	node_modules/echarts/lib/component/calendar/CalendarView.js	
file	644	2001	49d359224c6d09c1bde1b547c0725e45e6ce340b4f92aa3bba2024015346aea7	node_modules/echarts/lib/component/calendar/install.js	
file	644	1734	aad7524d31ab2c37a202e94d169d6c876933e5660b3baef793b6e2eafd2d4217	node_modules/echarts/lib/component/calendar.js	
file	644	3642	1a24067b367d365681c327677b27a5f4e05b0df25f9329a125320c8818124078	node_modules/echarts/lib/component/dataset/install.js	
file	644	1733	71fb7c3edd770d5f47d93a2e19ea7288009f7f9b01fcf3d3f36d8070982aa8a3	node_modules/echarts/lib/component/dataset.js	
file	644	18216	82c1040938eff2cee75f60d4f592e0da78da90d3046f4b608e22224e1ae1db56	node_modules/echarts/lib/component/dataZoom/AxisProxy.js	
file	644	2171	0082e0eed0695742a716015f56a3af527a1185b4d99254406938db2193f68487	node_modules/echarts/lib/component/dataZoom/dataZoomAction.js	
file	644	16965	32e54cfa7ef22a61dbc4a29a79d433a61af515c4019be986350b30add078e668	node_modules/echarts/lib/component/dataZoom/DataZoomModel.js	
file	644	5906	94885f0661e5f6e574c96c10141387d67e3d8ed36625f67e2ec6a5f9e2a6f075	node_modules/echarts/lib/component/dataZoom/dataZoomProcessor.js	
file	644	2248	94e6970cc4726b2418a8814759fb025a17786fdd9b277529aefbfeb0facf9af1	node_modules/echarts/lib/component/dataZoom/DataZoomView.js	
file	644	7352	364482f8c2c903ba4be4cbe543645db90c8a9a10a0b58ed59448ea90497c7df7	node_modules/echarts/lib/component/dataZoom/helper.js	
file	644	3720	61a8b0d21fd6487ccd7929deab8b6ed1c4aab4350ef6ea719c22fa1b1816ea8a	node_modules/echarts/lib/component/dataZoom/history.js	
file	644	2410	43b0c67a1d87077cf6eca47a9810adeaf7cfb50d1b8f8c732b77186ebc96083d	node_modules/echarts/lib/component/dataZoom/InsideZoomModel.js	
file	644	8019	eceb6131e9bf03e27e76b10c92800a6b9273ce98d1ebddce40a0e7d80be07008	node_modules/echarts/lib/component/dataZoom/InsideZoomView.js	
file	644	2017	d82bff61997945f39f4c29d5886c393271387add3cf594252f78b60eab7b0fd9	node_modules/echarts/lib/component/dataZoom/install.js	
file	644	2212	be9e3a0e2a2d4d1ac7518da8a8f6c53f457bb5f59d99c746eb65c4ef0166f22f	node_modules/echarts/lib/component/dataZoom/installCommon.js	
file	644	2055	aa6390caf381c34ab1e9b444011359b673407d54b494849a7e16269d3d376221	node_modules/echarts/lib/component/dataZoom/installDataZoomInside.js	
file	644	1953	a8b8b7527ae33687c96ff8b3a6900c4c176148ff88465d90e4e2246b8896b1de	node_modules/echarts/lib/component/dataZoom/installDataZoomSelect.js	
file	644	1953	d3fce2ba4fc8b706bd3d9f37cf0b53907f7c4478c99deab96c9b7be97fb977fe	node_modules/echarts/lib/component/dataZoom/installDataZoomSlider.js	
file	644	9741	d59109d6cba7a5c28d828a7e2727c0cf03381144454e61a93f5ef9d03057923f	node_modules/echarts/lib/component/dataZoom/roams.js	
file	644	2122	b5144ccf4b1e9d5c939a01b7a92f3622d6281be6078830b7d57bed08cf41657c	node_modules/echarts/lib/component/dataZoom/SelectZoomModel.js	
file	644	2112	bcb29b17598531205aa505ca28e6f55fc0272c6e971e2109d3a4edeba3e684b7	node_modules/echarts/lib/component/dataZoom/SelectZoomView.js	
file	644	4457	1249776abea10240e926580f17d4468382aa63e87c0b1140aed7a69bbe1273a7	node_modules/echarts/lib/component/dataZoom/SliderZoomModel.js	
file	644	34987	d5a19eb6d6706260d588a567a0a3bc0dd2ec4db218dcc375077d52f12ae8f8ba	node_modules/echarts/lib/component/dataZoom/SliderZoomView.js	
file	644	1734	fc32a7f443045f5c30bbea207243bb8ad721e7cee4507feb74a7e43702f9ed81	node_modules/echarts/lib/component/dataZoom.js	
file	644	1748	821583f654736939e51c80083cb9b1075cb3b331463777f52e79cc1528b9e234	node_modules/echarts/lib/component/dataZoomInside.js	
file	644	1837	e0133850508323f6668c7f8ea2fbc0584ad02f461b964cdeadccc0400d6f55a5	node_modules/echarts/lib/component/dataZoomSelect.js	
file	644	1748	6ef1589c972ca63a7906ac8806e7012048c5aa12cb4c7600df114a10a58b009a	node_modules/echarts/lib/component/dataZoomSlider.js	
file	644	4164	7b0b3e4c9854550d158d2776beaa7954c4aea79f0a54c4d7b1807f347ce833d2	node_modules/echarts/lib/component/geo/GeoView.js	
file	644	5496	1184a3d8a713fd10b7cd1d82bdd6251053c55d95bfe2dee5cc4f880142cbd2de	node_modules/echarts/lib/component/geo/install.js	
file	644	1729	8d6229f500eca77a8c1e865c887dfaadfeabb61775ad8309ebe192273c1d88af	node_modules/echarts/lib/component/geo.js	
file	644	9240	ac8f05c524c54343b1c584fc2b74d61d7c45b60fc7346332873e30eefb19d452	node_modules/echarts/lib/component/graphic/GraphicModel.js	
file	644	15564	ad6b998c9d6ad4ccb6bf898737b772298b52e1849eb548074dd7e75ddea8ff8f	node_modules/echarts/lib/component/graphic/GraphicView.js	
file	644	2763	1c15c4e63580dc94fbfa8fa0ea914785e49b2b3888541b9dd32f52d716ae140f	node_modules/echarts/lib/component/graphic/install.js	
file	644	1733	40211bbf7da5c3e7d640d3061e3ccd8466b0fbf0e4bce763003a2a195a7be254	node_modules/echarts/lib/component/graphic.js	
file	644	1900	4d44e6f1f5a8492c88348890d0c37b9bc2d9c57acf601f3f7be925287087895e	node_modules/echarts/lib/component/grid/install.js	
file	644	3521	58323ec32ff883541aaf9724f43378bb7ad2d7815f2d0e5573ddd798241d2865	node_modules/echarts/lib/component/grid/installSimple.js	
file	644	1730	9f2bd616acda8be8c3cf272383de835d04dd5ef7b150cb20a30a037d67cd6589	node_modules/echarts/lib/component/grid.js	
file	644	1736	b32b0acc4d8fa6ca3bfd99388663323e06ea05250315ab919e392250d6b42d20	node_modules/echarts/lib/component/gridSimple.js	
file	644	25595	f2e74d0f13173b88ae5d3a12a6bc4efd83725b3f4aed6e8905a34bcdda46ce86	node_modules/echarts/lib/component/helper/BrushController.js	
file	644	2707	1cecef19fef5f5dd1e42615da821e4f6989df597cbfc42c5898e3e8954c6952f	node_modules/echarts/lib/component/helper/brushHelper.js	
file	644	14202	1d2c059cf7666e761048bfc3073894dcacaa2e62a7b4fa956d2aece389b4300e	node_modules/echarts/lib/component/helper/BrushTargetManager.js	
file	644	3533	d155dfe149c3c40a8dd4b6e43d1eafd133f641daee902909420a512e1711edd5	node_modules/echarts/lib/component/helper/cursorHelper.js	
file	644	2442	8f71312157d97e7793c7ec6a5313785b72e9d6faf0f4d79bb601ccae8e86abb1	node_modules/echarts/lib/component/helper/interactionMutex.js	
file	644	2509	68aec5ef90c7c5626f8d2e06093ffe56bf8975f00ef211a47800850d836a6294	node_modules/echarts/lib/component/helper/listComponent.js	
file	644	26809	f68df376c3591f968409703bb4819019c3d6444fce41520c6e5310a02a196118	node_modules/echarts/lib/component/helper/MapDraw.js	
file	644	16455	102a97e3d7cd75fd146aa51ab1662d1cd0aeb1a58aa656ed6838efdb739fdde3	node_modules/echarts/lib/component/helper/RoamController.js	
file	644	6743	58c4bb26f6e40f34f19445a9545a70aff004d8bc5eec93431ef6167080bb46b3	node_modules/echarts/lib/component/helper/roamHelper.js	
file	644	5143	6b5341ad4a3e558106812745770eb6f2a92857204854b46ba7e7fc7826b2263e	node_modules/echarts/lib/component/helper/sliderMove.js	
file	644	2223	41bdc67e0497422d2a5c116e999d56dbd50dcf2460d459314f0c6d0d7dc9a03e	node_modules/echarts/lib/component/helper/thumbnailBridge.js	
file	644	1916	1cfc81c69195ff5be8980a58277ce3c7ae47ac4522b65e9b5480ed505863e867	node_modules/echarts/lib/component/legend/install.js	
file	644	2194	795d071d984516963f838595d1688fdf9c0a4c0a77f5c046414b31f86789d1ea	node_modules/echarts/lib/component/legend/installLegendPlain.js	
file	644	2172	9ebe7483fa4d789f212c8e763a67c2d255746f752d7e7fa50c2b82b52acbab47	node_modules/echarts/lib/component/legend/installLegendScroll.js	
file	644	4804	33bbc1738b83e0bea80377c7270612964e623c53f221452069eec81dc4ea6ef2	node_modules/echarts/lib/component/legend/legendAction.js	
file	644	2326	10efc4c055628b1cc8e41e42c39f86cdf3f23dc31580d2dde5cf57610d0fb3e2	node_modules/echarts/lib/component/legend/legendFilter.js	
file	644	10154	6b64ddb06e2a729d9119dcbd9d5b7c8d566207d79020c19db91147700165a963	node_modules/echarts/lib/component/legend/LegendModel.js	
file	644	22003	311fd26d38d0030e4ae31027cc5d4cfe0e6c5af8f393d8a67b677b3643c12378	node_modules/echarts/lib/component/legend/LegendView.js	
file	644	2210	45dcf14a231a3b8f18382d9f1e35b6c26ecc6f31ea2a7d3603884160a1aed491	node_modules/echarts/lib/component/legend/scrollableLegendAction.js	
file	644	3934	cc7ee208ac600f102fc6761f38c4acf0c568fdb0f7060ef695fb9a120137edeb	node_modules/echarts/lib/component/legend/ScrollableLegendModel.js	
file	644	16988	12c0e24c44581c3085aaba0effb97680635af8285d3fb6f0a2a250dd9e5d504d	node_modules/echarts/lib/component/legend/ScrollableLegendView.js	
file	644	1792	39872c5c1d2856053c5c0e4b7e36104d17e3b2afc2576573cb4a1a50bf72afe3	node_modules/echarts/lib/component/legend.js	
file	644	1803	47318e667991fa33716d992db82a4a8c899bf56f20219dfb7efe5c0fe593af84	node_modules/echarts/lib/component/legendPlain.js	
file	644	1784	b013a04862b7482558323088d38504a1427b4b22c47d7f4869c3232ffa64a8d9	node_modules/echarts/lib/component/legendScroll.js	
file	644	1740	5d27a2811f82e4865fc21018628848ba57aad66ed775e355a26663ecd29f48d8	node_modules/echarts/lib/component/markArea.js	
file	644	2032	51ead49eb01e0b820024b0558be336887caf11413cb61ef3279ec07c89f984fa	node_modules/echarts/lib/component/marker/checkMarkerInSeries.js	
file	644	2132	ba157e3f8468a0e85f195d00af11ed99daccca08d59ab6d9c5fe2776722bf5a5	node_modules/echarts/lib/component/marker/installMarkArea.js	
file	644	1341	fbc97586b743273ae950ca4c7592dba371e7b1dc316b7c5698ef00e0436cf92a	node_modules/echarts/lib/component/marker/installMarkLine.js	
file	644	1351	3d46c108ca646ca88fb4ad4c4a7267bdeaa154fd062233ca5390af6d6867505c	node_modules/echarts/lib/component/marker/installMarkPoint.js	
file	644	2760	ae54615514ba5b5a2db2ff06e6112f4eaa92dc3946f2f51f25c32155bcdc05f4	node_modules/echarts/lib/component/marker/MarkAreaModel.js	
file	644	14576	1998eefb107d72a45b48181dd708c54786438ed3550fa92f570cc7aadabcbf87	node_modules/echarts/lib/component/marker/MarkAreaView.js	
file	644	8158	eec321eb1cf078aa9b31ca976cdeee2703ea988215fabfe6951a4ce950834aa3	node_modules/echarts/lib/component/marker/markerHelper.js	
file	644	6375	20ebae9079066d67b079d469fc3c7ab7f532e5706923359516e2df11ebc337fd	node_modules/echarts/lib/component/marker/MarkerModel.js	
file	644	4080	3c8acd3c503520c7bc0685467eefa1be77c5633f5e2c7af5ede6ac543ae2d06e	node_modules/echarts/lib/component/marker/MarkerView.js	
file	644	2744	cf75e769736dddc6824e8fe53a845de4537ac5d5490c60014122321539d4acdb	node_modules/echarts/lib/component/marker/MarkLineModel.js	
file	644	14696	30c1bf62fa4072fb9a8261ff70f1f62b13b33d8105858d91439addce27c9ef1d	node_modules/echarts/lib/component/marker/MarkLineView.js	
file	644	2633	38e58557abbb71e63fdfe51795e8326bfb41fddd9615a5fe8fc9be51eb908fdd	node_modules/echarts/lib/component/marker/MarkPointModel.js	
file	644	8128	ee023e716fc0e3bbb146399ba49fb59febdf39386f65a73ce31425bba4c2ef4e	node_modules/echarts/lib/component/marker/MarkPointView.js	
file	644	1740	62bd8e408e29f7da731b6299de996e10c6a762073caeb57c0ffd1bd6fc6715f6	node_modules/echarts/lib/component/markLine.js	
file	644	1782	e91071c2c4ca31c4446fab174e5320bc2ef1410bca54fc96ddd1d9b0b619d3d3	node_modules/echarts/lib/component/markPoint.js	
file	644	1977	38fc39b1ca009c43b6761fbea5ec1d787e5d023f17c6343ee4fa0b59e171dc35	node_modules/echarts/lib/component/matrix/install.js	
file	644	15167	a884c306f978f8b45e5cd18b6fd32f1e55043d6f5cb69f9ed67a3c6ea0d82772	node_modules/echarts/lib/component/matrix/MatrixView.js	
file	644	1732	e95ae9e32112258bdddded42b12c71dde2809178078274ed0cb92d966ba2aee3	node_modules/echarts/lib/component/matrix.js	
file	644	2884	448ef8a132b550618a042e9f811d851d1620482a02115473f81a714733d48a7f	node_modules/echarts/lib/component/parallel/install.js	
file	644	5025	2b9cdc03dc5476e0da88d204bf602394263520346113927391e86b60338d00f5	node_modules/echarts/lib/component/parallel/ParallelView.js	
file	644	1734	ab0a0beb311e814788adbd395d079d330e8a8464b04a540c0019f76d6fdfc087	node_modules/echarts/lib/component/parallel.js	
file	644	3770	76525d211205f2ac74e1513763c903e051a0c08a1c5210ce936bdca859a9eec4	node_modules/echarts/lib/component/polar/install.js	
file	644	1731	2f910b155c94ea653ca1888db110fca0675e4f362625ba65ded936026bff84f2	node_modules/echarts/lib/component/polar.js	
file	644	2346	249bdcd7d6aee14394aba1e6082037558b30e9886cb4d999a17e37a2eb6d89cf	node_modules/echarts/lib/component/radar/install.js	
file	644	7552	5f412a270c344606bea723c6e100cd49b70869a23e43ed5104e9f961d6a602ce	node_modules/echarts/lib/component/radar/RadarView.js	
file	644	1731	d350fefa3dd1effb3d88fcfb80499932e561fd47dc603395dda8120f0de2af30	node_modules/echarts/lib/component/radar.js	
file	644	2962	b8e5675cb16bee68dc351ee2e6f38cdfc33b9d520444b9aedbf9ead75baf7873	node_modules/echarts/lib/component/singleAxis/install.js	
file	644	1736	63c04a98b11130d33b4d62c1707c93b72ad2346fd9942167f79365641c3bdf72	node_modules/echarts/lib/component/singleAxis.js	
file	644	1879	7eef43c20a6fdcf8686583f3797933148db1b8d78e82ee4a43067d696be665c0	node_modules/echarts/lib/component/thumbnail/install.js	
file	644	2955	2ca534bf6d04c2f7e9bf0e42aa9b0a4066f7323958a30caa3a6c5907b431bf6b	node_modules/echarts/lib/component/thumbnail/ThumbnailBridgeImpl.js	
file	644	4670	f1c1733d5abb8ec6dfb3388cd58423586031c51aab54110e9158d588c12d53c6	node_modules/echarts/lib/component/thumbnail/ThumbnailModel.js	
file	644	11027	2604476d9dfd99c454ce2449c22985e93508760462234fe650bdc7a0529499d2	node_modules/echarts/lib/component/thumbnail/ThumbnailView.js	
file	644	1735	7aa444136e6cd2175e978fef6309751c158dea59afbb0eb34e85eb01e79bcd8a	node_modules/echarts/lib/component/thumbnail.js	
file	644	1415	0e52d087140ed20856b39dd923def61cb88ba103d62594ee23443c9686cc4e74	node_modules/echarts/lib/component/timeline/install.js	
file	644	3670	d098ce5aa0ff4611c2ba24c4ceee714e2ff3f7c19bed4c406462d152ad6065a3	node_modules/echarts/lib/component/timeline/preprocessor.js	
file	644	6460	05ee4ad0013d79b69274e141a53f1ef22409e66785a2f9730269ac231bef603d	node_modules/echarts/lib/component/timeline/SliderTimelineModel.js	
file	644	24816	051a452a5b7bd8aa824307191325c1a5ae60979ea80b894f6cd7c8234690bf5e	node_modules/echarts/lib/component/timeline/SliderTimelineView.js	
file	644	3012	2f632d11f72fb1684e19969b524316473370733e68262ef1f5178e7c12dc823d	node_modules/echarts/lib/component/timeline/timelineAction.js	
file	644	2360	0e5f9f0ed626dcc15ce4c64dd85353276bc018b80186c6bcd2e5d0573ed8b319	node_modules/echarts/lib/component/timeline/TimelineAxis.js	
file	644	5529	c7280b5a309091b73e1cde733883591ee0b5ea276e1dd631fd421194605630be	node_modules/echarts/lib/component/timeline/TimelineModel.js	
file	644	2071	a3bad18d5d8bf7fa66abfa637ccad0c5e5ecd172231ee4cd099a6802e0e3cf0a	node_modules/echarts/lib/component/timeline/TimelineView.js	
file	644	1770	927f96da9bffde533dd43030291634917df320252c1ae155b538bab769e6b49f	node_modules/echarts/lib/component/timeline.js	
file	644	7688	c6a1f97f183920b4acdb6df00bae42348a73eceba5c350190ff97d7d70a1ed08	node_modules/echarts/lib/component/title/install.js	
file	644	1731	2c7e23a090ad69c487ab15f92bda43dc5b35c2151a87a85693f47b4cf09f23db	node_modules/echarts/lib/component/title.js	
file	644	6021	5aa8c53b0a9b4becd06cb51592fb92548046d252a315f446bb9b1ca5630cdc65	node_modules/echarts/lib/component/toolbox/feature/Brush.js	
file	644	15242	c438778a9f0d5a5960e24df34191983e901c67b1220e8870e31cf84eb1ae3650	node_modules/echarts/lib/component/toolbox/feature/DataView.js	
file	644	10037	25937e0c916d6f720ef8b15d543ac2ca5b3ced6c289aca99dedfd95946988a5d	node_modules/echarts/lib/component/toolbox/feature/DataZoom.js	
file	644	7844	c1e44b20368d7ddf5c4e6192c4b6a66e06d60ab862f0553f609a00aff7881d9b	node_modules/echarts/lib/component/toolbox/feature/MagicType.js	
file	644	2894	a6faee263aadec44d7f0db4f88ec4f0819c6ce1528097e00d1cd723503df764d	node_modules/echarts/lib/component/toolbox/feature/Restore.js	
file	644	5813	014c542520769fcf1b7f2ad52ea5ffcc0119cc081a83f271cdad8417622f80db	node_modules/echarts/lib/component/toolbox/feature/SaveAsImage.js	
file	644	1131	421a3f14dbcf1afbe2a18a8c522c00c71ea74102e6d6153a4078920fdd4c3b36	node_modules/echarts/lib/component/toolbox/featureManager.js	
file	644	2565	158bf7910665ca05d196ef4dcf68c3696530ee5ed3182e41542df995139671fc	node_modules/echarts/lib/component/toolbox/install.js	
file	644	5023	4e461534bf1bfa0f9d5de22041ac271f3867da0631fd1ca06c919de35f6f678a	node_modules/echarts/lib/component/toolbox/ToolboxModel.js	
file	644	13026	cbd2065a7cf3277bd549f027bc56654a6ea6c35a9b6e6ad340869da55ecb5d37	node_modules/echarts/lib/component/toolbox/ToolboxView.js	
file	644	1733	eaf30901d5fed06d0f804a7b1a3ef43cda202cf887ffd607e92f1c3dc1553e96	node_modules/echarts/lib/component/toolbox.js	
file	644	3036	5f6ddd8e34f757730baa55f57ca3acaf74b14d772bcf9ec8e13ce06a7a3e9ffd	node_modules/echarts/lib/component/tooltip/helper.js	
file	644	2476	a4adbcb1bfd2c6df33cbc90fd591a1f3becc778268e3bd32c4b4e51af95ca61f	node_modules/echarts/lib/component/tooltip/install.js	
file	644	5695	eddeb264d4fa19c3c2e5f25232ffd77fd37f82358d1832c82e774a708d78c104	node_modules/echarts/lib/component/tooltip/seriesFormatTooltip.js	
file	644	17460	d33b67a5ae014f9fd2cc3a84aa70991fc6a517dd8a5d3b183a1ad73292eb3a65	node_modules/echarts/lib/component/tooltip/TooltipHTMLContent.js	
file	644	13702	94d2616a7290b0fd7165945f5e6b1ffe0241787f8312f2ab0b5e19a6106a9b99	node_modules/echarts/lib/component/tooltip/tooltipMarkup.js	
file	644	4517	156719b359acb898a921e9202b302e2309d7406cab952b1bd8b16e5fd35de0f2	node_modules/echarts/lib/component/tooltip/TooltipModel.js	
file	644	7489	b7aee3c71041495c9aa21ab1c1af0f3cce18c46762f5745150186e4995ca42d0	node_modules/echarts/lib/component/tooltip/TooltipRichContent.js	
file	644	35660	06b21368cc62d04c7004ab6fb85746a7fda1e8934baada27bf8c0d4e1cc7e768	node_modules/echarts/lib/component/tooltip/TooltipView.js	
file	644	1733	b1349388de435416d2a2882624c2e7d95ac9d3f2675dbd9607942ccbedb33fa4	node_modules/echarts/lib/component/tooltip.js	
file	644	3721	f1818d692958f9ffe6a2e31748b219c5d0d515a05d4b19a781eb6fb600501235	node_modules/echarts/lib/component/transform/filterTransform.js	
file	644	1873	0178dca85dd01c23194a52d868a0d38228c3b59cb2b9c06ff6f64ad7db24d190	node_modules/echarts/lib/component/transform/install.js	
file	644	6042	1560b67a174256bf7ebb13866674100c9f5a3cc7fd24f860d593210249b47bec	node_modules/echarts/lib/component/transform/sortTransform.js	
file	644	1735	a30072edb8b0d70dd2ecd1b3bba6b25c2ba2d3469a2a55aa64cb2a941085c70f	node_modules/echarts/lib/component/transform.js	
file	644	8940	ccb698d0a5cde960a699f0e000ccf369fbe57e12cd8bf54a8941d62f4540b0f9	node_modules/echarts/lib/component/visualMap/ContinuousModel.js	
file	644	28962	e3289876a67c9bc9bdf65e9a2f4749642a260fd0ba9d80a168fbf6102e56befa	node_modules/echarts/lib/component/visualMap/ContinuousView.js	
file	644	3405	ff93f1e58d9108ee6cf4b333592c9895a294f75e3c790a8d32a849f7e336ad32	node_modules/echarts/lib/component/visualMap/helper.js	
file	644	2044	04f7d8ed6c8b87aba9d13b7818eb8f2094871f0bf0ee2e20e54cae3c87bf883e	node_modules/echarts/lib/component/visualMap/install.js	
file	644	2581	a097c8909711b1f92f53a99a98fa9130316181e06575d73533f9a4f924890767	node_modules/echarts/lib/component/visualMap/installCommon.js	
file	644	1953	7a92cc0c5fb55dc0b155a99513c418866b487ff3919155efaf9038588c30ee99	node_modules/echarts/lib/component/visualMap/installVisualMapContinuous.js	
file	644	1947	96f34af5de3555305d92bb13c0de26a14c63b96b3eb7602e1615cedbd0fd2942	node_modules/echarts/lib/component/visualMap/installVisualMapPiecewise.js	
file	644	15345	670a4411fac5329f0afb847e002f2dfa01e5bb6f14d36dd1134e425c33a3d9f5	node_modules/echarts/lib/component/visualMap/PiecewiseModel.js	
file	644	8422	13b24e6d36111f7e784527907401f4a00113778c6c55737d3d90203cdf9cff57	node_modules/echarts/lib/component/visualMap/PiecewiseView.js	
file	644	3220	4b3d98f3b0bac138154c0ca9f825c0bcfea4501f422b409e087c29bec803f0e1	node_modules/echarts/lib/component/visualMap/preprocessor.js	
file	644	1992	32f2f4ccd85be3b27b37dac876d12d9bd6df1b67619057b69184157e82eca241	node_modules/echarts/lib/component/visualMap/typeDefaulter.js	
file	644	4229	1954acc004b9a3cb6a01e76bc1447ca600c9916b2f68e1a7b6ac877d8893146a	node_modules/echarts/lib/component/visualMap/visualEncoding.js	
file	644	1997	d7c21790c576fa0b3b631ae95687f1f2ed82ffba07a05ec6f17d88889d99a8bc	node_modules/echarts/lib/component/visualMap/visualMapAction.js	
file	644	16751	2b4f26e743fdbc00f28ea951baa82025a4ec0c630259e4e6c69b8d1877846b61	node_modules/echarts/lib/component/visualMap/VisualMapModel.js	
file	644	5472	4a11555582402d9e5f43cd29c7471a3c6438791219f5c6bb85b5cb309021a53e	node_modules/echarts/lib/component/visualMap/VisualMapView.js	
file	644	1735	9c4d147ed0bca9ca006b7ca6dea41e9fc3dcfb922098d3c72daf052e2f3b46bb	node_modules/echarts/lib/component/visualMap.js	
file	644	1754	56b45ad56cb8e78f79762bac9f07082a5bb94ea058736c67bdd3d6a795ee7812	node_modules/echarts/lib/component/visualMapContinuous.js	
file	644	1753	ebd4942af2288c7564213bb282604ec7b7c619b3e068740455b65f2dcff6bb70	node_modules/echarts/lib/component/visualMapPiecewise.js	
file	644	10296	893bcb897e2274ddad0ea9955040dc89bfbc4bf5760f613de75f28d4178db1ce	node_modules/echarts/lib/coord/Axis.js	
file	644	16382	41d47f60c051221675b87dbeb51efb33381c89c1898e5f9d9f2cfb3bb8b8c550	node_modules/echarts/lib/coord/axisAlignTicks.js	
file	644	7139	1b174d489b2672e44066e781dbcfb9e930e42ea648ae7a17fbd36942b6ba8aac	node_modules/echarts/lib/coord/axisBand.js	
file	644	1643	4a00cb13624e653632df62629e1717adbf7da37fbb2ab2d01eef24efc2256449	node_modules/echarts/lib/coord/AxisBaseModel.js	
file	644	1708	7e0bb505d438df00ce06cb86368401917d5534efe7dc4629023110e1dd50adeb	node_modules/echarts/lib/coord/axisCommonTypes.js	
file	644	6444	257e8db8120eb98dcf2742fa26f5c11f4d2003f3af9a418e3137c378d95249bf	node_modules/echarts/lib/coord/axisDefault.js	
file	644	12157	6596585d107442d6efa9d088fa7bd831fa1148bcd53ed9e5a5512d08d75f086c	node_modules/echarts/lib/coord/axisHelper.js	
file	644	2147	6a6e8ffe2d785146911d0b2a7c30bd0b4b2fd92e8748c6c9b77f374026f82edd	node_modules/echarts/lib/coord/axisModelCommonMixin.js	
file	644	4837	164c9e2304d2499afd76a6dfdf26af870a084f39e3e7db46e821d67b82aae34a	node_modules/echarts/lib/coord/axisModelCreator.js	
file	644	9190	268dbecdf6feb64abebe80e63d16c8680f6502b6c0fd774f2720ab17f6b591fc	node_modules/echarts/lib/coord/axisNiceTicks.js	
file	644	13483	521316122ccb20d72213945fa44cf70116ae2b1e29ee6b49a37673f3358b3bd8	node_modules/echarts/lib/coord/axisStatistics.js	
file	644	7256	c9cce04a66ab6af0580758f4791189acad4102a6871215b8d07b26ed57fc290d	node_modules/echarts/lib/coord/axisStatisticsMetricsImpl.js	
file	644	14908	6034b85776e2bc4637b2f58a4dadd16983450bb605169572286d1aab7c0902e7	node_modules/echarts/lib/coord/axisTickLabelBuilder.js	
file	644	13997	98b36f0307b94ebd1e31af9c7b9be791774412c0617493ac765baffb63a5dd16	node_modules/echarts/lib/coord/calendar/Calendar.js	
file	644	5294	7d1c61c656e521cdc1e18b97194f222ebe69aed193e7f260c13630b9388272c4	node_modules/echarts/lib/coord/calendar/CalendarModel.js	
file	644	2369	1f9f8eb997819b668c3b3d9327857bf7a2b800e60f74602f459db7f483acb0a1	node_modules/echarts/lib/coord/calendar/prepareCustom.js	
file	644	3189	4639bc8beeedcb693ad47b77ccf56908e1525515fc46bfbe49e04f280f388746	node_modules/echarts/lib/coord/cartesian/Axis2D.js	
file	644	2465	2ab900b2a237d4cfab57e13b77a9bbd3a4ece53ee32ef0e609dce56617613cc5	node_modules/echarts/lib/coord/cartesian/AxisModel.js	
file	644	2501	1cac5f368367c4ca7f122865c7210e16a9d93a96728d431f63b98f4c0e4d8910	node_modules/echarts/lib/coord/cartesian/Cartesian.js	
file	644	8020	7e5451e6d1697ed6f3e5ad10971a53dff3e2a3552ec6ba5e62b5336f576cf6ea	node_modules/echarts/lib/coord/cartesian/Cartesian2D.js	
file	644	6869	80602fe02ee543e26b46add309148d8e531809410a2fdc35e3a351c4c753d82a	node_modules/echarts/lib/coord/cartesian/cartesianAxisHelper.js	
file	644	13419	593c9cdb934f83974ea7d448976153ab49ee9fe3119a2ac4c7571973926b6576	node_modules/echarts/lib/coord/cartesian/defaultAxisExtentFromData.js	
file	644	34231	c4c9211558e25ded1e71452b9beccf6a85433c49df3a1ab93c91d11ebaada722	node_modules/echarts/lib/coord/cartesian/Grid.js	
file	644	3795	4683ee38413ea298134a2132117320dfba822c56980b93253ce451094d269291	node_modules/echarts/lib/coord/cartesian/GridModel.js	
file	644	4586	f4bbdc775c3df7bf3766d7810cd9c65dc22f22bb497aabb67c785e71358a76cd	node_modules/echarts/lib/coord/cartesian/legacyContainLabel.js	
file	644	2686	b1767b8153daaae4ce314153261583c33026cd3954847903c7bc92492a4f4c2a	node_modules/echarts/lib/coord/cartesian/prepareCustom.js	
file	644	1968	7ecf45a64ab2d083aafe8fe62e4b5e21917173b318c5e9180f99e6f99117dc67	node_modules/echarts/lib/coord/CoordinateSystem.js	
file	644	2202	b3ab81213be86edc7c04c48acd1e94f67edec1e1d1c4a9571ee73b6e037299cf	node_modules/echarts/lib/coord/geo/fix/diaoyuIsland.js	
file	644	1981	ecd5e0a7b6992a595ab243284679e2e4936a1ffc7e67d2edb5c3d09bb4713b95	node_modules/echarts/lib/coord/geo/fix/geoCoord.js	
file	644	3301	8bf662c194971435348252e3da465cf3646621ba0ff0ecfb758fc716613982d8	node_modules/echarts/lib/coord/geo/fix/nanhai.js	
file	644	2119	a6bcd631d797ef685f6ebcdf23f4ed9a837e2398ba84cb1c94de2509a9e6eb12	node_modules/echarts/lib/coord/geo/fix/textCoord.js	
file	644	8131	eff91d0d99ba148e2e8676fa8c03ce8de65855cc3347e316b3619734b315c62f	node_modules/echarts/lib/coord/geo/Geo.js	
file	644	10177	e811e7f1571877f6e76ef6327c91a9af64c8ee12819a473021954b8a7e153c96	node_modules/echarts/lib/coord/geo/geoCreator.js	
file	644	5267	0576509d3ab019ee4db777431560f70a4701d302121031f0bc904bdf29663cb6	node_modules/echarts/lib/coord/geo/GeoJSONResource.js	
file	644	6600	73f964e818f682be73e18e1519d6833f845e4b3163b5ad43bce7cc01189f6667	node_modules/echarts/lib/coord/geo/GeoModel.js	
file	644	4124	efd3fa8a1d4e4e1099f6faab3ef49a7c737de8a889eb3685f24ae44222d70db3	node_modules/echarts/lib/coord/geo/geoSourceManager.js	
file	644	13752	a7c2eee797c7bf015a85c90ad3d5c03252f7c9656009d45f457592e5e0015908	node_modules/echarts/lib/coord/geo/GeoSVGResource.js	
file	644	1663	5134569b2fbf3e6fcbb1dc9cf2f4e4aec8d3ff5f1ccd00d6eb21884c7f9c48b1	node_modules/echarts/lib/coord/geo/geoTypes.js	
file	644	5142	8ac39e01987ac42bcc325aa8a584e3aebec2c1dfb6199fea65957b93dd69433c	node_modules/echarts/lib/coord/geo/parseGeoJson.js	
file	644	2821	bf31b4cdc88ddf979ffb1ffe155260a8e6fcefe24d6026f2ae5816d140c35a75	node_modules/echarts/lib/coord/geo/prepareCustom.js	
file	644	9362	f4a2bca0039745aeea221910fc6fa3011ff90999e906ee54995ed944df05df2a	node_modules/echarts/lib/coord/geo/Region.js	
file	644	19800	96465adfdb2848397c4e4aa5280a65616889eceb0bbef3cf5a6e8f32afa11700	node_modules/echarts/lib/coord/matrix/Matrix.js	
file	644	9383	5868c8a0ab9a4eec8cd98c2a15d793772da0cc6fc0e0151f7a7bf4ba695d3447	node_modules/echarts/lib/coord/matrix/MatrixBodyCorner.js	
file	644	11975	cd187551097dd0267fb8dbf820c8c18887ff50f06f702089783a2af7679d9f3a	node_modules/echarts/lib/coord/matrix/matrixCoordHelper.js	
file	644	13858	6f0948d82478dcd4d4f63367f2f0d784b0fe9053f5b0f841b294bdc6b77c165c	node_modules/echarts/lib/coord/matrix/MatrixDim.js	
file	644	5141	f085e74718c2b44fdcd28d545373e7904437df440ae2e25708f52ce5a93a2117	node_modules/echarts/lib/coord/matrix/MatrixModel.js	
file	644	2073	9b2b588a084b7e473aae8b1f6345630787fc0bf50f7dde74d44e0ffbe8b49e4e	node_modules/echarts/lib/coord/matrix/prepareCustom.js	
file	644	4312	8567967b5943b0c32d7a5055e46d535a46877674989cf7226b17fa8fada42f4a	node_modules/echarts/lib/coord/parallel/AxisModel.js	
file	644	15626	9c2da2e29ddcf1ab0e96fb74dc56d2b8f5cec7b00e9c0e3d305deb85814681ca	node_modules/echarts/lib/coord/parallel/Parallel.js	
file	644	2214	e477726fdaeb5ac4c73818f26d2ffe096ac4f5842aab5e6419f3912d7d28464d	node_modules/echarts/lib/coord/parallel/ParallelAxis.js	
file	644	3104	8ea245c00790aa254b2da449523f639f7c6d041a0215dd07dfe126bd53db6aab	node_modules/echarts/lib/coord/parallel/parallelCreator.js	
file	644	4628	21970b8b9c8e560a7d9a605486db7479377023adf5c9561e2b3593aa8acce038	node_modules/echarts/lib/coord/parallel/ParallelModel.js	
file	644	2854	a79130e1159dedb8198eb07c7fc44ba5c17bfae53f17132d84a06e66c5b7045d	node_modules/echarts/lib/coord/parallel/parallelPreprocessor.js	
file	644	4484	feda8d5010fbe5ef52c3b9d3f8e8a1a5b54d00c1c82a782a9eca09465565f9c3	node_modules/echarts/lib/coord/polar/AngleAxis.js	
file	644	3127	0c5c266dc0f3e9d30ce45726194eb2d4c8637e6a8945bdc6214e7ceefc5df32f	node_modules/echarts/lib/coord/polar/AxisModel.js	
file	644	7910	5857394f1bf73d79368b2fbbffc48ddfaa9111d22bf2f19aba1bed1bccfb9187	node_modules/echarts/lib/coord/polar/Polar.js	
file	644	6317	b172d1cdd66aa75be4742db385f08dafd1c01bf9b864069d563eb1615ca55dcf	node_modules/echarts/lib/coord/polar/polarCreator.js	
file	644	2653	f7e22680451619558d4081a7419a7e214b5af0508acc621885dfbed77d0e6ad2	node_modules/echarts/lib/coord/polar/PolarModel.js	
file	644	3122	a9cd88460da277b32103cca5677b02ed8803bee99c5b9a5287403b9ba71af939	node_modules/echarts/lib/coord/polar/prepareCustom.js	
file	644	2232	613a06470806c51ca065f1d84bd45e02934354430b1c786dc610e0d9120f8970	node_modules/echarts/lib/coord/polar/RadiusAxis.js	
file	644	2062	c1d43c52c4421cba7f6aa2fd0cc4b1cbca0f13ddbf393888ba4f0f83e9cc13fd	node_modules/echarts/lib/coord/radar/IndicatorAxis.js	
file	644	7801	da29a513066c6290e6050b74480bd4e87a172e40bc03cebd529c2c654c8a5966	node_modules/echarts/lib/coord/radar/Radar.js	
file	644	6269	9258d192f3646053ebf029b71f92e46c965fa61fa049ad2947f9ca9b2bc99b92	node_modules/echarts/lib/coord/radar/RadarModel.js	
file	644	26576	ceb083c490cde5bb6587a97a62681f23d3ee1bf4e33944ff7203264c4c617837	node_modules/echarts/lib/coord/scaleRawExtentInfo.js	
file	644	3809	3cc40d5c1193d55ac502e18dd05dcc0e5036901eb8a8ab8843910a0e809f8e05	node_modules/echarts/lib/coord/single/AxisModel.js	
file	644	2546	54e5ec066187cb670fcc23655950c3ee6bbe87a0188255813261b2382a701ad8	node_modules/echarts/lib/coord/single/prepareCustom.js	
file	644	6952	92d5cb035b5e2faca49d239af1e9ec715b10862e8cb56cc6cad9102c81243ebc	node_modules/echarts/lib/coord/single/Single.js	
file	644	2396	baac7e2d646aa79b72faccec8533e8891b4f24815e16a048ce0c3a0a986f6593	node_modules/echarts/lib/coord/single/SingleAxis.js	
file	644	3054	8e67a5338113bc2b2e51271eb16e5d1bb7464318399acaecb828734bfe228bff	node_modules/echarts/lib/coord/single/singleAxisHelper.js	
file	644	2989	c5ca21a623bffe55ec3c227077be3687292b233e7ae142dd77109d865c1afb1a	node_modules/echarts/lib/coord/single/singleCreator.js	
file	644	28748	5a0d2b93a3d482a65e8e27cedae7dc07e6f083d6eafdbf8f04d108317aad8f4d	node_modules/echarts/lib/coord/View.js	
file	644	13592	c31009e50f64e33100ad4a43a84a0b99773592fcc0f76f54199e291f559f0ecf	node_modules/echarts/lib/core/CoordinateSystem.js	
file	644	94714	71b0b817318985cce9fefffa91ad72e2963672c8b7ba0aadcf20a8aa107da7d3	node_modules/echarts/lib/core/echarts.js	
file	644	1643	4a00cb13624e653632df62629e1717adbf7da37fbb2ab2d01eef24efc2256449	node_modules/echarts/lib/core/ExtendedElement.js	
file	644	2570	3ca09379b5e66fc0d83046c50841c214d49c3bb201527cee8a6dd73ee2225fe2	node_modules/echarts/lib/core/ExtensionAPI.js	
file	644	2332	381ca43b6c7c7d0062e86097aedb4270490e6c3961e0f43cba4b3ba631b601c1	node_modules/echarts/lib/core/impl.js	
file	644	1745	72a4abf6beffbf2a68a42e23aef27b6bcb4b23abeecdce34a374584e35bc10ac	node_modules/echarts/lib/core/lifecycle.js	
file	644	3220	af91bd205f0dc5921337d58dd2382f8e20d9109bacb14235578e0beab2cc9eb8	node_modules/echarts/lib/core/locale.js	
file	644	20142	b36ed3c447d8973f6161d7cf3aca24c31a44d874f1f3bbed594e4ee2cee8f646	node_modules/echarts/lib/core/Scheduler.js	
file	644	12909	f8dc65fab8c770ec6e81a00bd72e72b17eb47ae882aca7734565a961e7dd5b8d	node_modules/echarts/lib/core/task.js	
file	644	9267	ef188d61c22ad6f01a437e9fef00e2544c1d772efdf4dbc342fec5a25c88dde9	node_modules/echarts/lib/data/DataDiffer.js	
file	644	34977	05d4080b2fe9a722cb83b7652f3bf97be508dac2be5d0c6805f3b3b728c05d66	node_modules/echarts/lib/data/DataStore.js	
file	644	14836	52b00191695f4d3bb7eb18c8917fb9e1ade8cc7657fedb8a7496d9edebf4ed58	node_modules/echarts/lib/data/Graph.js	
file	644	12832	a9be3a14d378fd47e5a796bfe11a36b7d178374d84502873d292fdbe74e6c967	node_modules/echarts/lib/data/helper/createDimensions.js	
file	644	14239	9796a27ea1e884c061f948bbed82431f0ad40fba0bb417af54dbf82681d79b28	node_modules/echarts/lib/data/helper/dataProvider.js	
file	644	8076	7b5f74a8f13b7891d2fc600b76e841c36c9742c8afdc628031f445db3fbd20a9	node_modules/echarts/lib/data/helper/dataStackHelper.js	
file	644	10062	fd17e33cb69a411d3be11d6d562ed7c9985ae09d65ddec44fe62f0346d35d995	node_modules/echarts/lib/data/helper/dataValueHelper.js	
file	644	6787	71879ebe853d91c3de7ac14168e47880f325b930ff9b8151e20093a1e427963d	node_modules/echarts/lib/data/helper/dimensionHelper.js	
file	644	1776	f2530fb08df2097a6277ec9b69fc7be723263638ed534fdb2eba59950e1edf4c	node_modules/echarts/lib/data/helper/linkList.js	
file	644	4961	78cae207247247216297bc4984070531bd5481e1ab385fe3634533bc00439f99	node_modules/echarts/lib/data/helper/linkSeriesData.js	
file	644	8747	9b2a16837c49f8a75ea432031d6875798525624c106e179eb216688e147985fe	node_modules/echarts/lib/data/helper/SeriesDataSchema.js	
file	644	13707	80b0afbbaa45080e23575472f1e6fdd46ec31bbdf4605afa6d025fd1beaba3ea	node_modules/echarts/lib/data/helper/sourceHelper.js	
file	644	15792	3025bce881062e8ac78d887708ea4cb4389d2cf2f1cfee7476ed0b27c4e853e6	node_modules/echarts/lib/data/helper/sourceManager.js	
file	644	16353	c0c41ad33db65d3b7e87ddb7687b1ff55db7f5592bf708f80b41f2684bfbb039	node_modules/echarts/lib/data/helper/transform.js	
file	644	6197	a1ef29e5f62a6a26d85ba6fe7626cdc7ef26f6c61438717375ef8555eac244b6	node_modules/echarts/lib/data/OrdinalMeta.js	
file	644	36330	c587a77173a2cccb072343153dd5f59ad2ab4f5d8490d0daef613d263f2c5161	node_modules/echarts/lib/data/SeriesData.js	
file	644	2950	47e1ba4b7fd292835790459ee0b42e570f971a7b0eef1dca4abb0a2e8092492a	node_modules/echarts/lib/data/SeriesDimensionDefine.js	
file	644	10932	f38ffcfd331f5af10762b13fe0c64fa3c6e0deb1fbe87496a4c9d9d726083af1	node_modules/echarts/lib/data/Source.js	
file	644	10457	97b2834e120571e7fe396e808116ef01dc78d1140557958075ad3f609f93b321	node_modules/echarts/lib/data/Tree.js	
file	644	2616	804579f24f00fa7ddc5e7820fd9b4c550a95f7d5cd0117fc5c754c1f096ecbe1	node_modules/echarts/lib/echarts.js	
file	644	1872	815a3b3506d11a08cb960741314ea81348ec65fd2675432ab154121b335b474e	node_modules/echarts/lib/export/all.js	
file	644	1808	b1bb4bc0acf98af5e95a60cff3a1d9e149ad8f0258f9ffddddfb42d505b931cc	node_modules/echarts/lib/export/api/format.js	
file	644	2039	f3c8043c90c3481a2c7139e9255697edd98582370d7558a92278ed34595e2a16	node_modules/echarts/lib/export/api/graphic.js	
file	644	4805	f826f015ee8ccd8c33355a42dc9520197a7c8e7fbadb1accd55226b2de1fee2e	node_modules/echarts/lib/export/api/helper.js	
file	644	1948	d68c4435e46f638ff55b206a675d556a8bc7b377010a91ab1e74b6aaa39021b4	node_modules/echarts/lib/export/api/number.js	
file	644	1747	53944e319cf419747699595a7b9e96dfb3182aa3f8a6278eb7c4741f77061e28	node_modules/echarts/lib/export/api/time.js	
file	644	1807	3fe621a2b39dd7b5a26c8a5086df4bd2be8ab8970f5c4b0ecb7d697ac33e7c4e	node_modules/echarts/lib/export/api/util.js	
file	644	4721	9a200aca94bbb1b0029b9c7c31ca2a66943c11f947e5cebd83d9533fb314a603	node_modules/echarts/lib/export/api.js	
file	644	3556	f9ad17c991fa4c457abbf9eed19cea75cb16302c2e2a27e659c22ff6629a3ffd	node_modules/echarts/lib/export/charts.js	
file	644	4324	4b4681ba8e449385f08da3e896b90e2ed69956b5a00481d5ca47214bc2978c81	node_modules/echarts/lib/export/components.js	
file	644	1927	e5c7daf760d382115f5e7997340b43b128febcd2e52d77cfbaf8d45b4e834b78	node_modules/echarts/lib/export/core.js	
file	644	2156	58d7dcf8517872b7c9b75b2d6475c30867cd0d777cf65211d9c9586266151b6b	node_modules/echarts/lib/export/features.js	
file	644	1643	4a00cb13624e653632df62629e1717adbf7da37fbb2ab2d01eef24efc2256449	node_modules/echarts/lib/export/option.js	
file	644	1790	75be5b536b9fc7c684d5ccccefe20d71268025cf4fc39fa7578c39b5a53d3811	node_modules/echarts/lib/export/renderers.js	
file	644	4276	8bd67293d6c106146a68d30250ede7824f1ceb39ec4146607e3b22f146d8a8ea	node_modules/echarts/lib/extension.js	
file	644	5391	e5f00f981afc241ced4bd538e53e42655c429f86849caa578e1e653485a82826	node_modules/echarts/lib/i18n/langAR.js	
file	644	4719	0ca569bd5681ec3eec45c71f379a1f6425587f6e0b2866ca96ea09a5034a494d	node_modules/echarts/lib/i18n/langCS.js	
file	644	4763	15c162c67ba246244b3505a647bcc28a4844e133daa6ed4a2f3c68017f000d7f	node_modules/echarts/lib/i18n/langDE.js	
file	644	6025	4523304a8e601e2351cba7d3c22977facaee3ac5033ed3a983fe904270777508	node_modules/echarts/lib/i18n/langEL.js	
file	644	4575	658ef038074dfe6bacf3375a3da344c994c82cb89e914755aeb674cf8785011f	node_modules/echarts/lib/i18n/langEN.js	
file	644	4815	6b5df8d808a62a4c6f31a59fe575c23dbda95e30530e824a8e79f9cdc7cecfdb	node_modules/echarts/lib/i18n/langES.js	
file	644	5214	41f89ae9b19f54bd5433a0985261e58aa83def78e60e54cfdd70b81962b128dc	node_modules/echarts/lib/i18n/langFA.js	
file	644	4743	1b36041e7f624edc731e6fa7a54c36835a95b39547aa047dbc09e53a72ac8c7a	node_modules/echarts/lib/i18n/langFI.js	
file	644	4765	43d0df29210b89fdf9954b3c1d227203c8a1aaaa13a156a70b73c49947412028	node_modules/echarts/lib/i18n/langFR.js	
file	644	4803	59be12bab42a6819a29b6944e3b249f3f514899fb8220e2f19036975da8f255c	node_modules/echarts/lib/i18n/langHU.js	
file	644	4772	3c53f9cf0ba670c29fb286f18ae5f3b0b292f71cee66f3d0faecc299e1989668	node_modules/echarts/lib/i18n/langIT.js	
file	644	5059	e4a0c9a1b0f5eac200313fe81c7b9b216f06e887fe44a660d3b164b76ced7a68	node_modules/echarts/lib/i18n/langJA.js	
file	644	4891	8fe22dc59f7958cbc76a821bc70992ba51067c97ac699e54544c8b1cafb9d873	node_modules/echarts/lib/i18n/langKO.js	
file	644	4849	dff541726ae2f7f150cd4437a4a13dcaf9fe1ff4325d9214e72347d9bb121311	node_modules/echarts/lib/i18n/langLV.js	
file	644	4661	a14ea7990ecb7488af3b0d89001f97655df7d5eeaff161ec0d38c22b60ab6e3b	node_modules/echarts/lib/i18n/langnb-NO.js	
file	644	4823	1a4369b57763c9a760c12da0251ab9226cf0bce554b1839a3d135b904f6f7362	node_modules/echarts/lib/i18n/langNL.js	
file	644	4953	1efaf6f4dd8d2275d15ac973d97c4d8c10e93fd1bc1d582b1e1ad1cd8901b759	node_modules/echarts/lib/i18n/langPL.js	
file	644	4913	0a9b46168970e3d1fa6c60c07d1dd7b84af53ce07c310439ffa709e94caeb522	node_modules/echarts/lib/i18n/langPT-br.js	
file	644	4898	b274b493681df0a60fd9b7ed3acee8f36a29b827958f2c100e0ee51dce2cf7c5	node_modules/echarts/lib/i18n/langRO.js	
file	644	5757	cc789fd9433352c753b95ce7f2e845d11ab37733a9aca223537f3e8d5cc3615f	node_modules/echarts/lib/i18n/langRU.js	
file	644	4767	71b21aaba7c348437a3d014529d8c9eb218ed975cceb010c8b0049736f49bfa6	node_modules/echarts/lib/i18n/langSI.js	
file	644	4618	734f4e0fcffe19139c967aba1b4fffc4cce6c10f9c4832f3521ebc54e7218b00	node_modules/echarts/lib/i18n/langSV.js	
file	644	6397	1ba7b7b8d9324b6f6670bcc85d79505d90cc36ee836ab43976ad0ea6ae9b52bd	node_modules/echarts/lib/i18n/langTH.js	
file	644	4852	30691a5b9eec8e4700905d5de129474fc2ebfd2636c9c67090e90ec4466d3eec	node_modules/echarts/lib/i18n/langTR.js	
file	644	5690	f0b9a35fff013847536da296d91f0d67b1de424fdcba126e6f9efdc7ca2dc06a	node_modules/echarts/lib/i18n/langUK.js	
file	644	5022	56778d03b2ad67afe84390de7755d5bd427f7894eddf727f404298cc0616f72b	node_modules/echarts/lib/i18n/langVI.js	
file	644	4602	b5503fbfe8203e4b607253b0c7dc895999ece3c7b8be39118309d9a17e518ebc	node_modules/echarts/lib/i18n/langZH.js	
file	644	2626	511505799b0089f7c5f6528c7ad307490381e5c5b6cc6ef0ecfa4680caccbc89	node_modules/echarts/lib/label/installLabelLayout.js	
file	644	18126	e8c73965dc278a08e3503aa3afe86ca99114c0118e04d69efd3f92ff905a3b6c	node_modules/echarts/lib/label/labelGuideHelper.js	
file	644	17224	baebe91a56db68f929c668599d44bc6a02c5232f10a18ead2d8ee578e4775c01	node_modules/echarts/lib/label/labelLayoutHelper.js	
file	644	17029	e38317cb8613e05b8079cf058e8136c615ec23e9a78efdc90e276daddefdad27	node_modules/echarts/lib/label/LabelManager.js	
file	644	21585	71295f2ab6d7b75a2b98999c9c898d230d8a16c25ad3b2689c25c10ee09f3ff6	node_modules/echarts/lib/label/labelStyle.js	
file	644	7379	a574cf739d4d94dd7c55533b6c3534edef0af7ef85d83b13480de5d90a9ac07a	node_modules/echarts/lib/label/sectorLabel.js	
file	644	2564	c1f5bf94b604a6f7ef43c5c494b25631c6a9ac6ea93bb97da590548c1769d839	node_modules/echarts/lib/layout/barCommon.js	
file	644	19835	9a9170364cf13dfdf86d00968dbe705ed99daa65bd3c8ce35da3fc8bdbcf130e	node_modules/echarts/lib/layout/barGrid.js	
file	644	10539	cc8035f9764620721f31e0830dde8359a023669d737c2c405f66cdc63f3470f7	node_modules/echarts/lib/layout/barPolar.js	
file	644	4189	1dbc5a208dc6c3aa6ad02ec9fcff03a07f2771944944db1d718e612edff8e97d	node_modules/echarts/lib/layout/points.js	
file	644	4775	3c9a1ca3ae9d7b35eac91183abc29e6505a58e06cc6f88affce6740b04225461	node_modules/echarts/lib/legacy/dataSelectAction.js	
file	644	2073	58f62654dce84a14d4d61a8964a4c4309cdbebcbd7b37e9dc95d5487b2febf71	node_modules/echarts/lib/legacy/getTextRect.js	
file	644	4664	6fb133573929624f7dc22e57f50eb59047d34527649fa82da18ba67e5d6c316b	node_modules/echarts/lib/loading/default.js	
file	644	9525	b480f8c5c1d07530ac72cc6993f8cd9ce8ecf4946e92240f33f7f03e1da83624	node_modules/echarts/lib/model/Component.js	
file	644	29252	8165945c43e0917fd204a8ab6396c8f85d09ce2ba58c2003688635c96fe1c101	node_modules/echarts/lib/model/Global.js	
file	644	4391	08aa98cf844db29902514823bd0e2ef14ef7025bcd669c20450045297ea28e50	node_modules/echarts/lib/model/globalDefault.js	
file	644	2546	345390d346fd5dddd7b77c15310a8172f1e73b20927203e7711a79a7d3def076	node_modules/echarts/lib/model/internalComponentCreator.js	
file	644	2259	1a8898ec244c39a726c2312820deb7b911d57cbadb01f6b1892a9880ca33877c	node_modules/echarts/lib/model/mixin/areaStyle.js	
file	644	7551	bc1f6907a5c815a08d8939a3debe05f8fe625c76c5473d1d2a28f181f6da18e2	node_modules/echarts/lib/model/mixin/dataFormat.js	
file	644	2472	0de30d521edf5cee810803b7723d060a0c733c6f3fb863048c96f6da0b53d192	node_modules/echarts/lib/model/mixin/itemStyle.js	
file	644	2379	101ea57c7b6f1ed41128d5198b0bbbc96376127d51cc9765851f47d2d6b9a5c5	node_modules/echarts/lib/model/mixin/lineStyle.js	
file	644	2488	16610978ffc0d59df1a70adaace2f5c0fed8194d1808c0c367a22defabf56f82	node_modules/echarts/lib/model/mixin/makeStyleMapper.js	
file	644	4062	5cabc431d9e3af50e17a972648dcc709fd5618b412e238fa450eac9331ff1f31	node_modules/echarts/lib/model/mixin/palette.js	
file	644	3225	06ea60e49e11ee455117f9b77a1433ffd2745033387b7f38351fc4b471ee908f	node_modules/echarts/lib/model/mixin/textStyle.js	
file	644	6121	1d08f10de8f285f08493682ddd9b82552b76acadb0e56317035c027ec28cbc13	node_modules/echarts/lib/model/Model.js	
file	644	17045	8655baab3c2b4bb84fc1265e39657f6e8f83105df83f273f9124935db724eec9	node_modules/echarts/lib/model/OptionManager.js	
file	644	7323	6ced3c89128dc4f08e11be112f06c604c8da6eecfbd38d149eaf17e7083231ae	node_modules/echarts/lib/model/referHelper.js	
file	644	22160	ec0dd876430c94622c504aa67429396ffcb3e8fe3bdb807b4f168e131890f415	node_modules/echarts/lib/model/Series.js	
file	644	8755	81f58db34549375d11f4a32c297892847bad997c8f84ec21a514373b4ac47420	node_modules/echarts/lib/preprocessor/backwardCompat.js	
file	644	12157	735e4bc7df23f952cdcedc1d7da78750921e658be547753579a1b4fb16b0cc86	node_modules/echarts/lib/preprocessor/helper/compatStyle.js	
file	644	2352	71bfe080651f8e0f0bfe150fc2e8b0edd08508a291f4ffdb29bd07aba9d64dc6	node_modules/echarts/lib/processor/dataFilter.js	
file	644	4452	5dfd816fb8f2d249c7b961d07abf083b15a876bf80ff1e7894214bf741e65900	node_modules/echarts/lib/processor/dataSample.js	
file	644	6602	41be27c0eb92db8743631bbeb7c8fbc98ccaaced98bf8a88188a2d4403f0ac8c	node_modules/echarts/lib/processor/dataStack.js	
file	644	2195	4b81e2a3a9d2b193de998d8a6f576ca39e9d2627fafe7c4e7d580a98e20c7cf5	node_modules/echarts/lib/processor/negativeDataFilter.js	
file	644	1784	7b1f81229cebc889504274106bc4039419fdc8149476d29bf5b254228c74e9cd	node_modules/echarts/lib/renderer/installCanvasRenderer.js	
file	644	1772	9ae37aa9dc29c54356e915c6cec077fdd6222431b7edc6929e3980c417cc341b	node_modules/echarts/lib/renderer/installSVGRenderer.js	
file	644	2323	915516d2afd95af5c9df5ac2c8e0c2374a66940c3f0b3e08ca3e2c953d6eb1ae	node_modules/echarts/lib/scale/break.js	
file	644	24993	f3bf8e59fdfb6217a7ebfd0d3207539856309166386983cbd0dde8c084b6ed24	node_modules/echarts/lib/scale/breakImpl.js	
file	644	9906	1948c431d0f4cc24b737ffbd8350dabedb9d0eb4acbd8ad492a061ecaed1bedf	node_modules/echarts/lib/scale/helper.js	
file	644	10138	75584585fe311ea7c24b5e7e50c893eb27330e5528f11aa3e35f93bdfff519cb	node_modules/echarts/lib/scale/Interval.js	
file	644	7801	56c54f7a29cb564df0ba826129a61ce7770912d0e69dd4637e29740c64218580	node_modules/echarts/lib/scale/Log.js	
file	644	3351	01f30cc79d0f25f12eb0daa70472a7f9be1b174835109be8d5279f8258d50fb7	node_modules/echarts/lib/scale/minorTicks.js	
file	644	8719	fe7caffbe521ff7f84f5c653b9c6636e876106c720e2e4ce72631b394a9c925c	node_modules/echarts/lib/scale/Ordinal.js	
file	644	2308	dfe342a45925c0cde14e24c2b202e5302428d4dcd731b89ce89e16c22aec615c	node_modules/echarts/lib/scale/Scale.js	
file	644	7220	2ed335ffa21440a43b5ff36708550c92557fbef2613eebc25785d664ab7d91d4	node_modules/echarts/lib/scale/scaleMapper.js	
file	644	24103	efa7583c8781ea6b058e8adcf12d84ab75ff65fdfd28f7f82c7df20679b494ff	node_modules/echarts/lib/scale/Time.js	
file	644	7103	6fc12e45cddc2aef46c81a7870b31fccd497e7fb6affc5f9f12f1b83043e4c94	node_modules/echarts/lib/theme/dark.js	
file	644	3656	f93b8259128749cb437d4bfc48c218d0d2ec0dc6a68a16df07ac94627a8b5725	node_modules/echarts/lib/util/animation.js	
file	644	10344	3ab3c31adc502b64146975266fd2284f5bf3711564e34a2c1fbf4561ad5b795a	node_modules/echarts/lib/util/clazz.js	
file	644	6975	7ed4e2f5e41b1bb2644c8275754f7f504013b96ad2d8564d8b0e585c2a980db8	node_modules/echarts/lib/util/component.js	
file	644	9064	acfa417519cf34f52705c851af3d3cc98e1de43ee6d6193021f1fffb6cfee719	node_modules/echarts/lib/util/conditionalExpression.js	
file	644	3398	d3e373e1cbdf5f9d6b573f1749f376f823f592e517bcb0774f7b5738ac0decad	node_modules/echarts/lib/util/cycleCache.js	
file	644	12706	3e421bbd17908aed9b5b06ba3e8bdf7957c5b85f4bb0cac8f80a8731f83f5eb6	node_modules/echarts/lib/util/decal.js	
file	644	5608	da1bf341199c061fe5f1a1551eb2ff56afc63483d8da15534d1dcdaf89286492	node_modules/echarts/lib/util/ECEventProcessor.js	
file	644	1910	8c117970a8c96811c108fc5a3a4d0210dec344dfd4aa37bad61afdbc62911be2	node_modules/echarts/lib/util/event.js	
file	644	8912	5e2aeaea22cfabf781acc3f66a831fbd919c66e315e069aed6b32f0c6a0cdeb8	node_modules/echarts/lib/util/format.js	
file	644	25673	29261b16ca8d72f19d170a04dcf3a9210642f2b58330da29f88cc12ea300dde6	node_modules/echarts/lib/util/graphic.js	
file	644	2407	60994f5da1340235e64321e7d0de1bfb48455ed76863588a0503f4ccbaadea7d	node_modules/echarts/lib/util/innerStore.js	
file	644	6292	3d3736f36b6ea77126ccc175b79c810471550c85d7c63776e3c3cb75fa2ec4c6	node_modules/echarts/lib/util/jitter.js	
file	644	8090	daa0a9e3b7e3c97342c7aff98e0dce9e2f3d72bc3acd89d377089558e2284d12	node_modules/echarts/lib/util/KDTree.js	
file	644	21855	7c2d890f23b1e492890796a835773e52fa96c8a233df1973095c49367270fa0c	node_modules/echarts/lib/util/layout.js	
file	644	4578	105eeddada732869f0803423896713190c6c86590b0835401ed30f5d5dbceb3e	node_modules/echarts/lib/util/log.js	
file	644	35584	7680631b83ce13b50677267a28747912b96fcedf3029818ac121d85b38db23b1	node_modules/echarts/lib/util/model.js	
file	644	24301	5c1fdde1796abcd18d630dc611a498ef8f54b794141871368a0ce0b0f3b702ee	node_modules/echarts/lib/util/number.js	
file	644	2844	fc9f5362c662437bb087554ed726589f003ddb4a36110ae574425b66549a2353	node_modules/echarts/lib/util/quickSelect.js	
file	644	3736	610d9a6bacb93b659d01042e64acd8d4215bb83eb50a6dc0751b14eb11649aed	node_modules/echarts/lib/util/shape/sausage.js	
file	644	25694	289c13c967c70b136a113f8a7ecd15bf578aaddd5418771c6f1cad4224c4b2ed	node_modules/echarts/lib/util/states.js	
file	644	11263	bc3dd07b42a62bc63214cb5c0c6f90b050b1bd0a45faac7799de65010c27b070	node_modules/echarts/lib/util/styleCompat.js	
file	644	9368	2e674eaf0dfca71a71d3548a074e18663021d15338376f65e2b654bd78d562a5	node_modules/echarts/lib/util/symbol.js	
file	644	5252	415c36882bebb358311e3c0c5ed1262bb01d1b596b41df03f2aadd21eb32f520	node_modules/echarts/lib/util/throttle.js	
file	644	16099	b6fa3ba62a443e08dc42dc2109102d03a58a9e4af9e927116a37a3837721d112	node_modules/echarts/lib/util/time.js	
file	644	2372	c8b64bea786dd80fb787faaec2b59180e122b1d9953a9340a73348f48a5f2317	node_modules/echarts/lib/util/types.js	
file	644	4082	1c90058bf2599f212354f02ddcc1d7a2484e921759da16eebabc628d09c9b995	node_modules/echarts/lib/util/vendor.js	
file	644	7564	7bcdb42a93a4158da4073a6e6c1d1391d508e5876f1aa5ffd60788ca831e2492	node_modules/echarts/lib/view/Chart.js	
file	644	3161	ff149ce66e691a1d1dae82f7affcb16964df8163b98c21dc04a2a753c060f217	node_modules/echarts/lib/view/Component.js	
file	644	9263	b7d256c31cd2407fca5ef5ea3c31e70185ffb99a878407afef5f3a5d5070a489	node_modules/echarts/lib/visual/aria.js	
file	644	1643	4a00cb13624e653632df62629e1717adbf7da37fbb2ab2d01eef24efc2256449	node_modules/echarts/lib/visual/commonVisualTypes.js	
file	644	2531	931d616746797e920803e2e82a9c81dae2965ca6a09a6743bf2eb0d06c3c6604	node_modules/echarts/lib/visual/decal.js	
file	644	3383	bc1c472015e1c5e740d55445092e13ad3ca895a269f795d18bb776d50aaac6fe	node_modules/echarts/lib/visual/helper.js	
file	644	3345	503faa69e550413286f92cf63d56caff9e80242fdc39245fe0c487a3db876596	node_modules/echarts/lib/visual/LegendVisualProvider.js	
file	644	8466	ec02b4739d4e2f3e26ca3285014c328c2d7454bcb5be6ca78ba4ee756ec1cbe2	node_modules/echarts/lib/visual/style.js	
file	644	4391	1abebff9d92505dee6c068a804f40aae990c6ff6d3f7c17c8f65530d43d3d593	node_modules/echarts/lib/visual/symbol.js	
file	644	4512	5e3755a97b3c68ae758d6eaf523ab77d0bd0ab216056d32c2894e64d5b3e5b69	node_modules/echarts/lib/visual/tokens.js	
file	644	2637	c9b3736faf9f191a397a96dcd1c9d577f9297a8bfb32bdb7fc888d2908c8134b	node_modules/echarts/lib/visual/visualDefault.js	
file	644	16688	39cd3a646e9f1a525a21fa23e66a37ad3f179634859e07359adb7dec7e19d838	node_modules/echarts/lib/visual/VisualMapping.js	
file	644	7108	b2ed42a7c226d434930b41da6bbabd0ca69fc85b7364dae3de0d29575b9d6c0c	node_modules/echarts/lib/visual/visualSolution.js	
file	644	11990	634293835b43a6dd2094fa39182a3d9a6b9ca43b7fdb9ac354e8037af2a3093a	node_modules/echarts/LICENSE	
file	644	1475	e1211892da0b0e0585b7aebe8f98c1274fba15bafe47fa1f4ee8a7a502c06304	node_modules/echarts/licenses/LICENSE-d3	
file	644	824	dd835e67a9a297da32f9467d7677a5d02c8e50e10f15da43b810147c79c04b9b	node_modules/echarts/node_modules/tslib/CopyrightNotice.txt	
file	644	655	210b19e543130388c68654b7497e967119ce17145f66ab7d85688fbd70f08751	node_modules/echarts/node_modules/tslib/LICENSE.txt	
file	644	983	fba7cd4968209ce5c0f9ef9fbcefd05e6ecabec085543876420bdfd407e959fe	node_modules/echarts/node_modules/tslib/modules/index.js	
file	644	26	f2a77d1fa2e7ee710b2835b2933d75d9c7f5dad4f1bab69e1679876e32b5e9eb	node_modules/echarts/node_modules/tslib/modules/package.json	
file	644	595	b1e723caa7666aa5620031ad5e3289a6447956dc741aac1af393d92ccbf318d7	node_modules/echarts/node_modules/tslib/package.json	
file	644	36	759c26504a9ccbbfcd730269c9c5ef15512cf16ba617e61a92212365e57c9f5d	node_modules/echarts/node_modules/tslib/tslib.es6.html	
file	644	11774	c96e000b4907cea73b7565349293dd152cc8259d0c6418fbc3bc931142139c36	node_modules/echarts/node_modules/tslib/tslib.es6.js	
file	644	32	e14179f388a9690437165289d45ff7747f0f839538b5abec63d2dcfe21c2a5f4	node_modules/echarts/node_modules/tslib/tslib.html	
file	644	14832	98bace9a9e15d3ee0743b6851c22cfb58478a9b2f181aa4c97372e4da0759941	node_modules/echarts/node_modules/tslib/tslib.js	
file	644	168	d491d358344f842685c1b1585970999db65fe30ecf7ef3867af8814f4016c016	node_modules/echarts/NOTICE	
file	644	8503	94dfcf706a073f5f017823ef5ce0e9b0464280d3e8f011fa14d2844b5ff8ee8e	node_modules/echarts/package.json	
file	644	7144	6dfa17748a0d58af805d2355db9798cd92543fcb7a291a923bff186cb0ed9ff9	node_modules/echarts/package.README.md	
file	644	834	3a6d731d9f6937d7ac1d1bf76f49a5f6a1e6578d86dada9649200abe85d82fac	node_modules/echarts/renderers.js	
file	644	3634	cc015e0d9a921d6a421fccb9652ab4e580be777844baca491919106c9f11a43d	node_modules/echarts/ssr/client/dist/index.js	
file	644	4180	a6f097673645f44841362d6f506c953513d5ee710838174d49fcbdf3d2700112	node_modules/echarts/ssr/client/dist/index.js.map	
file	644	26	6392b0b0c1a4294137c5ef23f9d9e25b92c45bf3dafcc3e30008d1f3a2aadcf1	node_modules/echarts/ssr/client/dist/package.json	
file	644	824	bfbbf79fdd06c4ea17ea5cc76264449181439b7911589e2fc473fe8f43340c37	node_modules/echarts/ssr/client/index.js	
file	644	2210	0f1e9de4bc6078daaa8ddc2f0355f8c4abf42efe9bcf4eece9530b982818be9c	node_modules/echarts/ssr/client/lib/index.js	
file	644	4399	41491dec1247ef2c105f0c18d1ad8ed3e00fbf7b5122311470a481b6e0122220	node_modules/echarts/theme/azul.js	
file	644	4787	ed76482854ce586d977bd8b26cb620cf9926b214b7738d25bbb91002eda00415	node_modules/echarts/theme/bee-inspired.js	
file	644	4776	4774156787c1d61c7808a45896137cc08e9a23b86e22a3c87fd87dd1e5aaa272	node_modules/echarts/theme/blue.js	
file	644	4779	db06a5e9913e67c8474a43d9905a39ccc6a6e2a52b1c363f7a1a2bca165024c5	node_modules/echarts/theme/caravan.js	
file	644	4399	8e92baff0469ea5886e71da9eff421b268929e944e29a44000351979ad8645d2	node_modules/echarts/theme/carp.js	
file	644	4813	bacd5ffa68a383fec3d6d62883ced4f9be151c4a6a17fdf521e89bb39ea13eef	node_modules/echarts/theme/cool.js	
file	644	4385	4f65d9f4b98cbe8906e769c321c0feca591d99eb45f1cc33e4abe73325cc979d	node_modules/echarts/theme/dark-blue.js	
file	644	4385	55efa9d7ec966bdcb7bb8453446475be2afd12469ec52162c70826270d2336d8	node_modules/echarts/theme/dark-bold.js	
file	644	4389	2750d50ef652c287546bad3982f993fd3475a29583a2565c7b7122abb3db7a43	node_modules/echarts/theme/dark-digerati.js	
file	644	4390	b26e948bdc38d7ef990969885832c2d7c6ba922ef6150a560e26130f110f5f05	node_modules/echarts/theme/dark-fresh-cut.js	
file	644	4389	7201beffe93491a874e3fcbcd8d4b6de584e8e42499fa2f82804d3ece3915dde	node_modules/echarts/theme/dark-mushroom.js	
file	644	5981	ae60e563617cb87514690c1946ee202e78c9f1487820490614b58934ed037458	node_modules/echarts/theme/dark.js	
file	644	4779	ffc732da34647870067d031983d3caf3fe1a485d0cca0864a14e2ce810aa11a9	node_modules/echarts/theme/eduardo.js	
file	644	4400	c44da0efbb1ce2b2b11f1adc232c7181d4ff658789a2ebc702e8518bb6ce9d7b	node_modules/echarts/theme/forest.js	
file	644	4404	a7d6dbd6d92dfb734478b3a119973808edd96e0c21de5e785c02c8172e315d37	node_modules/echarts/theme/fresh-cut.js	
file	644	4777	d6ad0b541d161fc872777833cb7b1f811ac0a5485b8a14030db32e1247064fa1	node_modules/echarts/theme/fruit.js	
file	644	5976	4291b4bf23409e53c1eaa25440e87f09f2aa45b8bf065c5cea6f2477f55e5f9e	node_modules/echarts/theme/gray.js	
file	644	6010	dc2f7d2ca001426895ee48813a9e5fdbc8396e07f704c9a678e488172defd695	node_modules/echarts/theme/green.js	
file	644	7061	edf843ddb56efb26414b466e8f6f7db9ee4aaab550e5dc87cfba67a827ee0d3b	node_modules/echarts/theme/helianthus.js	
file	644	5829	43f803926e8625a1f1cbf6b6189d1735c0526e3e9e7e12aa8531a8296550c1b4	node_modules/echarts/theme/infographic.js	
file	644	4402	43ec2d33dc4e099e76a54d7beba9b0797f5f7526b9acdac1f5246c30c10009de	node_modules/echarts/theme/inspired.js	
file	644	4399	4cd53889942b70f10c863d5bc42959e6d495a9a4c9b801d832c124d6841f9a47	node_modules/echarts/theme/jazz.js	
file	644	4401	25d0680270df55620c0760963ff7f62136c0af5d918ee2a03918c0525dc2a418	node_modules/echarts/theme/london.js	
file	644	5869	1aa73f933f0fd92b02e3e1de18299b15a2d536eb29c4b9755b8ab25d54f5640d	node_modules/echarts/theme/macarons.js	
file	644	7968	df62fd97be3ac8721260708ed8fa4ef579e2de94cb4c68a9945ee934261dd1ca	node_modules/echarts/theme/macarons2.js	
file	644	4218	3aacbf703f3170585bf955f46f02ee819f4c2ac75f75494653b8fbfd8dbea3e4	node_modules/echarts/theme/mint.js	
file	644	26	6392b0b0c1a4294137c5ef23f9d9e25b92c45bf3dafcc3e30008d1f3a2aadcf1	node_modules/echarts/theme/package.json	
file	644	2092	0f875b89edda5383c1eb1f25f215c5f3ffe3387a116d19f76438629d04a3e0b2	node_modules/echarts/theme/rainbow.js	
file	644	4408	c8a9ce4cf5dc85eb2a38c4a8df69f1603c3213a3cb576820e960c928492b8689	node_modules/echarts/theme/red-velvet.js	
file	644	6071	3e09d976edc0718b4aa4bc0eb467c82bcc7bc9c04d86988979d8bd58c921a006	node_modules/echarts/theme/red.js	
file	644	3044	01303d34787f242664d5ad35bb1d535bb21d701ff60f6f1412e8c872008b5a05	node_modules/echarts/theme/roma.js	
file	644	4400	8ad231fa254187c01915509c5b3739a74b04d57308ec3702db9d77ece74a9da9	node_modules/echarts/theme/royal.js	
file	644	3614	ba03e8ba5eadc62480e69f5331ee382a88da129fa8cd618102b923e06092ab8b	node_modules/echarts/theme/sakura.js	
file	644	4412	33f28aaec40952dbad84de2d8cb3d58f49ea131806fad9497f06ad4d46f2a8f3	node_modules/echarts/theme/shine.js	
file	644	4898	eb7a5b53bb4965e436a17365306f870b07b7bd4964775de033fedad3713ec4d4	node_modules/echarts/theme/tech-blue.js	
file	644	15922	47cff55c8f8756667eba135cb61694798b63284ae32dece7388d742768e597b5	node_modules/echarts/theme/v5.js	
file	644	1922	15c22b1f26961f972d23a9297362d42c4e59764e4b38025364f341cf144fb84f	node_modules/echarts/theme/vintage.js	
file	644	482724	667ab63c59bed9bbd49ffa0f97c562826032f8577dcff4bc110c49604639c5a1	node_modules/echarts/types/dist/echarts.d.cts	
file	644	11104	8718dea4d28647912918dba60545890dc10ae672bfb186b6ec0af3fc5e826137	node_modules/emoji-regex/es2015/index.js	
file	644	11105	aad6b3f580511fe1fd70ae4ddadff4f4ec6bd5143f1a53b93c7e16eaf608d552	node_modules/emoji-regex/es2015/text.js	
file	644	10286	c56978800e47f095cfbfe96712b5e78d150d1f62e32bb4943675213fce481ef0	node_modules/emoji-regex/index.js	
file	644	1077	483acb265f182907d1caf6cff9c16c96f31325ed23792832cc5d8b12d5f88c8a	node_modules/emoji-regex/LICENSE-MIT.txt	
file	644	852	bc390531ac1166d8fd8291a61b9bfe71b220ce892023b536effc7e88ec733664	node_modules/emoji-regex/package.json	
file	644	10287	4bae97c68c68cc8c56fa873fcbcbaf6869da926f3f38ddd9cb6ca22e8f60da41	node_modules/emoji-regex/text.js	
file	644	2177	4bb6ebb8143a7697878937f7e1813ec91095846534c558cb15c91c01447df262	node_modules/env-var/env-var.js	
file	644	253	5ce1f357fab8908b7aa46fbe8eedf1c1e1969f1877a45a61f2e745f075ae370f	node_modules/env-var/lib/accessors/array.js	
file	644	253	53dce3a4a0b211cd5761667246dac3469a24333ab0163e54e6adf0eedaa9530a	node_modules/env-var/lib/accessors/bool-strict.js	
file	644	346	e03dd3817be11fec41f9a53137b753e428d22ce43325fc9d11160f216893011b	node_modules/env-var/lib/accessors/bool.js	
file	644	838	651f7aaa5d08007fd0079c3a2e168cb222c839879e981cf87ec90237755227ec	node_modules/env-var/lib/accessors/email-string.js	
file	644	289	ed8ebe12b9f8b4354b2d3aa199ebe64ac12c8379b448aa337b6c8c1ae5040e37	node_modules/env-var/lib/accessors/enum.js	
file	644	219	a2c04ed219dbeb5d38ed11746be646d3e087f07fcb5675ea288556bcd8f55925	node_modules/env-var/lib/accessors/float-negative.js	
file	644	219	f63af34b6037bb0b108f2fedd7da9ff7ab64c864ec6593ab7599b54423ebf251	node_modules/env-var/lib/accessors/float-positive.js	
file	644	347	7e747dbb5f446f669367b5cc8bc1a6963ad59acd8750cf6091a3d585200df50d	node_modules/env-var/lib/accessors/float.js	
file	644	765	95ec69325e26555e983ff99f49ae6171429f60706468c4dcfc3d9ac673851dd3	node_modules/env-var/lib/accessors/index.js	
file	644	213	09da57ea372a6b85be8e55037703ba677aea0d0c0a9fa06b045692cf37ba90a7	node_modules/env-var/lib/accessors/int-negative.js	
file	644	213	2c3722956afcec7cd350050f7537d2b67ede1a581dafd88d6b829f36a177b39d	node_modules/env-var/lib/accessors/int-positive.js	
file	644	202	45a6e0d28d8a120abf030cd948d05a556b58299e3088f852f675fdef0e91f5b2	node_modules/env-var/lib/accessors/int.js	
file	644	228	75327e5984af1eda5ea99652d2aa6ddc127275bafef0e26ddfa57e4940233c0a	node_modules/env-var/lib/accessors/json-array.js	
file	644	229	51903e9c8bb6bfc9452af75037a0a2fb255a2d1c5b9230ac9625fdc3df0c4f3f	node_modules/env-var/lib/accessors/json-object.js	
file	644	172	0404bade98671f522a98d4758383f381bdaa584fdc426b949d7b4ca6f824bfcb	node_modules/env-var/lib/accessors/json.js	
file	644	257	e3cb0501c35b53095297d284022688f04216a5b4c91155eea29ce43d605e28c4	node_modules/env-var/lib/accessors/port.js	
file	644	588	4ecaa8b347668fcc4c185caba730e5954a3d136dede4f3dad3fa91b42a4aa317	node_modules/env-var/lib/accessors/regexp.js	
file	644	210	e6d186923ea6cedb87b60d479f3dfe6b586b9185dd4db7dc4cd31c274373f44b	node_modules/env-var/lib/accessors/set.js	
file	644	76	5306622885753752ee5e55ff39274f8b983bd95babdfa95f4b228e4f7861621b	node_modules/env-var/lib/accessors/string.js	
file	644	230	3929d22d137d45e95c45be72738658e837ca0de58da12741a5043fe1bc764eb6	node_modules/env-var/lib/accessors/url-object.js	
file	644	144	39ac9684fa148325d4935c9cf7610d1595225a701c131af4c9a30d00326e0327	node_modules/env-var/lib/accessors/url-string.js	
file	644	513	a85a58bc903e40eeeb4112037512817e86f83e59599241b6f4a7a57eb964f4cb	node_modules/env-var/lib/env-error.js	
file	644	336	637ecdb2f22b725176b959c7c633e680c30027828207e06a3ce8996f00ec2f6a	node_modules/env-var/lib/logger.js	
file	644	5533	7217c6322f9a88a8069497c8d981f9fd9a5e08e7d01d86b16a1cf26e5d9485e9	node_modules/env-var/lib/variable.js	
file	644	1076	83947cc01dd631efacc2ae9aaa713b7235d3e876254bc336dea25372cf56fc86	node_modules/env-var/LICENSE	
file	644	995	4e1d305bf671e5575a6765012a21bdcbb2c63c8af09735fe7cc0af4b730afe31	node_modules/env-var/package.json	
file	644	534	85643e13de77213831aea57dac009638a9dea5baaa85a964c2592f602234db68	node_modules/escalade/dist/index.js	
file	644	517	436c778b45b4f46cf906bff4c38962219b349d5e42a2c62696c689417ab582a5	node_modules/escalade/dist/index.mjs	
file	644	236	31f9773c49839ecbd0591286db8fcf739c38de09f92ba453c3ea9d84fe76c648	node_modules/escalade/index.d.mts	
file	644	1104	9a9edad7baae52622bddf3c15b2ef8a33d2c89f2d25408ad13e8a7481c6b0c97	node_modules/escalade/license	
file	644	1240	82cee5c9a94005f1072060623628b7fe2663f5b2d6724cd3808ceb885fc17740	node_modules/escalade/package.json	
file	644	177	9ce9dc9cc3ad9d64038ace89f4d29422a99eb8379a8658d4d2b77ed2d0e1cb3d	node_modules/escalade/sync/index.d.mts	
file	644	416	bf89be2b8bb2eb86c19ce0a3598e19fe91ad689a64710607e6cbb3e15c076d4f	node_modules/escalade/sync/index.js	
file	644	404	8262677f39b0e4f3c085c04a38b66626913b980237da67496a4f8ebd8d1e5507	node_modules/escalade/sync/index.mjs	
file	644	10261	4b3907d257fc094c13ecf06f4bc1ceb6af198f18ef02191490f5553463399b88	node_modules/eventemitter3/dist/eventemitter3.esm.js	
file	644	2985	2d7b6cb4704c325c2edb2fa6cf2e7f202c1b904b2c70fc6de7d26c86b44ea737	node_modules/eventemitter3/dist/eventemitter3.esm.min.js	
file	644	14135	77e45a442da4ba54c1a100c912b465f31f0a1e8573ec94f56c017f13f0eb2f04	node_modules/eventemitter3/dist/eventemitter3.esm.min.js.map	
file	644	10863	9f534301de602e2094c86f0bf8c7de3e3cad9502609571f19acd854ce31b0eaa	node_modules/eventemitter3/dist/eventemitter3.umd.js	
file	644	3190	51594ae650427c2a166c399062fbf4a7ee064319b56469a43f90bf97eba081f1	node_modules/eventemitter3/dist/eventemitter3.umd.min.js	
file	644	14599	a003d7d8b052d00dc522b0ceb270138a6cc07a1b3db7e08c942facee116531bd	node_modules/eventemitter3/dist/eventemitter3.umd.min.js.map	
file	644	9141	1560f251de5d28d2c15ff070215d2c5c0fa06f1a92e8d6522bbee37e06d2a6b5	node_modules/eventemitter3/index.js	
file	644	91	82d15c8c0058e5795a5c19540d0713416ff65edd4fd6aa8f79ee1fb5ade78cd5	node_modules/eventemitter3/index.mjs	
file	644	1082	3aecc12b1cb28832b5f65ab64291de96568c3f236a74d646281b4491f7bcadbf	node_modules/eventemitter3/LICENSE	
file	644	815	72cb34b1d640e4cad8b73f3976003d1294079640e5bef6da2ef64ab2e6fcab38	node_modules/eventemitter3/package.json	
file	644	221	4a00be5d8cca7499fa862614167558fd4e4746ea533d9de9896f317f0894f5a7	node_modules/filename-reserved-regex/index.js	
file	644	1117	5c932d88256b4ab958f64a856fa48e8bd1f55bc1d96b8149c65689e0c61789d3	node_modules/filename-reserved-regex/license	
file	644	617	a6e89aae1b2be87966ed384a8cabc0c3a25f22b9bf4d867c07e22bcd1a4edca3	node_modules/filename-reserved-regex/package.json	
file	644	260	d4dcd4e0f4f5423fc6ace251d86b0ed6ba06e55f714b018ec96259d65f92175f	node_modules/filenamify/filenamify-path.js	
file	644	2111	265d54fba148e4c6b37d1e681774b644e9c7d660eb4eec50200c26daced4f11d	node_modules/filenamify/filenamify.js	
file	644	105	c93073ace940597e23f92e876dc557d9a56cd2e54843e50a137edf92456b335c	node_modules/filenamify/index.js	
file	644	1117	5c932d88256b4ab958f64a856fa48e8bd1f55bc1d96b8149c65689e0c61789d3	node_modules/filenamify/license	
file	644	797	30020be5af51f7b86ec4c73894f25e0c226ff5e26aec5332b321691fb466e286	node_modules/filenamify/package.json	
file	644	1284	4d8acd79a59809d66e78afef46c233a5ca7f088389841101a999fc3b00e0e6fd	node_modules/frac/dist/frac.js	
file	644	872	1d1e38ba90f2e3f0ca2b5312b09774dce489585439ca8eb6cfece964b5db4030	node_modules/frac/dist/frac.min.js	
file	644	1532	ceb4f0e191d3e229eb3459d66dd02884c68fcde0e148a723344b43fbd0a75ba8	node_modules/frac/dist/frac.min.map	
file	644	589	fc4d63efaee49af37d9036d8100a6e6bc311cfb98a08e834ff65b2d57bf5d193	node_modules/frac/dist/LICENSE	
file	644	1284	4d8acd79a59809d66e78afef46c233a5ca7f088389841101a999fc3b00e0e6fd	node_modules/frac/frac.js	
file	644	589	fc4d63efaee49af37d9036d8100a6e6bc311cfb98a08e834ff65b2d57bf5d193	node_modules/frac/LICENSE	
file	644	707	bc57485e348f35863c2139b81bdf46b79726ac01ff871db6291da173972f6c11	node_modules/frac/package.json	
file	644	343	2955847f19e39efd1d7b92f047be333025ed8d05c97b96310e7c00ebbbac88d1	node_modules/frac/types/tsconfig.json	
file	644	261	d854d5ad549b41d13350fca474c4f3f9982952d9b083a48e19929d5d50d93802	node_modules/frac/types/tslint.json	
file	644	1108	583aba43e0ae0ccfb6c3a790019486990ac9241337dc38005f0189586e18295a	node_modules/get-caller-file/index.js	
file	644	773	f2d123b5756280a04cf41e21594ace05b6f6cb4629361ed1c998c8f57d90c6fa	node_modules/get-caller-file/index.js.map	
file	644	745	902dbb4154679fb2b8d7c33878183f45b268d01eae5e5033dddaa8852d45f213	node_modules/get-caller-file/LICENSE.md	
file	644	769	7bb0caed4860b10da923110a095cedf8a443b2523448dce9951e4dcf9b14663f	node_modules/get-caller-file/package.json	
file	644	730	d7b1ba05914c0fc311c20e5618bf8d0893c9c74078a07975e2df981445e64887	node_modules/get-east-asian-width/index.js	
file	644	1117	5c932d88256b4ab958f64a856fa48e8bd1f55bc1d96b8149c65689e0c61789d3	node_modules/get-east-asian-width/license	
file	644	4734	f6b40f86c9a2a6808ec808fa8ddcb8da261254cc6121d37ffaeb2bf35dad1d5b	node_modules/get-east-asian-width/lookup-data.js	
file	644	2671	c80ecc22b120b27ef5ea9facb7000b8fd4ec037a84d9231d215f1c44bc9c21d0	node_modules/get-east-asian-width/lookup.js	
file	644	812	fe86d358ff267fedc2109cdca603cf379ec5112d5a1f5c0dc1fddec039e4b1e3	node_modules/get-east-asian-width/package.json	
file	644	650	4b08a7e9e3ffacbcf198a6abceb2338d52ac671899e52ccc2851c898bfccac42	node_modules/get-east-asian-width/utilities.js	
file	644	496	7258eca52e65d69845759503f9fdd66c252f40e5eafb76db5d481172e31ac9ed	node_modules/graceful-fs/clone.js	
file	644	12680	7da35669b6b6b0e4aafee31674c033f2cebb0c8f9ae010f709dcc185d3f17786	node_modules/graceful-fs/graceful-fs.js	
file	644	2655	60a6a7ecf7c3e55a3ffaae13433b6cff388b7205bba6daf393c863f77a949e36	node_modules/graceful-fs/legacy-streams.js	
file	644	791	f65c5d9f22a317b2a10803bd1868461ce6499c2ed7217bc80c0cc772a748789c	node_modules/graceful-fs/LICENSE	
file	644	600	5f558a45ee1f8ea431e950ab3864f842b9de5325e30a31ba1bd68f6f768457ed	node_modules/graceful-fs/package.json	
file	644	10141	66ea1687ed5edf39d67296d26edccc8da695d9a869303a78d0e580cd770aca27	node_modules/graceful-fs/polyfills.js	
file	644	19981	3d580a0188919a58035ca2700216bca7d143a1cae40bf8ef71237ca2396ef5a6	node_modules/ignore/index.js	
file	644	25250	1c1b72017f01670c8fb6816bdd8efbcd623da17095ebec976fea0d1aa4abcb54	node_modules/ignore/legacy.js	
file	644	1095	9c94db23dc4b1e9aaee5d195668b916afc71efed54af226b66cf0ccc4389c1c0	node_modules/ignore/LICENSE-MIT	
file	644	947	accfbdc79a57290007feff085026e86009eb566e5cd3df6eb2168fe7c5836850	node_modules/ignore/package.json	
file	644	4976	54ab2a07998e9efc1f79667ee52650479f22e6d6f2bd3bb9c629b1426f5b1906	node_modules/ini/ini.js	
file	644	765	4ec3d4c66cd87f5c8d8ad911b10f99bf27cb00cdfcff82621956e379186b016b	node_modules/ini/LICENSE	
file	644	541	d33d61b913908231b567e6de358fb53fe5f22bb71a6bf8e80f597c17870f8c92	node_modules/ini/package.json	
file	644	1609	1a7d02dfb2ee76b6f6c858ea8e9841c298412d3d33fd360badb99d7e1289932e	node_modules/ipull/dist/browser.js	
file	644	757	5b5e15991e4fe012f3bfef4bca4dc930c4452db4081153fc147d44348e27031f	node_modules/ipull/dist/browser.js.map	
file	755	2090	2820ef865c1c75479860ce0300593ed7b6740d72c6c9fe5aba3c56bb993686dc	node_modules/ipull/dist/cli/cli.js	
file	644	1952	0fd17db4d53e27fa08f38d41a6e1541a802d55151c7ef788011c22b2b1c6ebd0	node_modules/ipull/dist/cli/cli.js.map	
file	644	992	a745ff216962bbe491d5efc6d2c073bea51b46774eb2cea7943f30de5c706349	node_modules/ipull/dist/cli/commands/set.js	
file	644	951	b55a1440e5b09461a6f4323410c2834df4b398d408e27f1d939daed51db0a88d	node_modules/ipull/dist/cli/commands/set.js.map	
file	644	795	ba65e105c543e85cc5be612349a9d90258fad16ffb28a7eaffb9472ce2b726d0	node_modules/ipull/dist/cli/utils/find-download-dir.js	
file	644	984	82eb5fc1b562b42118c971b2baa436c825b5108f6ff0bf84cc2d31ebfd7b6941	node_modules/ipull/dist/cli/utils/find-download-dir.js.map	
file	644	345	8701c9cfbc033533758ca8e866dfa29ded3837579d05b0e3c1c417dab7565e15	node_modules/ipull/dist/const.js	
file	644	511	8efaf2bfb706cd0bab419abe8ff778c89d27b259f9fafaf541967a8c8099f6b1	node_modules/ipull/dist/const.js.map	
file	644	1086	fd1015810ada072424f5f4a2dddfeeb985656a0fa12260c95bd6185b1f50555b	node_modules/ipull/dist/download/browser-download.js	
file	644	793	a4f05f4fb1eb753a2e70a77e76b50a06ad9211862c65315eda1fe14be0ea5701	node_modules/ipull/dist/download/browser-download.js.map	
file	644	10881	09054bb4b3e4d7a20d3b769a1b1b230a36dea05e7837b1af90ead36c4d2b6071	node_modules/ipull/dist/download/download-engine/download-file/download-engine-file.js	
file	644	10544	e3d4c1e286114109358df84ce7380533340d0bfdf89e878ba55eb850975a77d7	node_modules/ipull/dist/download/download-engine/download-file/download-engine-file.js.map	
file	644	1315	833ca8c1c973d8beb2647cb4c1a293f28ee483038a6221a71d6799a07fe3b13c	node_modules/ipull/dist/download/download-engine/download-file/download-programs/base-download-program.js	
file	644	1322	de8707044d5dbca0152bd28bc30f8af1204214479276f4f99d576ae94712f2a8	node_modules/ipull/dist/download/download-engine/download-file/download-programs/base-download-program.js.map	
file	644	610	30f5d6d779c69352bd4aed745b8ec0e63789e6f7acecb3b4a9903c00cc144f34	node_modules/ipull/dist/download/download-engine/download-file/download-programs/download-program-chunks.js	
file	644	682	2f8a788ed672db8e87ab53e3c1c4b05b484ea9f975d9e04f9020a66c5d53e51f	node_modules/ipull/dist/download/download-engine/download-file/download-programs/download-program-chunks.js.map	
file	644	1328	a620ac73efbbd36f278644539dd5807302fd5eaa12d0c24692a1e6d458d00b0b	node_modules/ipull/dist/download/download-engine/download-file/download-programs/download-program-stream.js	
file	644	1485	25f00022469be2bf3c8e7fcb789582d1d9a5f689a6762a178bffb7b9149bbda6	node_modules/ipull/dist/download/download-engine/download-file/download-programs/download-program-stream.js.map	
file	644	493	d8341fdad1a7bd828b2696865017ec683826ad7781169d9860ff856a29366424	node_modules/ipull/dist/download/download-engine/download-file/download-programs/switch-program.js	
file	644	513	471e1d60a83b279a0a1dec2b72bd3c87ebc5e52246d243ab5fedb687a2b23ef6	node_modules/ipull/dist/download/download-engine/download-file/download-programs/switch-program.js.map	
file	644	2091	8784277af0ea6151cb6443e5dee86ed9d6e34ec1222625778d75208687ca0954	node_modules/ipull/dist/download/download-engine/download-file/progress-status-file.js	
file	644	1833	7365eba0279cababa9562e23b952d8ddf6e60bca86086fe74fb963476e63fd9e	node_modules/ipull/dist/download/download-engine/download-file/progress-status-file.js.map	
file	644	197	5f12817246e7dfa22037ed83b556369fbba7c0a21fcab8fdf77fae9e616709c7	node_modules/ipull/dist/download/download-engine/download-file/utils/push-comment.js	
file	644	342	910ce23c3bff393887efe37f3aa28fa5b9f1a1058c2cd7616836d342c03da09a	node_modules/ipull/dist/download/download-engine/download-file/utils/push-comment.js.map	
file	644	4828	b7ac4c60fe6645200c2a8918ec80647c807752a07e1fcac8305115f9a32aa23e	node_modules/ipull/dist/download/download-engine/engine/base-download-engine.js	
file	644	4364	0c37c735d5ecbbdc3b9821f5607c4a5ea43bb093bae3fb0c66326f92a3f5f08d	node_modules/ipull/dist/download/download-engine/engine/base-download-engine.js.map	
file	644	2688	0b7f0f650e4e15cb0a176f537773afbe354067a46b87b625b716ae945c149c6d	node_modules/ipull/dist/download/download-engine/engine/download-engine-browser.js	
file	644	1934	2897dd5e8fd1d07fc18b77dfc7bffbb0c9be71b3cca45c7669e3c10f653c2bf2	node_modules/ipull/dist/download/download-engine/engine/download-engine-browser.js.map	
file	644	6070	824e2177bde70bd04ff06c644d4102c68e4148becf675e2ea7030ae692fd6f92	node_modules/ipull/dist/download/download-engine/engine/download-engine-multi-download.js	
file	644	5643	49e645f9df30f23f7744ff1b4d6bf061234d4732dd83596df39edd5bdc96832c	node_modules/ipull/dist/download/download-engine/engine/download-engine-multi-download.js.map	
file	644	6958	388e413ede547d38f94126c9bde3856818b63e3f954858b5392e2fb5641e9851	node_modules/ipull/dist/download/download-engine/engine/download-engine-nodejs.js	
file	644	5428	3d90fb9f1f699d0698e560bad4e9bf61c7e47452cadc225a5e1ff5fe8d9747fd	node_modules/ipull/dist/download/download-engine/engine/download-engine-nodejs.js.map	
file	644	245	4826f8bcd549f30d280e74a85a4f06441b99a66a59b39cbf549f8c8eb0e5d6e8	node_modules/ipull/dist/download/download-engine/engine/error/download-already-started-error.js	
file	644	330	70c7f1b0606db2fe23ca8bca360756e77a386ffb04ea5251a426725a32da0b05	node_modules/ipull/dist/download/download-engine/engine/error/download-already-started-error.js.map	
file	644	156	b54fff079d9e100b448155626046385d500f7d405d9eab9fa53979e259a15cd5	node_modules/ipull/dist/download/download-engine/engine/error/engine-error.js	
file	644	243	cfcd5ce2a7ce658b4217e79a0be2a4d00aaa4e293910a9015dce161423729a00	node_modules/ipull/dist/download/download-engine/engine/error/engine-error.js.map	
file	644	267	59b53ebb3ad982606fdab84d407bb0b90fe040f6e879a77aefb2f4481294450e	node_modules/ipull/dist/download/download-engine/engine/error/invalid-content-length-error.js	
file	644	347	7990734395cc648c4d43ca642e25cde565a656dde3573b7389be23413aa24d7a	node_modules/ipull/dist/download/download-engine/engine/error/invalid-content-length-error.js.map	
file	644	204	7089ce5ee720add3de9a1384530fd7d9010f8e317d450208741698700e3959b6	node_modules/ipull/dist/download/download-engine/engine/error/InvalidOptionError.js	
file	644	305	551910fbfac70da5101954ca95ea957ee2ea0a0650b423ca3938d033fc8f2548	node_modules/ipull/dist/download/download-engine/engine/error/InvalidOptionError.js.map	
file	644	155	29cda3d610c18fa78ea5d8d6e0e7531ab9e6268cd408d6e8842fa53ef48bc72e	node_modules/ipull/dist/download/download-engine/engine/error/missing-event-error.js	
file	644	259	399011c95be2a29336ac8f31966882b5038ba14d3ad2b11d46c034703c110025	node_modules/ipull/dist/download/download-engine/engine/error/missing-event-error.js.map	
file	644	280	b9e311f3d116976de387fc05bfab4b9bfc8b6c9dcc5317b4172fd4d247071956	node_modules/ipull/dist/download/download-engine/engine/error/no-download-engine-provided-error.js	
file	644	347	cd23dda7806f4f9edc96379d1163747a2def8b7e916e5160dcb7146da50d38f3	node_modules/ipull/dist/download/download-engine/engine/error/no-download-engine-provided-error.js.map	
file	644	228	a6e07c54fa4179d4d1128b608a3636045d23deb3257a5662324a542d01372160	node_modules/ipull/dist/download/download-engine/engine/error/save-path-error.js	
file	644	321	cc57ee8e0e4907ef712457d907399efbfe10955f1afe9f2055ae74ea4da7b7d5	node_modules/ipull/dist/download/download-engine/engine/error/save-path-error.js.map	
file	644	228	0e11d873593750a2fc4689076b1b1b7a6bca43edd1566d16cf86c67ab2c9586b	node_modules/ipull/dist/download/download-engine/engine/error/url-input-error.js	
file	644	321	d9b1838c792eae1411d93010065b17fa55ba52f5c25b69e3f9c4f7813bfd2d5d	node_modules/ipull/dist/download/download-engine/engine/error/url-input-error.js.map	
file	644	680	c5abd8524b3866bfbc9d7c690e9f093157c2450b68887cb521ddadda3c385fd7	node_modules/ipull/dist/download/download-engine/engine/utils/concurrency.js	
file	644	763	2087a15f88667b97c9f382e2f3202e56ca1d5ff26cdc519a1e3edaa876074aab	node_modules/ipull/dist/download/download-engine/engine/utils/concurrency.js.map	
file	644	5387	ad0b41bc19ea94c734ddca6bd8fe21544afaed8cb6ce88b9d4d1b2a99b8cc081	node_modules/ipull/dist/download/download-engine/streams/download-engine-fetch-stream/base-download-engine-fetch-stream.js	
file	644	5208	1ac8b4ca97831df71c380acf775894ed6da36315b2ed4bcc23c2441a8f2d9dc4	node_modules/ipull/dist/download/download-engine/streams/download-engine-fetch-stream/base-download-engine-fetch-stream.js.map	
file	644	5034	51218d1bf1858cfe58e84a3d8403946e149e932cd43235716d231a42eb0469a2	node_modules/ipull/dist/download/download-engine/streams/download-engine-fetch-stream/download-engine-fetch-stream-fetch.js	
file	644	4563	9b1e80fd352130a14c1e2418d0b9204637f0c6d0fde06aaad317e555cb29a006	node_modules/ipull/dist/download/download-engine/streams/download-engine-fetch-stream/download-engine-fetch-stream-fetch.js.map	
file	644	1964	933a6f71e21d26dc495d9460d1c290c497d5a016dff9652ef99449128dabb163	node_modules/ipull/dist/download/download-engine/streams/download-engine-fetch-stream/download-engine-fetch-stream-local-file.js	
file	644	2096	e7f83089538ac0f82f4b72f86366b1e9949b6875a62c32bb8dac79caf7ebb859	node_modules/ipull/dist/download/download-engine/streams/download-engine-fetch-stream/download-engine-fetch-stream-local-file.js.map	
file	644	8258	2bf91d7ea4e19dd6c517bcff36321c03983da252c39b1227f21737d6c687c018	node_modules/ipull/dist/download/download-engine/streams/download-engine-fetch-stream/download-engine-fetch-stream-xhr.js	
file	644	7730	1888260d8ecd1b41274682f0fb597c73fa8fb375587938b1804e95e239dbfb15	node_modules/ipull/dist/download/download-engine/streams/download-engine-fetch-stream/download-engine-fetch-stream-xhr.js.map	
file	644	303	eabee9ff5b18742b5b3c44e284bd0bcb9500905af5da9071a985a4acf330e2fb	node_modules/ipull/dist/download/download-engine/streams/download-engine-fetch-stream/errors/empty-response-error.js	
file	644	413	4b15f9c71ee8cafe8e709a3268054388e439f9d0746d7478fec1580d6ba7ac19	node_modules/ipull/dist/download/download-engine/streams/download-engine-fetch-stream/errors/empty-response-error.js.map	
file	644	170	c2c3ff5d9adf21d5e73796c7cd591d2a975fd971078e078ca7f2003fe1e412b4	node_modules/ipull/dist/download/download-engine/streams/download-engine-fetch-stream/errors/fetch-stream-error.js	
file	644	291	1c10c98366cdfde7b99cacb1e54e854cf26244f161608ca246e1e7fc02fb798a	node_modules/ipull/dist/download/download-engine/streams/download-engine-fetch-stream/errors/fetch-stream-error.js.map	
file	644	230	9035c2527e03b050af88e93fc7a8d3e690278d2e3e4a97241530e422725898fc	node_modules/ipull/dist/download/download-engine/streams/download-engine-fetch-stream/errors/http-error.js	
file	644	289	d365290517cbaa0ef78b7911e1e722d22f55ebed3a31d42c8dbd4c6a41697e13	node_modules/ipull/dist/download/download-engine/streams/download-engine-fetch-stream/errors/http-error.js.map	
file	644	454	0482efe9411efffea7141751ab9162b10395e64e2a6c9863751d67ceece51cf0	node_modules/ipull/dist/download/download-engine/streams/download-engine-fetch-stream/errors/invalid-content-length-error.js	
file	644	405	865402b84296349f7c27868cc0502e3bef4fd10aa1c05da7b7a1bd3df4c0cb55	node_modules/ipull/dist/download/download-engine/streams/download-engine-fetch-stream/errors/invalid-content-length-error.js.map	
file	644	249	c45ef0517e48d10060ceae41dc8ca656e982972c8e9293cffffe605eb6f1cba8	node_modules/ipull/dist/download/download-engine/streams/download-engine-fetch-stream/errors/path-not-a-file-error.js	
file	644	371	9072307aa68d4ba9c4ac497a2544dcdc9f1516d471f69b760a5902c5e44f902b	node_modules/ipull/dist/download/download-engine/streams/download-engine-fetch-stream/errors/path-not-a-file-error.js.map	
file	644	1085	c48769e1a07984a23340b6cfff658e517d25409796eaac4b83024f804f5783d8	node_modules/ipull/dist/download/download-engine/streams/download-engine-fetch-stream/errors/status-code-error.js	
file	644	1102	c42776f594d0e250383e3fb1b22dccc205b5089f4fda9dac6a2aa533c6775ed5	node_modules/ipull/dist/download/download-engine/streams/download-engine-fetch-stream/errors/status-code-error.js.map	
file	644	152	2a1acd0c598cfa7bab37cd8be4cd0702858fbe9bb015fa85392642a06741c222	node_modules/ipull/dist/download/download-engine/streams/download-engine-fetch-stream/errors/xhr-error.js	
file	644	275	5637d90573ea5fba683f7d2770241238398d394a44739f28c12eb263b15c3b49	node_modules/ipull/dist/download/download-engine/streams/download-engine-fetch-stream/errors/xhr-error.js.map	
file	644	159	04481ea3835d9c6a0b0d7d4a03c9bdfdf07fa2facfbb4fb364575aa4da4681ba	node_modules/ipull/dist/download/download-engine/streams/download-engine-fetch-stream/utils/browserCheck.js	
file	644	300	65171ad914dbb5fd1d7e6fc46f1065af4b369f08bbdbe1d0aaffbd877c29bd08	node_modules/ipull/dist/download/download-engine/streams/download-engine-fetch-stream/utils/browserCheck.js.map	
file	644	334	d8b9fd76e706b7f141a721d96747fe3952afdbed95b051bb2b6c011b9d3cf333	node_modules/ipull/dist/download/download-engine/streams/download-engine-fetch-stream/utils/content-disposition.js	
file	644	522	963f5be58e27a45994f12d7ef0bd25eb4bf40860407b90a54ff9729d2e31ff07	node_modules/ipull/dist/download/download-engine/streams/download-engine-fetch-stream/utils/content-disposition.js.map	
file	644	547	0bbbb26e9b11e5dfdec40a7336aa9542fe37cbd7aefae1e9f33062250013bce5	node_modules/ipull/dist/download/download-engine/streams/download-engine-fetch-stream/utils/httpRange.js	
file	644	809	55d56bfd26a9ffa56346ac549091c358465c8e26ad4523e323bd95af96abd723	node_modules/ipull/dist/download/download-engine/streams/download-engine-fetch-stream/utils/httpRange.js.map	
file	644	1305	faf12e5348d93e73c7751d13e33293d63211d2cb7cd4ef429f69f298ae9fc570	node_modules/ipull/dist/download/download-engine/streams/download-engine-fetch-stream/utils/retry-async-statement.js	
file	644	1493	74b19e58998f11a36be53b341ceb103c2b0590baef83e24b2381b67dcc3ead19	node_modules/ipull/dist/download/download-engine/streams/download-engine-fetch-stream/utils/retry-async-statement.js.map	
file	644	1765	ee0803578668291177123bc58c33fed5d209e0c9088013519f1cd5502be3dc15	node_modules/ipull/dist/download/download-engine/streams/download-engine-fetch-stream/utils/smart-chunk-split.js	
file	644	1970	17aa8f4c386b914d32cb35997e7060f0697c09dc040bed62d114af77355e6a25	node_modules/ipull/dist/download/download-engine/streams/download-engine-fetch-stream/utils/smart-chunk-split.js.map	
file	644	1043	c6baed89b249ef2009f2a3ccff8b3f0c53453521abcefc9e14c9e8632b77a6ad	node_modules/ipull/dist/download/download-engine/streams/download-engine-fetch-stream/utils/stream-response.js	
file	644	1400	22ad802faed1312bba5c9092c7cb725bdaf089bbff2c734428a782d50bfd4ae6	node_modules/ipull/dist/download/download-engine/streams/download-engine-fetch-stream/utils/stream-response.js.map	
file	644	136	44913508812cbfaa5fff8b369195b202864b3c6a472f78c7e0aba1c682093634	node_modules/ipull/dist/download/download-engine/streams/download-engine-write-stream/base-download-engine-write-stream.js	
file	644	290	10a4c2a2e33fad2a79d3f292340cb91096fdb2456f359a07957a2fc9237a64c0	node_modules/ipull/dist/download/download-engine/streams/download-engine-write-stream/base-download-engine-write-stream.js.map	
file	644	1851	41e321751eb41e4c61fd96983c5ad7f273737966ebdbb4b947f6c26229f05377	node_modules/ipull/dist/download/download-engine/streams/download-engine-write-stream/download-engine-write-stream-browser.js	
file	644	1936	4853157be32b4433c78e00ed6453f57ba1d9f197bb6a58f40be33a6200eb87fb	node_modules/ipull/dist/download/download-engine/streams/download-engine-write-stream/download-engine-write-stream-browser.js.map	
file	644	4185	eddb74c949e912ba268d037f548f13568a7494af43e299bf973a70eda5b3e5be	node_modules/ipull/dist/download/download-engine/streams/download-engine-write-stream/download-engine-write-stream-nodejs.js	
file	644	4281	ae9fa232c658dd3990e7fdbca30c14017c4d6763a783012d70e71729d00e88bc	node_modules/ipull/dist/download/download-engine/streams/download-engine-write-stream/download-engine-write-stream-nodejs.js.map	
file	644	233	016a2fb0d67232734fdd7cb7b87593e32d04e062d49e655eef72c0262e16c6f3	node_modules/ipull/dist/download/download-engine/streams/download-engine-write-stream/errors/writer-error.js	
file	644	345	a49410f93007d9801ff92aaa160c01a5a7b488fe564b87dfc4356262eeb21ff3	node_modules/ipull/dist/download/download-engine/streams/download-engine-write-stream/errors/writer-error.js.map	
file	644	238	db824d76d416ecd65ca5193edb653a91cd1d490f2f65e89a7295786b8c965dfa	node_modules/ipull/dist/download/download-engine/streams/download-engine-write-stream/errors/writer-is-closed-error.js	
file	644	369	a083a5e802edf3cef67361d5eda9ffca63ce08df09867ad5b816f06625ea620b	node_modules/ipull/dist/download/download-engine/streams/download-engine-write-stream/errors/writer-is-closed-error.js.map	
file	644	245	aaafe7459e8ecca19c1f1ce0c4581502cb8303874ee7138d6e245b47336ac1d6	node_modules/ipull/dist/download/download-engine/streams/download-engine-write-stream/errors/writer-not-define-error.js	
file	644	371	c0304541809ce1374efeed3a4d3e75518ccced1e5de71f7ae775b2166dbbb4ff	node_modules/ipull/dist/download/download-engine/streams/download-engine-write-stream/errors/writer-not-define-error.js.map	
file	644	311	88fe62fb999b13930cc0835792c1b36e2a02cfac289314574eef06e22413b8c5	node_modules/ipull/dist/download/download-engine/types.js	
file	644	257	ddea687d91e017d54fb7f0b96089ad4853883fb7aa3682cff490d77dfaa398aa	node_modules/ipull/dist/download/download-engine/types.js.map	
file	644	1873	b9a48f4e10b33c3e8d1d95e339805de1791182d24ec41850398c452c22dc0584	node_modules/ipull/dist/download/node-download.js	
file	644	1428	cdbf33f12c1fc3b77459334b407c312ef405ccc0ee914c28fee8d3ff0a85123f	node_modules/ipull/dist/download/node-download.js.map	
file	644	2364	905aeb43a721d5ea03d85585f6819dac7d12495c0d539f7f25a7f23c972ba962	node_modules/ipull/dist/download/transfer-visualize/format-transfer-status.js	
file	644	2184	145f2b4d91072b866feefd1548301322ae0f8565da99b45389c70e1dbaf13ab2	node_modules/ipull/dist/download/transfer-visualize/format-transfer-status.js.map	
file	644	3847	78d399c85691e990337142259b2fddefa08837f08a00c9f5cd92f150c3e1ca50	node_modules/ipull/dist/download/transfer-visualize/progress-statistics-builder.js	
file	644	3504	7c5f6d8b5ff506cb08a8025c23cf666915f052bc66c7acad86e0ae39058501ba	node_modules/ipull/dist/download/transfer-visualize/progress-statistics-builder.js.map	
file	644	2296	21d391673e25c3ada0be1f02de27595fc2b712b9cb3d49174918b5c6e57a65ad	node_modules/ipull/dist/download/transfer-visualize/transfer-cli/cli-animation-wrapper.js	
file	644	2208	75f76bb2f7e0537ec16343819db6fce9669ac1a228086ee6ae9ecdb03699af18	node_modules/ipull/dist/download/transfer-visualize/transfer-cli/cli-animation-wrapper.js.map	
file	644	1580	4923709f8d7bb8dc6d3a18bae51c0c1136be59822ced815864b0614816e58512	node_modules/ipull/dist/download/transfer-visualize/transfer-cli/loading-animation/base-loading-animation.js	
file	644	1726	5a911ad4c7b3b2221607324f6bcac7fa349bbc8c905d3e40c7cb75cec175d85c	node_modules/ipull/dist/download/transfer-visualize/transfer-cli/loading-animation/base-loading-animation.js.map	
file	644	782	2b77d801db759bd78fa559c5d2ceb83643c14a0de858da90679babdb17d42486	node_modules/ipull/dist/download/transfer-visualize/transfer-cli/loading-animation/cli-spinners-loading-animation.js	
file	644	894	51f258608b7931f240cceca02257afb78e589a4d71ee80f5bc040ac1a59f3f1e	node_modules/ipull/dist/download/transfer-visualize/transfer-cli/loading-animation/cli-spinners-loading-animation.js.map	
file	644	2556	d52b22b20892f3b28d552d86de2d9826c6900c88a72f43ecd49fe04794c0d6a0	node_modules/ipull/dist/download/transfer-visualize/transfer-cli/multiProgressBars/BaseMultiProgressBar.js	
file	644	2382	4308ff0187b137448c21ee402448fcf69d57281b7fa9bb0464bd68b85682f994	node_modules/ipull/dist/download/transfer-visualize/transfer-cli/multiProgressBars/BaseMultiProgressBar.js.map	
file	644	296	854e47f0e83a08aee7d412c95d61a58c28ad0ce2d9fd9513ff7bb2616487d535	node_modules/ipull/dist/download/transfer-visualize/transfer-cli/multiProgressBars/CIMultiProgressBar.js	
file	644	394	e4363c93bc76f9834f918040e861e1a87676a0b043ad2aaf467ac67e5c977abf	node_modules/ipull/dist/download/transfer-visualize/transfer-cli/multiProgressBars/CIMultiProgressBar.js.map	
file	644	1884	780c9d8945c3bb00ebcd45957e1b97bb5779168a4cfbfc98663a057b45d1c2ca	node_modules/ipull/dist/download/transfer-visualize/transfer-cli/multiProgressBars/SummaryMultiProgressBar.js	
file	644	1824	32952aa5f8810ff289815e883be03fe8424ffe650524e01e910f810a7da025f9	node_modules/ipull/dist/download/transfer-visualize/transfer-cli/multiProgressBars/SummaryMultiProgressBar.js.map	
file	644	10230	11eb175309ea71ce998a02d5d488a0df921e71f4de0026dc8af591ecba329701	node_modules/ipull/dist/download/transfer-visualize/transfer-cli/progress-bars/base-transfer-cli-progress-bar.js	
file	644	8604	a091aefd9b4169d2e548aa14dff5c467267d320c71b8b6bfbfbf3847ae05f5ff	node_modules/ipull/dist/download/transfer-visualize/transfer-cli/progress-bars/base-transfer-cli-progress-bar.js.map	
file	644	417	3f3dfe20f0e533c5250b53fff6e5863ebeee43412e089e01ca6f0564115a3cb5	node_modules/ipull/dist/download/transfer-visualize/transfer-cli/progress-bars/ci-transfer-cli-progress-bar.js	
file	644	431	12dd5e7faf0a4ea9aba87fa4fc46d487c2912ec0d8d94af80792d9f273ba7ffc	node_modules/ipull/dist/download/transfer-visualize/transfer-cli/progress-bars/ci-transfer-cli-progress-bar.js.map	
file	644	5792	1e413ff2c5698ccaa4a9f9a6bdd30bbd802d987033a9084d932e5de3ca866029	node_modules/ipull/dist/download/transfer-visualize/transfer-cli/progress-bars/fancy-transfer-cli-progress-bar.js	
file	644	4798	4957580334024d8f9dd33f3cad9427adf3e1502c1b137983cd5401bf54c93398	node_modules/ipull/dist/download/transfer-visualize/transfer-cli/progress-bars/fancy-transfer-cli-progress-bar.js.map	
file	644	3540	a9af66f30c7824dab5e451b269a7796976feb7fe40110f8e80f2711aef970ec5	node_modules/ipull/dist/download/transfer-visualize/transfer-cli/progress-bars/summary-transfer-cli-progress-bar.js	
file	644	2790	a02570fde01aa1b947e4dd06149b407f1a9789b0cd0202d213d5babd074140dc	node_modules/ipull/dist/download/transfer-visualize/transfer-cli/progress-bars/summary-transfer-cli-progress-bar.js.map	
file	644	1163	a7a9a3676be5882287b8f439b59a91fd9d19e06297b274160ac3dee0054dc7fc	node_modules/ipull/dist/download/transfer-visualize/transfer-cli/progress-bars/switch-cli-progress-style.js	
file	644	998	b115baa3a6e70e85cce884139bf105406baa683606c29f0800288c24d07a4b50	node_modules/ipull/dist/download/transfer-visualize/transfer-cli/progress-bars/switch-cli-progress-style.js.map	
file	644	3806	5241dea5c3a467d175488ce7e335dd748b462ca60f503d577dc654e1f0ac949f	node_modules/ipull/dist/download/transfer-visualize/transfer-cli/transfer-cli.js	
file	644	3416	656cebab0cc351c3242eafe1859c25c7d1f98b355e6d68378c5ffd4d6ac36ed2	node_modules/ipull/dist/download/transfer-visualize/transfer-cli/transfer-cli.js.map	
file	644	2314	543d3a991909b2d8a27bca744f581ee6128057f43aa45de1ba14f89e30917d83	node_modules/ipull/dist/download/transfer-visualize/transfer-statistics.js	
file	644	1939	f8adfabe6548ff282ac2724c36befda355578654b3de6798b405b384b7626e62	node_modules/ipull/dist/download/transfer-visualize/transfer-statistics.js.map	
file	644	775	e55f90caaf23d27c6667131b4b292e3c9b85fc3d81935a7f9c509659a77fbb85	node_modules/ipull/dist/download/transfer-visualize/utils/cli-text.js	
file	644	1028	9f034852a71f1fd4f449fc3caeff6e6f10decd98026b7739ec5095315a92d129	node_modules/ipull/dist/download/transfer-visualize/utils/cli-text.js.map	
file	644	2382	b7d5a04827ad5a3a67a2205d125a8f259bce4e64c81d240ac0562ba494438d63	node_modules/ipull/dist/download/transfer-visualize/utils/data-line.js	
file	644	2774	49cf14503eb4cf47c030471504f5c6f04848522944a754455a7ffc157920bd28	node_modules/ipull/dist/download/transfer-visualize/utils/data-line.js.map	
file	644	149	387e33a1ab1093b6dc8135828c551eaa683d1fadd284942bba682b5fbdd5061a	node_modules/ipull/dist/download/transfer-visualize/utils/numbers.js	
file	644	330	966fbe1f36d8b5a8bc1d6cb562aae0ecb43864c7ff846e39aa0612cd1da190eb	node_modules/ipull/dist/download/transfer-visualize/utils/numbers.js.map	
file	644	508	5e7b1d7d456ce6a9b75e810f94ff5d2db814477629575ea67b994027189df29b	node_modules/ipull/dist/download/transfer-visualize/utils/progressBarIcons.js	
file	644	708	28d383808ccabfc4ef51fcc5a7a8b77fdeaeeae9242edd68f5d6e88ad9d08802	node_modules/ipull/dist/download/transfer-visualize/utils/progressBarIcons.js.map	
file	644	89	1ac7fdf0d98918e3488071cf60ad72f767e962a43a801e306081fabada2c82c3	node_modules/ipull/dist/errors/ipull-error.js	
file	644	168	0898005ce07bbd81c63a1319d43f64d62db3ff2bd0f6589918a3eb1658819db2	node_modules/ipull/dist/errors/ipull-error.js.map	
file	644	1871	52906fbcf142ac0cacdb638f614faa36362d1bca480eb572eed0d1bdddaa6b7d	node_modules/ipull/dist/index.js	
file	644	856	cfd5aef487a54c50921dfbf2fa2a2f64e4a43154f87a1bb3d276da630723369a	node_modules/ipull/dist/index.js.map	
file	644	221	9d5c2961da36b110ae9e7815a8d3e776dd75b95b73869b78a2344ed7ef3ba1dd	node_modules/ipull/dist/settings/settings.js	
file	644	344	f3b0b48bdd299728d293cb51dd61f601a96542a0b06e138d363cee47d7c66467	node_modules/ipull/dist/settings/settings.js.map	
file	644	1063	626c443260b45d1c58eab0f8919952b141dff03d6be4925400e3457064a36272	node_modules/ipull/LICENSE	
file	644	590	705ea426fac3c94d1290359e7d5a9d5dc53762c6ddee16f4852ba6aca47442cc	node_modules/ipull/node_modules/ansi-regex/index.js	
file	644	1117	5c932d88256b4ab958f64a856fa48e8bd1f55bc1d96b8149c65689e0c61789d3	node_modules/ipull/node_modules/ansi-regex/license	
file	644	671	f385f436c8ad37de906ac508729ce7c9e0198d3313d639e3168169a7d3fcdfac	node_modules/ipull/node_modules/ansi-regex/package.json	
file	644	5256	92efdc3e5203d02d1710ff60dea3965066f97a77c0feaaa919b2693c989b7ec1	node_modules/ipull/node_modules/ansi-styles/index.js	
file	644	1117	5c932d88256b4ab958f64a856fa48e8bd1f55bc1d96b8149c65689e0c61789d3	node_modules/ipull/node_modules/ansi-styles/license	
file	644	626	0c0d2eb8063e3016116e6d9e38ae9983803c8676bac4093e3697ac34e61f8be7	node_modules/ipull/node_modules/ansi-styles/package.json	
file	644	1117	5c932d88256b4ab958f64a856fa48e8bd1f55bc1d96b8149c65689e0c61789d3	node_modules/ipull/node_modules/chalk/license	
file	644	1096	0328bfe18340b7d14691e6aa6187bff9c04d3682fe3e7f2b75bb288754b7bb1a	node_modules/ipull/node_modules/chalk/package.json	
file	644	5902	64b22b1c442e6d460069807b521bf0a84e112c00c2b4163bc59deab20a9292db	node_modules/ipull/node_modules/chalk/source/index.js	
file	644	997	698ce3cb21b00b570631742d3a9e168de31df74b3a88220c4bcf18ac30fd00cd	node_modules/ipull/node_modules/chalk/source/utilities.js	
file	644	5256	92efdc3e5203d02d1710ff60dea3965066f97a77c0feaaa919b2693c989b7ec1	node_modules/ipull/node_modules/chalk/source/vendor/ansi-styles/index.js	
file	644	607	af136d242c06422a0004775bdf11d9e25a05b1ec54a6932315dc016d22d8b440	node_modules/ipull/node_modules/chalk/source/vendor/supports-color/browser.js	
file	644	3965	e82368a5f05d145e33de6ae3464056511664b620735ef58d1800a7bcda6691e5	node_modules/ipull/node_modules/chalk/source/vendor/supports-color/index.js	
file	644	2808	94772d86a718ebeefa1273918175b3816fa051a4d544ce565bcc53c58d5fc74f	node_modules/ipull/node_modules/ci-info/index.js	
file	644	1086	f58943cb354fb2707fea2f7b26b04e6014ddb56835cdfd414c9d2c6c59165b64	node_modules/ipull/node_modules/ci-info/LICENSE	
file	644	782	a065443ca4ef9ed282b6764a891be5f76ff602833bc4d588f5205140105c944c	node_modules/ipull/node_modules/ci-info/package.json	
file	644	6503	6f7c8fb6aa7e53b4bd3bcd02f462af6e632b9ab90af842bb7678306dea30875b	node_modules/ipull/node_modules/ci-info/vendors.json	
file	644	309	7ddd44a96bb575484e1867113ae53bdb0e9b203bd83edb6320b864753ee447f4	node_modules/ipull/node_modules/commander/esm.mjs	
file	644	798	d4f8af488a7a08cd71df8503fcc3e5f2fd61e9b26eb368ecd5cc8159862cde3f	node_modules/ipull/node_modules/commander/index.js	
file	644	3174	7386275ac0ab2e0217de1285cc69e67829d1be32943cea13d024caf12c7a87e7	node_modules/ipull/node_modules/commander/lib/argument.js	
file	644	70043	4e19c6a1838321c53f41c331e7ae70b07c8680157dfdcd12b910677681e49d20	node_modules/ipull/node_modules/commander/lib/command.js	
file	644	1240	c69bbc276b3c7fec052f930b9de091db2206646761f765a2077d5731f763dc55	node_modules/ipull/node_modules/commander/lib/error.js	
file	644	14281	30a736728f9fba80a2b46e8e9983914bdbcf052bc066ac40d856a8e29de10034	node_modules/ipull/node_modules/commander/lib/help.js	
file	644	8651	2860c77972059dbfc47332172809496fab4631359d6b4060f30aa6f615bf5d2e	node_modules/ipull/node_modules/commander/lib/option.js	
file	644	2765	2f96448988ab89b4acd941d298e51bb103544bf65b60eb0a4260a26a8b39bb57	node_modules/ipull/node_modules/commander/lib/suggestSimilar.js	
file	644	1098	04512a63dce4d2d506ad612dc0bd7681ccf6e3655f7b6eaef7dfac8323d1ec0b	node_modules/ipull/node_modules/commander/LICENSE	
file	644	231	b07a441d1dbc88588a2e7f219d43a5ea9b7c429a44f119caa49229da86bb0063	node_modules/ipull/node_modules/commander/package-support.json	
file	644	1459	822e84503fbb2111a91aa16b3c8f7a1c69d8e26c61433891a040388b28040112	node_modules/ipull/node_modules/commander/package.json	
file	644	5929	7b7e567e1d6212920d9239069036dbc234bd4b9160d243ad415d885d35659eb9	node_modules/ipull/node_modules/fs-extra/lib/copy/copy-sync.js	
file	644	5988	69b2573cad17fedc821be48ae2d3fdaa0986db1053d90d3404b2f819f8f2eb7d	node_modules/ipull/node_modules/fs-extra/lib/copy/copy.js	
file	644	146	d935e170aa9a282a5fcf796cf2d21306cbeb8822c92c8e7ef73182b9e32b3f82	node_modules/ipull/node_modules/fs-extra/lib/copy/index.js	
file	644	747	1096edcb5ec0ed015b36914beff0826f6cd5d7ce2645ee9dee60c0b272e57856	node_modules/ipull/node_modules/fs-extra/lib/empty/index.js	
file	644	1459	f97c89606abb7c256eefd7acf35fc37a60a002768696125905df3944ac792d07	node_modules/ipull/node_modules/fs-extra/lib/ensure/file.js	
file	644	542	77ccb9b4d1eab607ce7ba8d3d5bed59b0cb9cc4748d02aa896a2413b71dbfe60	node_modules/ipull/node_modules/fs-extra/lib/ensure/index.js	
file	644	1438	ddb60e2e233764a9bba933f97e3cc534a370e66c44a0dcc02eb24b16e8ca12d7	node_modules/ipull/node_modules/fs-extra/lib/ensure/link.js	
file	644	3103	25cdbbe6724088ddd28fe8ac10dfab9f18a93cf6fdb14e7be41fdc29e13767d5	node_modules/ipull/node_modules/fs-extra/lib/ensure/symlink-paths.js	
file	644	596	ef80c7221f923205bd4472d166d79d4f75f683dd1f32d342f2fef5ee64fb2796	node_modules/ipull/node_modules/fs-extra/lib/ensure/symlink-type.js	
file	644	3388	c693e0a7f8034527e556482bb52ad08322d1410368766b540b00beb3b7679ffe	node_modules/ipull/node_modules/fs-extra/lib/ensure/symlink.js	
file	644	2643	b36459bfe3f6fc629e6fa5fa37cf4654dfff6bf475455cf3851c43ef3ae6e598	node_modules/ipull/node_modules/fs-extra/lib/esm.mjs	
file	644	3835	62ceb1a4526cf820140c4d7fbf86ca0a330108a1d7929daa3db69e565fd58367	node_modules/ipull/node_modules/fs-extra/lib/fs/index.js	
file	644	358	4967e903b3dc290f2b401b81bfcad8b2d94fd68c1bf4563df63ac082af0e1dae	node_modules/ipull/node_modules/fs-extra/lib/index.js	
file	644	508	c5ac6a8005308e5bb36619fed225c987872300d356fa95d0d56878029ebbdc45	node_modules/ipull/node_modules/fs-extra/lib/json/index.js	
file	644	238	a986ad3c13166f3bf8f30b18140bfc8ea1754760ab3802aa7c8c3780d54f07ba	node_modules/ipull/node_modules/fs-extra/lib/json/jsonfile.js	
file	644	276	a68fde22ad1a194755de03e90861805248f883342e05bd685258e76a90e7a6ab	node_modules/ipull/node_modules/fs-extra/lib/json/output-json-sync.js	
file	644	277	b738aaf8ff9aae265b0512cb2554e1f8ce8605d21dc6230189a9be6980079fc8	node_modules/ipull/node_modules/fs-extra/lib/json/output-json.js	
file	644	328	adcd576e2e3868b94adb1bad6d1e3cf2312ffdfa71e49a57fe6247e116e75ecf	node_modules/ipull/node_modules/fs-extra/lib/mkdirs/index.js	
file	644	545	23c7ce8a3d6b39d1c7cf5d16ba6447c1690a6fdaa8c5f41e6b76526b7afe96f3	node_modules/ipull/node_modules/fs-extra/lib/mkdirs/make-dir.js	
file	644	1655	5372a36f4b2c5023788c23dbc6639155cb016a1b111e8fc1d6bf97cbaf11b1f8	node_modules/ipull/node_modules/fs-extra/lib/mkdirs/utils.js	
file	644	146	ee7ac772c9ed6ca64adf993498c1199fb72bc9a05b49b7b4b8185ac71dacf930	node_modules/ipull/node_modules/fs-extra/lib/move/index.js	
file	644	1515	639191af40bebf2a1dc76ee0c5317282d352461ece1d165537bc7096b80818c5	node_modules/ipull/node_modules/fs-extra/lib/move/move-sync.js	
file	644	1523	81fca78408ac2a838f6c7f75c871b5b5b9649b7260addf0c21464eb9d8b32a9b	node_modules/ipull/node_modules/fs-extra/lib/move/move.js	
file	644	657	5226ff89a2c66941f0aa322d81c68e199b5d554a99fe71cbd7a740663e541722	node_modules/ipull/node_modules/fs-extra/lib/output-file/index.js	
file	644	263	5ce096c95daec0259817248921b39a9e0df4d342db171138ccb62440cc7a0cbe	node_modules/ipull/node_modules/fs-extra/lib/path-exists/index.js	
file	644	331	0ac7807ffba679e0d8fee03d3879da7f3d99bc16e8db6c6494c8eaf9ec5608b6	node_modules/ipull/node_modules/fs-extra/lib/remove/index.js	
file	644	806	1f6e8aa79654041ebb8513719a4e8689e0c71e70a0653bd6f6cf8af90f9138b3	node_modules/ipull/node_modules/fs-extra/lib/util/async.js	
file	644	5747	36a604d33561abc620e32ebdfd02b5b744d25177f1ea2036bb5b38799ccc970f	node_modules/ipull/node_modules/fs-extra/lib/util/stat.js	
file	644	882	6b20f591e8ff8c6d6bdf6d7603a73f135fd1bc54ed2255ece5449be63b50c01b	node_modules/ipull/node_modules/fs-extra/lib/util/utimes.js	
file	644	1084	c6a7de1428955aa5a692f4d3a3d3ede658d959616944713337cda296736442e1	node_modules/ipull/node_modules/fs-extra/LICENSE	
file	644	1007	7c0480e5e45025daf20d5654fbd23c6b8b23b9d23c5a41af083f2cae93697a3c	node_modules/ipull/node_modules/fs-extra/package.json	
file	644	261	b07805566fedc139c316dade93ecf441e21d35b3762dffff363c2aed3b06247a	node_modules/ipull/node_modules/is-fullwidth-code-point/index.js	
file	644	1117	5c932d88256b4ab958f64a856fa48e8bd1f55bc1d96b8149c65689e0c61789d3	node_modules/ipull/node_modules/is-fullwidth-code-point/license	
file	644	781	a65b13d9f07a37d5f239fd94b7a76018086056ed52f14b09ff4176a85428afa8	node_modules/ipull/node_modules/is-fullwidth-code-point/package.json	
file	644	2014	ec5a9f1f45014486f1df4a8c11a5b078671e9936c0651e035b67cb5e763954e8	node_modules/ipull/node_modules/jsonfile/index.js	
file	644	1110	a9801fb52ba22ef808682a094da8a7a480584b7ed0dfd0d888ab543616335031	node_modules/ipull/node_modules/jsonfile/LICENSE	
file	644	558	19b7f70104b503224fc101fc465fb40765b077aa1f996f2d008463689a4fe4e6	node_modules/ipull/node_modules/jsonfile/package.json	
file	644	613	3a37b4b21c2cd8f75b850f1373f68a39bcaab3ac58d75ab44e62674cdb0d4cad	node_modules/ipull/node_modules/jsonfile/utils.js	
file	644	1006	3b779b7ba5043889c0745421f6267b14d0a78387c16414946f1cfd3eefd398ec	node_modules/ipull/node_modules/lifecycle-utils/dist/AsyncDisposableHandle.js	
file	644	884	eaa6d365ae88a5e13bbd983200e58e015ee5bd333e0794c9b184affc92bbf965	node_modules/ipull/node_modules/lifecycle-utils/dist/AsyncDisposableHandle.js.map	
file	644	3548	6b3998bfcdf70badbe22d0d6a9300e230731e3f646ccfcc71ecea64997f74f1c	node_modules/ipull/node_modules/lifecycle-utils/dist/AsyncDisposeAggregator.js	
file	644	2032	88a9d16dcd15dcee10186fed16c67da8523fe50f1c5c8e5ef921bb38ab956176	node_modules/ipull/node_modules/lifecycle-utils/dist/AsyncDisposeAggregator.js.map	
file	644	819	d4e30aff686734b3cb09b0446682514f5eeea858b2e99dedbbbc5f3b836003a2	node_modules/ipull/node_modules/lifecycle-utils/dist/DisposableHandle.js	
file	644	737	409de92b919d87d82e223e15df75dbc35b454e45abb6acad06417b1c2577bee9	node_modules/ipull/node_modules/lifecycle-utils/dist/DisposableHandle.js.map	
file	644	2560	89c9449c00bc7ff46b4cc1c4c57161f54e95444f24ba51cd5d33c3e15b6bf967	node_modules/ipull/node_modules/lifecycle-utils/dist/DisposeAggregator.js	
file	644	1590	504969a8cc4f3a0ffb8193ff14463eeaa0d2c41279c336f7dbe2d3ba14208bce	node_modules/ipull/node_modules/lifecycle-utils/dist/DisposeAggregator.js.map	
file	644	414	a45fb35b18c2238358c268aabf7cf359f8d95c739542a10373752eba541100f8	node_modules/ipull/node_modules/lifecycle-utils/dist/DisposedError.js	
file	644	214	db7c14cd14fa381ba30b1a14528c0b4d7f39aa92b8cbf19fc56cb0dcc48b0a05	node_modules/ipull/node_modules/lifecycle-utils/dist/DisposedError.js.map	
file	644	3823	d28ddf9340935e5e4963a56150404a05a34c2648409db5a3d41800097e8955fb	node_modules/ipull/node_modules/lifecycle-utils/dist/EventRelay.js	
file	644	3220	ae3ddc293499e9f539165d3baa00756feef2d67b09c770c3b915c9ec8ef07d73	node_modules/ipull/node_modules/lifecycle-utils/dist/EventRelay.js.map	
file	644	507	1e13682eeed2b6d263c11625baeb1b2d47c0636f2a82cdf4f73fb648031095db	node_modules/ipull/node_modules/lifecycle-utils/dist/index.js	
file	644	395	1b0e9de5c192046d71a8503674719595bdd316c838931211bf28efc7d21b8f55	node_modules/ipull/node_modules/lifecycle-utils/dist/index.js.map	
file	644	2988	88cc833d7b1195387005fac0191553e234d26ab2d0494210d96f6406f2da3041	node_modules/ipull/node_modules/lifecycle-utils/dist/LongTimeout.js	
file	644	1719	44d0af96d6b67a32e4f99dc0a37effb35c7e5efc01878bd0c47b6841688e2f07	node_modules/ipull/node_modules/lifecycle-utils/dist/LongTimeout.js.map	
file	644	3990	0b1e68a1d456fa5ea35956da3ba893bc4521c6b6752354065c5d9499a5255e8f	node_modules/ipull/node_modules/lifecycle-utils/dist/MultiKeyMap.js	
file	644	3873	bbad3ebd17d6ee36010c1310d3bb717912b804019942632020493ad3ecff9ef3	node_modules/ipull/node_modules/lifecycle-utils/dist/MultiKeyMap.js.map	
file	644	4068	84c3d649c8b37086883009e2b3fb5ee9fee9fb9e13f3463c86af1a4c7387db94	node_modules/ipull/node_modules/lifecycle-utils/dist/splitText.js	
file	644	3754	c9ea06c160eef460864812e3a0f312d249f2ea7fd04b38bd4f2d3ff51706f45d	node_modules/ipull/node_modules/lifecycle-utils/dist/splitText.js.map	
file	644	6813	d47fcb2f62efdb127695df44a8fbdfd1aaac75b9906dd2b0476ddffd94d510d0	node_modules/ipull/node_modules/lifecycle-utils/dist/State.js	
file	644	4392	8f85e800eaee9d678dede33ee9b129f87b0287709003b02c3730fde311e071c1	node_modules/ipull/node_modules/lifecycle-utils/dist/State.js.map	
file	644	390	a354e3ca696740d5bc17159f997b37172b2c30624728f8e9abc7033b19619edf	node_modules/ipull/node_modules/lifecycle-utils/dist/tsconfig.tsbuildinfo	
file	644	3979	b4304116ea33905c573891bd4d1932607ff6c9a7d62b3d1621acfb76a0ec541c	node_modules/ipull/node_modules/lifecycle-utils/dist/WeakValueMap.js	
file	644	3327	29ed8eda8533dab13b5050fa589d52ba8b83b354205dcaed0941a0bb1f6bdb56	node_modules/ipull/node_modules/lifecycle-utils/dist/WeakValueMap.js.map	
file	644	4117	b6881bf9cbd5a39ad949cea1f7176ef7e6708306372c41492dc6f565d3440a07	node_modules/ipull/node_modules/lifecycle-utils/dist/WeakValueMultiKeyMap.js	
file	644	3405	6cca0e5a2b61f191062be1ab6b8b73a05750f9ad2f113351774a3c954996c993	node_modules/ipull/node_modules/lifecycle-utils/dist/WeakValueMultiKeyMap.js.map	
file	644	3256	8dbac7fdd265dadababbd030fcc6aad80eed909d188dfeccfa69d94266b084e6	node_modules/ipull/node_modules/lifecycle-utils/dist/withLock.js	
file	644	3265	2a653849a3c08542970c8e3e00489a1b8eacfa4bd868603f7263e60e07ae3b6a	node_modules/ipull/node_modules/lifecycle-utils/dist/withLock.js.map	
file	644	1065	a1ca3969baa10f09da46a0e834851c8150c35c729e88f8e756435fac02d1cd6d	node_modules/ipull/node_modules/lifecycle-utils/LICENSE	
file	644	1402	325a9659f0464bc457d5e92e4224287ecfeb04b8b5a8ef6d317191453698b54e	node_modules/ipull/node_modules/lifecycle-utils/package.json	
file	644	627	46dd7b08161e96f1ef7cccbdc722e05032fe18380c5d89059550aa7e0091c54b	node_modules/ipull/node_modules/parse-ms/index.js	
file	644	1117	5c932d88256b4ab958f64a856fa48e8bd1f55bc1d96b8149c65689e0c61789d3	node_modules/ipull/node_modules/parse-ms/license	
file	644	572	70a0c4b92386ae446ad63f1bd425f44050d7fe53119950150ec32485f3f528a4	node_modules/ipull/node_modules/parse-ms/package.json	
file	644	3722	1878503c52fcb658b711e5cf7e110e6e6da8ea60882b11e30861150cec031e5b	node_modules/ipull/node_modules/pretty-ms/index.js	
file	644	1117	5c932d88256b4ab958f64a856fa48e8bd1f55bc1d96b8149c65689e0c61789d3	node_modules/ipull/node_modules/pretty-ms/license	
file	644	703	c6b69ff62a2aec1ef4fc511b308b0bccb69ef9205399625da8590ff4dfafcafc	node_modules/ipull/node_modules/pretty-ms/package.json	
file	755	3937	6b200a6cfe5f2bdf51df5ec2144c54482047e508b9f0b6ec865ad14a04c8ffe5	node_modules/ipull/node_modules/slice-ansi/index.js	
file	644	1158	c91d87c3bca16ab6d96d82da08edc54377d14b679547a331eecc4adef3c353c8	node_modules/ipull/node_modules/slice-ansi/license	
file	644	678	3cd08fef71a9ec046b9d15b44b66ee315efffde604c26215c6cf98d28d4e38dd	node_modules/ipull/node_modules/slice-ansi/package.json	
file	644	626	9ff7e1abf2727fbf9854a9dfcc1e69d1f9a0b23ccc0649269fc1c4fa8e44bd79	node_modules/ipull/node_modules/strip-ansi/index.js	
file	644	1117	5c932d88256b4ab958f64a856fa48e8bd1f55bc1d96b8149c65689e0c61789d3	node_modules/ipull/node_modules/strip-ansi/license	
file	644	679	1b2e35a6d0a7cbce42905581d7dbb058715da7a0a31037bfc09dc36d35fdf3cb	node_modules/ipull/node_modules/strip-ansi/package.json	
file	644	706	83b02adb3872f6c482db4e57c300fa39b5cad65e317fc2f70b9de7d305c035a1	node_modules/ipull/node_modules/universalify/index.js	
file	644	1100	3fda5977c0904e226190b4e21d64340c1731e2142d6fe5f3dee0090a216b8b63	node_modules/ipull/node_modules/universalify/LICENSE	
file	644	618	5b39e9c6305a5ba27c76caf4817244dd1a308b68c7559dfe15471173466cf06e	node_modules/ipull/node_modules/universalify/package.json	
file	644	3059	15d1bf23bb1a573bdfcae1abe2f3306538b6adf70f673b27ed14288dc73d5f4d	node_modules/ipull/package.json	
file	644	1756	7db24c9c5d58273ba32eee1bec3dfebd393fdeddd0b5879ef01dc595476e6979	node_modules/is-fullwidth-code-point/index.js	
file	644	1109	48da2f39e100d4085767e94966b43f4fa95ff6a0698fba57ed460914e35f94a0	node_modules/is-fullwidth-code-point/license	
file	644	537	a7b8154029328dcbfc790816357fde1a03f48f43854c7aabc5992853374a767e	node_modules/is-fullwidth-code-point/package.json	
file	644	181	706212ab89aa3aefa2e2abd4e93a5b3179df89fcb16116aae35df38018a93c3e	node_modules/is-interactive/index.js	
file	644	1117	5c932d88256b4ab958f64a856fa48e8bd1f55bc1d96b8149c65689e0c61789d3	node_modules/is-interactive/license	
file	644	621	f434a19b9dd67fe33b0c2308db5ece37bf268a4a2c4e1baecd51cb48e3160870	node_modules/is-interactive/package.json	
file	644	657	7ce83f187ccc48c1b3444063df6a2ada57ec31f128a0fc5d0d0d212bff0a3867	node_modules/is-unicode-supported/index.js	
file	644	1117	5c932d88256b4ab958f64a856fa48e8bd1f55bc1d96b8149c65689e0c61789d3	node_modules/is-unicode-supported/license	
file	644	680	95aab25df17c52148b1b23157bd9b5171380793545ca7188dfa9bd973ca5169a	node_modules/is-unicode-supported/package.json	
file	644	1192	7af7a68708317ab2b8743b44591d98ca6f5ca787e89e7c289154471fd2f67331	node_modules/isexe/index.js	
file	644	765	4ec3d4c66cd87f5c8d8ad911b10f99bf27cb00cdfcff82621956e379186b016b	node_modules/isexe/LICENSE	
file	644	909	0381513485dd6d0799b160a5c0bf7b4a79d1ece5c32182de44aa73f756a7ac54	node_modules/isexe/mode.js	
file	644	512	8a4bbdcc3391ffc88bdbba977ebdae17eedc5dbb0a176a66c30da6d6fa14daba	node_modules/isexe/package.json	
file	644	890	b422b8fbb7815542dfbd1b3adaec5700249a1934c44a1d994654329c06fc1018	node_modules/isexe/windows.js	
file	644	277	31091ad35f6534a00ff952ec46754ba9c1af6095fc6071489036e64b6cc1630b	node_modules/lifecycle-utils/dist/AsyncDisposableHandle.d.ts.map	
file	644	1006	3b779b7ba5043889c0745421f6267b14d0a78387c16414946f1cfd3eefd398ec	node_modules/lifecycle-utils/dist/AsyncDisposableHandle.js	
file	644	2023	2132727538eb368e948514116d991ccaa1d5da1f601ac099684e34b43ffeff49	node_modules/lifecycle-utils/dist/AsyncDisposableHandle.js.map	
file	644	942	68eddaa128aa64d8ed1613beb705ce96671cf667e87d826ceba5b14edaeef2f5	node_modules/lifecycle-utils/dist/AsyncDisposeAggregator.d.ts.map	
file	644	3548	6b3998bfcdf70badbe22d0d6a9300e230731e3f646ccfcc71ecea64997f74f1c	node_modules/lifecycle-utils/dist/AsyncDisposeAggregator.js	
file	644	6410	b44b4cb6199f244e6b13816e9ca508b437e267599f919b805d5cd77b14a7aab5	node_modules/lifecycle-utils/dist/AsyncDisposeAggregator.js.map	
file	644	252	bca062350315e8c3a8ba8ecc18370af564c0a7d05e84325a630ccf3b246ce24b	node_modules/lifecycle-utils/dist/DisposableHandle.d.ts.map	
file	644	819	d4e30aff686734b3cb09b0446682514f5eeea858b2e99dedbbbc5f3b836003a2	node_modules/lifecycle-utils/dist/DisposableHandle.js	
file	644	1647	459c6dcf99d2b5f49e24dc6c1a957e66ff27551253ff364e3b325ac6c52012f8	node_modules/lifecycle-utils/dist/DisposableHandle.js.map	
file	644	611	0d501dfa81e4e3e9c91dce27eb723bd6233923db694df85abd1cd323e3773691	node_modules/lifecycle-utils/dist/DisposeAggregator.d.ts.map	
file	644	2560	89c9449c00bc7ff46b4cc1c4c57161f54e95444f24ba51cd5d33c3e15b6bf967	node_modules/lifecycle-utils/dist/DisposeAggregator.js	
file	644	4590	a0a73d358229ae5ecd3671c16eeee55c95eae083de625eba0b4e88a85a235cb1	node_modules/lifecycle-utils/dist/DisposeAggregator.js.map	
file	644	165	923de2532299d32be58282171f3c6ff593ce3fbe893cd6acb2a6332757008fab	node_modules/lifecycle-utils/dist/DisposedError.d.ts.map	
file	644	414	a45fb35b18c2238358c268aabf7cf359f8d95c739542a10373752eba541100f8	node_modules/lifecycle-utils/dist/DisposedError.js	
file	644	628	efd00dbcea3ab061767bca5f15884337dac059b1f6f6d2ea64dfd2cf54432857	node_modules/lifecycle-utils/dist/DisposedError.js.map	
file	644	540	a4b6568f6024aef5f9c6500d9e4070d99556ac1cfa5da23ac4f8fb708e0252bf	node_modules/lifecycle-utils/dist/EventRelay.d.ts.map	
file	644	3907	89babb41561e4ffa5d7971c3585a9c6fc60b4584c993cadca697b7f314795e18	node_modules/lifecycle-utils/dist/EventRelay.js	
file	644	7744	125f91dbaae01fe6a7f8ea14c61d14423ef263814843e8e1aab9e05846bb7144	node_modules/lifecycle-utils/dist/EventRelay.js.map	
file	644	420	a334651cd46bcf15a2add6087ecbbacab4b5ba6c2e91e39c19a4d3751bc29cad	node_modules/lifecycle-utils/dist/index.d.ts.map	
file	644	539	d137fed40fa23d038eae639f62803de20c29a8f84740f5bef1c0a708538ce673	node_modules/lifecycle-utils/dist/index.js	
file	644	988	6afcac023b792b31ad78319960097e7fe5abfd8d14fe69579c258e60ff05b5dd	node_modules/lifecycle-utils/dist/index.js.map	
file	644	511	c33991ceecd40b95a230a8790c831d230f78944d857acde88e5fedc86edbccd1	node_modules/lifecycle-utils/dist/LongTimeout.d.ts.map	
file	644	2988	88cc833d7b1195387005fac0191553e234d26ab2d0494210d96f6406f2da3041	node_modules/lifecycle-utils/dist/LongTimeout.js	
file	644	5116	0ae40adf723f15052d2e5c0ab7f1aab8c4c3b6d93984d7016247c12a838c77d4	node_modules/lifecycle-utils/dist/LongTimeout.js.map	
file	644	1333	4517a18b4856ed991d5b62c0f19661b31132b61cb966d0ef1c795b1c6b07ae16	node_modules/lifecycle-utils/dist/MultiKeyMap.d.ts.map	
file	644	3990	0b1e68a1d456fa5ea35956da3ba893bc4521c6b6752354065c5d9499a5255e8f	node_modules/lifecycle-utils/dist/MultiKeyMap.js	
file	644	9154	c0d426bd0254bc444e4169b24b538379df5316b5bfadb485857fdb2990fc0254	node_modules/lifecycle-utils/dist/MultiKeyMap.js.map	
file	644	1101	e55a0d3cba97028ad073791d723af007a9597c6b28dba36363aa9904999463e8	node_modules/lifecycle-utils/dist/ScopeExit.d.ts.map	
file	644	2936	5fe9809ac65ef3ed62422776c918fbd20a81dbe708a32923a164ee5e68ebea88	node_modules/lifecycle-utils/dist/ScopeExit.js	
file	644	5408	93a1523f33338276dafee21520d32199142f81bc1880e84ce4684090ecd13610	node_modules/lifecycle-utils/dist/ScopeExit.js.map	
file	644	407	0202463c95a990cfb6c6bebaf2e23ae2ce76e13b4d4e3cb7cd27b3fa715d7534	node_modules/lifecycle-utils/dist/splitText.d.ts.map	
file	644	4068	84c3d649c8b37086883009e2b3fb5ee9fee9fb9e13f3463c86af1a4c7387db94	node_modules/lifecycle-utils/dist/splitText.js	
file	644	8868	7835d4a31226a4647d7ccbdf4560a4146e710ec4fcbffcb19e847a1a53a77a48	node_modules/lifecycle-utils/dist/splitText.js.map	
file	644	1266	7c1366ad8a79291629de65387ddc6b22668cb090810dccfb3e6b31e6ff806d73	node_modules/lifecycle-utils/dist/State.d.ts.map	
file	644	6813	d47fcb2f62efdb127695df44a8fbdfd1aaac75b9906dd2b0476ddffd94d510d0	node_modules/lifecycle-utils/dist/State.js	
file	644	12634	851257bd031dcf9e2671a8cd2033b917d4d7eda53f919ec21fe0f568224b49f9	node_modules/lifecycle-utils/dist/State.js.map	
file	644	412	7e1ed2da102286c5480c0cc9b62c27c368ecb2d33db505cff4c4719d87f9ddba	node_modules/lifecycle-utils/dist/tsconfig.tsbuildinfo	
file	644	1387	12831f1d908c39b178fe7664e4860057f9e43490474a52954cc1fb7ecece7e29	node_modules/lifecycle-utils/dist/WeakValueMap.d.ts.map	
file	644	3979	b4304116ea33905c573891bd4d1932607ff6c9a7d62b3d1621acfb76a0ec541c	node_modules/lifecycle-utils/dist/WeakValueMap.js	
file	644	8442	82562f9a36bb4f2371fe7da03a47dbee7afe828db89c4c6fd9908dbf71499aff	node_modules/lifecycle-utils/dist/WeakValueMap.js.map	
file	644	1510	4b89abdc7a96578bedbde7f928af2d2255ca1420c307e069fac940dfe90e3d60	node_modules/lifecycle-utils/dist/WeakValueMultiKeyMap.d.ts.map	
file	644	4117	b6881bf9cbd5a39ad949cea1f7176ef7e6708306372c41492dc6f565d3440a07	node_modules/lifecycle-utils/dist/WeakValueMultiKeyMap.js	
file	644	8788	a1bbac3e2bcef20c4e1da23bf329cec99e819248cf14038b48824758fbc5bd1e	node_modules/lifecycle-utils/dist/WeakValueMultiKeyMap.js.map	
file	644	1730	754e44505d7520b2178a4351caf77dc50dbad71404422d303fc733510bc641dd	node_modules/lifecycle-utils/dist/withLock.d.ts.map	
file	644	3119	0bbe92326fc0be42bf8ab83b02508b05e41f76dd7aeb3ac6ab3810bbb9b39853	node_modules/lifecycle-utils/dist/withLock.js	
file	644	8306	80f88f75b032ca3a00760ceb51a509ab3833c533bfe6314936202949c3414a42	node_modules/lifecycle-utils/dist/withLock.js.map	
file	644	1065	a1ca3969baa10f09da46a0e834851c8150c35c729e88f8e756435fac02d1cd6d	node_modules/lifecycle-utils/LICENSE	
file	644	1404	dded3c6a181247a25979c22c99801b570a8e33eefcdc8e6efb2bfce01c04a638	node_modules/lifecycle-utils/package.json	
file	644	10784	78bba4c545cab8e50a6a1fd2570f853a59aacf960f0e5d264c12bb46f9aaa302	node_modules/lodash.debounce/index.js	
file	644	1951	ffd8b33b354585f4ce119f19c53728281e48a97b074491eb6bf6d5c5ff305272	node_modules/lodash.debounce/LICENSE	
file	644	348	a16308f7160b76b39d90767aede6df4ca53e89d9543ab7546a47dfdf3e8ab89c	node_modules/lodash.debounce/package.json	
file	644	124	8630cdaa6475f18e9456cb665c014470bdf5a5c1bd36b8a38d137d072712a111	node_modules/log-symbols/browser-symbols.js	
file	644	49	9115c8061786462b14a352b1116e4213a0f63d33b06ee0e126fac83dca21ceec	node_modules/log-symbols/browser.js	
file	644	41	f4c837c2482cd5c30e1e6834356872963eb5e35151fc1e6b4cead9299ec24079	node_modules/log-symbols/index.js	
file	644	1117	5c932d88256b4ab958f64a856fa48e8bd1f55bc1d96b8149c65689e0c61789d3	node_modules/log-symbols/license	
file	644	892	1815e468d3fdb592d62c56538781911d64da5c3d86869bbdd405a5c8314dcd2d	node_modules/log-symbols/package.json	
file	644	426	b3f24ff1fdfc92047f000f0f7c099d53aebfc5721e7b6cf312bd443dbc518fee	node_modules/log-symbols/symbols.js	
file	644	158	096fcb96e8e6f30d3a0a471f35bf66ff2cdf5c54a3c38a240d9fcca0195cdbdb	node_modules/lowdb/lib/adapters/browser/LocalStorage.js	
file	644	162	9d02bffbbfb67935c7c1049e5b2ee621eec8252761195c1cbdfb7ce493e96888	node_modules/lowdb/lib/adapters/browser/SessionStorage.js	
file	644	408	368eede8ea649539c166575054c66c1bb34bd8eb940f075c797a74773e193f61	node_modules/lowdb/lib/adapters/browser/WebStorage.js	
file	644	337	1f5d70a9cd3fa4afbe71f13eb28e4c0c08d230fbed26d7a1d7d9184f1fb29e03	node_modules/lowdb/lib/adapters/Memory.js	
file	644	1087	5dafc2d50fa88da7db187f12e2c9cc68b19273a38b43d0dda89f60f3311ec041	node_modules/lowdb/lib/adapters/node/DataFile.js	
file	644	484	c2b99964366ed52196874ae7731d531564f44fdae2e6ed16b3a03d9b0d74a52f	node_modules/lowdb/lib/adapters/node/JSONFile.js	
file	644	1343	18484d718efd9e127ec7488191a49091dfaa4c5dd4d73399b004337accd0b1e7	node_modules/lowdb/lib/adapters/node/TextFile.js	
file	644	144	588f22ea2510403801c1b8783b93fd6e1f30ee06be7091d13318673f5fe42b7d	node_modules/lowdb/lib/browser.js	
file	644	1176	5dc2ce110357aaa3c77be8edb907ddd12343d653eadd0e0f2adba7a964ad0c09	node_modules/lowdb/lib/core/Low.js	
file	644	69	07ea36bbd9fc37adc485415bce04d3d2aa264ba9380d2af755356a563a2af863	node_modules/lowdb/lib/index.js	
file	644	170	2900308afe72e3933f74eb184fdb811d41214d58ecf2d293343a6f4ee0a91cdb	node_modules/lowdb/lib/node.js	
file	644	543	72fd3e515daa31a3f499893fa48550f8c7d509c29928ad9abe23d971a16e8498	node_modules/lowdb/lib/presets/browser.js	
file	644	692	ec07342012ebb7b101c13b2e5b536331d9b0f6e3a865d5320e1e3a9d01fd66a0	node_modules/lowdb/lib/presets/node.js	
file	644	1065	a84ab50793627920239781ad6a48a749bc2fe37707e47fdf8e6cb1f55bc747ab	node_modules/lowdb/LICENSE	
file	644	1428	55da422921d5b2c503fd16412c8aef96b53188291a8dc6b5f199528c27243e8b	node_modules/lowdb/package.json	
file	644	3038	4f92a36c1ba7305bf71571137695132022f5b9ebb499770610280f8e901f2c94	node_modules/mimic-function/index.js	
file	644	1117	5c932d88256b4ab958f64a856fa48e8bd1f55bc1d96b8149c65689e0c61789d3	node_modules/mimic-function/license	
file	644	657	da1283cc7557b0017497f0ec9805077ca03ee1eec77cb834c5fd2c8457984d90	node_modules/mimic-function/package.json	
file	644	229	eaacff31c45b07c9b5e804d4e0e8eb35e0c430faf9f79fdd98d43b26c42e93df	node_modules/minimist/.nycrc	
file	644	6196	9cf5e83d36697a92d8af11e000f513ac30a3464bbb024850f9ffdeb1edf59848	node_modules/minimist/index.js	
file	644	1073	435a6722c786b0a56fbe7387028f1d9d3f3a2d0fb615bb8fee118727c3f59b7b	node_modules/minimist/LICENSE	
file	644	1247	3154549dd6d41d1e074108fbd587e0078c54ce85d9d51c167a43c78cb178f76c	node_modules/minimist/package.json	
file	644	18551	cada1f100f58d05055afead733ec4bdb743e1e3333ab0e899a24f50c88c20cce	node_modules/minipass/index.js	
file	644	18516	00610cfd77dad5aa627d77f31362d4ba0f0a7db96902caf15451c9c637dd8d9e	node_modules/minipass/index.mjs	
file	644	787	833faa18ac4b83a6372c05b3643d0d44ecd27d6627b8cd19b0f48fe74260cf39	node_modules/minipass/LICENSE	
file	644	1306	be5a56134e70d63d1b55746f1feab8619b00e3d634b20982ec4a82640e724c48	node_modules/minipass/package.json	
file	644	3024	e5f0b6a946a9b2b356a28557728410717df54ea2f599edb619f9839df6b7b0e9	node_modules/ms/index.js	
file	644	1079	1662fae9b5314d11cf51284e2dcd1f006a354f7343f08712a730fcff9a359801	node_modules/ms/license.md	
file	644	497	f983ec581f1dd5a47b7f12b58f97c0b44c4e0cce56cbecc40140031aeef99bdf	node_modules/ms/package.json	
file	755	1519	4db4a147fbac315e661d4a66812ebcd59168066865ed0fd4c18c36cc060430e2	node_modules/nanoid/bin/nanoid.js	
file	644	1394	eab53f7b74a573ff68775a7a8974058d82e52c85bf6296f5f07965b27132ac66	node_modules/nanoid/index.browser.js	
file	644	1973	2b4ce9dc67823e7a742fee2b2d0062d3648f71fe26b8b8b1e4e74c1534887c89	node_modules/nanoid/index.js	
file	644	1095	4383cb2c3608397ce7a4159502614ed66890f8999c2a9c056dd3b1024d6721f0	node_modules/nanoid/LICENSE	
file	644	190	fdd9b994abae495794a6e60f0fe50d7f0ce147df072a5786443362419951730e	node_modules/nanoid/nanoid.js	
file	644	488	739783f890e7616a288939f88877320611949f46eb3a007450bf7b45b7fc2984	node_modules/nanoid/non-secure/index.js	
file	644	932	8b5c0a1e117dbcccd6bc2ec3a9ed3f7329dcbe03c53630fddd321bb746bc4330	node_modules/nanoid/package.json	
file	644	94	0e1e2118e5e5ad7c1895002997cc1b0ec20bff05ac44ce10cdf78596c5c14ea8	node_modules/nanoid/url-alphabet/index.js	
file	644	21	b05cb70ded8115e8ee4f7896d82c685df0155f76bdaedeb49031adde3cec103b	node_modules/node-api-headers/.release-please-manifest.json	
file	644	159	4c771222bb82f2bd7d2b1b78a29e97b62244d198c065a815ff2c49f59c14fe84	node_modules/node-api-headers/CODE_OF_CONDUCT.md	
file	644	1287	2ad4bf62c8a9e29e6633266790e6c6d43e3a50ffa6385199872aed4281411817	node_modules/node-api-headers/CONTRIBUTING.md	
file	644	2250	e37f194c029df42b30f3c5cdeffe8b423ed93ab4a73c6f7d65a5a52ac3ba1ad0	node_modules/node-api-headers/CREATING_A_RELEASE.md	
file	644	2734	77653a554fbb27f6c5666f4ba05f87d26f0de72bc3d0439961ac030030c2be66	node_modules/node-api-headers/def/js_native_api.def	
file	644	3550	e0d5e3da0520a42e26b563f6321291081bd15bdd20821d46818e5f47900f77d6	node_modules/node-api-headers/def/node_api.def	
file	644	6896	e785c16a9ce200e801242275cfd59090b029b5dae309a1a258f48d1570bf35ab	node_modules/node-api-headers/include/js_native_api_types.h	
file	644	31081	0953395662ea63697cd7a77a9320d94aa2829f9c9569abf3a74272b7a2923ce8	node_modules/node-api-headers/include/js_native_api.h	
file	644	1930	a25356630d3058f0a0c8937d9f297e9471e037fda58c2696d8a505c2bd99cb00	node_modules/node-api-headers/include/node_api_types.h	
file	644	10370	2d4560831e525b47b060ec8a0864ab73993df9e20215ce9f0fe7b24cd31af32a	node_modules/node-api-headers/include/node_api.h	
file	644	391	22da40f7ac5c1b9ec08261af5c6835b848d40a9c1751ad06163f4fa28e7850d2	node_modules/node-api-headers/index.js	
file	644	1348	5a0867a36b1257e74d50cb6ef053473c7e33d419db5c433ed3c7cdbe5e3a64af	node_modules/node-api-headers/lib/clang-utils.js	
file	644	2623	83b04375c3b1e43547ecd2e4f82f00b9c9ca51a0357a450bf2749cfe38bee9a0	node_modules/node-api-headers/lib/parse-utils.js	
file	644	1064	a553508f516031c91f3af1148d44970cb81bbae6c4f091be6835d39cc252238c	node_modules/node-api-headers/LICENSE	
file	644	429	3133ebcf2177d6d474470974efdc16dc6f24ccef75875abb2d91f1e845e5b38f	node_modules/node-api-headers/package.json	
file	644	405	34bc7f1d5f389189215aecc238fa438490fb737ba295c9bbf8336ec90822b668	node_modules/node-api-headers/release-please-config.json	
file	644	6771	f0e076888936048ed171c007bb02f626314cf5253448969669b9c6d92f46168a	node_modules/node-api-headers/symbols.js	
file	644	46	8a9a9f63cde7dbe6d52319aede8103acdfd17df1abe1550dad40897cf831f547	node_modules/node-llama-cpp/bins/_linux-arm64.moved.txt	
file	644	47	575f5b24664b0bedb98fe414164d4719f5253e7f8a020e2aa1dbcb50e61eb99c	node_modules/node-llama-cpp/bins/_linux-armv7l.moved.txt	
file	644	48	531eefb5cde3c97eebd6f24395213602502b75283464398476fe8b1be41d9cb7	node_modules/node-llama-cpp/bins/_linux-riscv64.moved.txt	
file	644	49	d67ae99cb7a47f69aac32e4adbe11473816759f0845f1a573c13a003cdaf0b47	node_modules/node-llama-cpp/bins/_linux-x64-cuda.moved.txt	
file	644	51	ab63f634ae4cd5b2410a89a1b3bdf2c7b0a8b68d26f0b82cb7dbfbc43cf0712b	node_modules/node-llama-cpp/bins/_linux-x64-vulkan.moved.txt	
file	644	44	75b61ebd3d3aba29dca959c18d4f0ed13f5dbff26888784644918ca51a6622ba	node_modules/node-llama-cpp/bins/_linux-x64.moved.txt	
file	644	50	f12d1abf1e0d7a9421c9784115f641c37c38e6817c38f35a4ffe8bfab797ee4e	node_modules/node-llama-cpp/bins/_mac-arm64-metal.moved.txt	
file	644	42	a33ac6036342da2d1af224164287d2d1b050dbd67e6629ab69ce7914a4c8bfa4	node_modules/node-llama-cpp/bins/_mac-x64.moved.txt	
file	644	44	3ae9d6c7ae1ea503f2c7e162da961d229ad69c423a82c4a4bc07be5e9a31b968	node_modules/node-llama-cpp/bins/_win-arm64.moved.txt	
file	644	47	f11cdc8537d721731d5e57f1078b2f29f86bcee6b8860d96f7cbd541b35eb224	node_modules/node-llama-cpp/bins/_win-x64-cuda.moved.txt	
file	644	49	cccce4441dd10b1070f85d71436eba8f9a8fd57789c3cdb21b0918231fe48d69	node_modules/node-llama-cpp/bins/_win-x64-vulkan.moved.txt	
file	644	42	be15c828fee0392b4718aa4f4ef9b97f629f3dce005573d0874a63aff7cd1de5	node_modules/node-llama-cpp/bins/_win-x64.moved.txt	
file	644	206	a452102129b2479d7d179c800dee5486be8745b7e7e24dae25a12bb494a9463e	node_modules/node-llama-cpp/dist/apiDocsIndex.js	
file	644	259	d3378d59953fda7a8a7859145a176c0cadd77d05b3f2a9d090255c34cf20ecdb	node_modules/node-llama-cpp/dist/apiDocsIndex.js.map	
file	644	49	c8211ea50b093a25202d3345097c826b33241c9030e7443e9823cd235d39207f	node_modules/node-llama-cpp/dist/bindings/AddonTypes.js	
file	644	124	9a375683cd65984ac4ba189f979b5ad47513d62483c1d19a614d6476973b5ec6	node_modules/node-llama-cpp/dist/bindings/AddonTypes.js.map	
file	644	329	a91ba6c74b04615faf9b5b0530574463ad576ca1a833e1cf32ed3a9ec860ec0d	node_modules/node-llama-cpp/dist/bindings/consts.js	
file	644	424	ebb2cc90a0d4f53abff1249f841730f61a7cb8d9c98c5d1d646de315c0ee4fa5	node_modules/node-llama-cpp/dist/bindings/consts.js.map	
file	644	27082	125851f9a670422542359e3e4e255f4985f85725d86d98b85b1a825211ad5e02	node_modules/node-llama-cpp/dist/bindings/getLlama.js	
file	644	18183	021ce193827e7f5337fe7ac636bd2244d7189b9e387d22cd03ff6a540a55fd11	node_modules/node-llama-cpp/dist/bindings/getLlama.js.map	
file	644	31029	ecd4b0b224ab8dc4de545b9baa9103f03a8b57d1e8ec6be6e203e9a3acb9abd9	node_modules/node-llama-cpp/dist/bindings/Llama.js	
file	644	23049	22bc733dd953579b399878b27d8db773e074e869dabffb7ae524a10049eb0157	node_modules/node-llama-cpp/dist/bindings/Llama.js.map	
file	644	3650	4f53616ee12ef5df4586ac7553595b1e9f1ef0ad5ff7f96e01dd960f01594439	node_modules/node-llama-cpp/dist/bindings/types.js	
file	644	2667	a7ae6d3b85ff7448751ddb8d1612521716433e2619f28e3c0837ffe470cb216a	node_modules/node-llama-cpp/dist/bindings/types.js.map	
file	644	3607	6adbbcfd46a022cf533ccac7dec43db7c3c66585174c2b30926cbebc5841b0c0	node_modules/node-llama-cpp/dist/bindings/utils/applyLlamaCppRepoPatches.js	
file	644	3021	6a1c0d570ca00fd09cc398dc098a4152e64df2f7b69c6b6063bdf5e6ed4ca248	node_modules/node-llama-cpp/dist/bindings/utils/applyLlamaCppRepoPatches.js.map	
file	644	559	802fcef172c14dd7b8e89516a2f4e33ec639b3a8f5226e7cc048ba5ccaa0af75	node_modules/node-llama-cpp/dist/bindings/utils/asyncEvery.js	
file	644	486	fabb23aa10f750c0403c1d36f95fd6aa74bdea2400b510308c35bfb23c712e0a	node_modules/node-llama-cpp/dist/bindings/utils/asyncEvery.js.map	
file	644	1038	bde2f6f3c03c11a73e0e81ff110536790639a808f08036ba3c2575fa6780dbd7	node_modules/node-llama-cpp/dist/bindings/utils/asyncSome.js	
file	644	903	7f14d6ae53c7bde2d68bed3e69e20d8488669b74cd75272c77c2463313286a7b	node_modules/node-llama-cpp/dist/bindings/utils/asyncSome.js.map	
file	644	731	92ee16a6366d350f78ab2fdbf5b2559ef85eaeaa149348c561d9faca01493f04	node_modules/node-llama-cpp/dist/bindings/utils/binariesGithubRelease.js	
file	644	694	293610984b4b5ccf2bf7c915572b2aa883dcce59f522b909233ae75916dfdadd	node_modules/node-llama-cpp/dist/bindings/utils/binariesGithubRelease.js.map	
file	644	2122	ae724d4a7e3d1cefc1a06d82a89bb1bd86376faf5d327a41fe4d54df3413e196	node_modules/node-llama-cpp/dist/bindings/utils/clearAllLocalBuilds.js	
file	644	1883	24004538de77021c937e1c49e93a66b24e5c48e51203be852fb5eed9db58c431	node_modules/node-llama-cpp/dist/bindings/utils/clearAllLocalBuilds.js.map	
file	644	8330	d82d1d67937beb396aef17c3eedcc78832ccba8c8a90992164d8d93dd272836d	node_modules/node-llama-cpp/dist/bindings/utils/cloneLlamaCppRepo.js	
file	644	6593	d49439601eaeaf582e74dfbc49a7adae11ceb66b55f816b47f4660b4f318eb05	node_modules/node-llama-cpp/dist/bindings/utils/cloneLlamaCppRepo.js.map	
file	644	30286	8f6096f66ac28bca2149a273cde82009d36300ccc7cee5dc84c0daff64d1338d	node_modules/node-llama-cpp/dist/bindings/utils/compileLLamaCpp.js	
file	644	22750	e2aa2e335a0f489b778427a368743ed351fbf9b2ee788ba0adfe19f46d55af0e	node_modules/node-llama-cpp/dist/bindings/utils/compileLLamaCpp.js.map	
file	644	13726	a599ae7ada45e0d0a9f75a066680c0a575004d7d27e8d22774d1536351d917eb	node_modules/node-llama-cpp/dist/bindings/utils/detectAvailableComputeLayers.js	
file	644	10866	8122446a9e714aa42143e425b32fe4824830de08d406aa27d1a1aa5fe9798457	node_modules/node-llama-cpp/dist/bindings/utils/detectAvailableComputeLayers.js.map	
file	644	6666	ac422a3b76e0e635e55c68f6532a29829f2c65f3ae094a9e964d5b7d49f5e280	node_modules/node-llama-cpp/dist/bindings/utils/detectBuildTools.js	
file	644	6298	24891a333f9a38ab7abfc754d26a6940ddf21c821f19c09d09d2dfc77d9dd6a5	node_modules/node-llama-cpp/dist/bindings/utils/detectBuildTools.js.map	
file	644	3000	4b7eae1f09cd931b945e4be616908e46ed4d5b6afbb7eb6179d99ca23082cb98	node_modules/node-llama-cpp/dist/bindings/utils/detectGlibc.js	
file	644	2208	82643a9157e93b33d21270a17119482822570cffc60e1d846a6c79a02f5b4921	node_modules/node-llama-cpp/dist/bindings/utils/detectGlibc.js.map	
file	644	1261	fb86435a41357625be5c7e60981a37ec3eaca7b4284d56284de970b16f4ff121	node_modules/node-llama-cpp/dist/bindings/utils/disposeBeforeExit.js	
file	644	1421	b43a8a420c8f0a8020c71a9fb401403e24f40a7e91e3c6cecb21a3bdfc3dc908	node_modules/node-llama-cpp/dist/bindings/utils/disposeBeforeExit.js.map	
file	644	1224	4e2f146b8956b080abbce92e69b31cb85188d0efcf34030d560f5e9c2bbc08ac	node_modules/node-llama-cpp/dist/bindings/utils/getBestComputeLayersAvailable.js	
file	644	1141	aad53dec39eb010d813f882da3d90bdddd5bb5936fc40bf3f261b0826cf1c7bc	node_modules/node-llama-cpp/dist/bindings/utils/getBestComputeLayersAvailable.js.map	
file	644	4256	726f27f04451bdec996a2a1af3cdc2f46c9379a3f1c53ec73a7a13e272e210ff	node_modules/node-llama-cpp/dist/bindings/utils/getBuildFolderNameForBuildOptions.js	
file	644	4284	9090ac4a71e77ec98c73a17b232cdcbbfa48216f68c8b12ff7e115ac25985e60	node_modules/node-llama-cpp/dist/bindings/utils/getBuildFolderNameForBuildOptions.js.map	
file	644	602	82f0a5026a53b676089feeeee5d9b8fe31c2fcc488245e4c17f5f772e2b08f22	node_modules/node-llama-cpp/dist/bindings/utils/getCanUsePrebuiltBinaries.js	
file	644	500	5fc6d20530263fe08c844beace5ed70af27f3d5b633e14539c141e7b3bd3c955	node_modules/node-llama-cpp/dist/bindings/utils/getCanUsePrebuiltBinaries.js.map	
file	644	1260	bb8a2fc18ffaa8eeea398da7469e1e33846dd4862627bf6c41d75da4cf500ad7	node_modules/node-llama-cpp/dist/bindings/utils/getExampleUsageCodeOfGetLlama.js	
file	644	1544	d70523d9cafac1a1fad7b64518bb02c713d41dc16ea5c228e4a9adfb6774b3b1	node_modules/node-llama-cpp/dist/bindings/utils/getExampleUsageCodeOfGetLlama.js.map	
file	644	1485	252c98efcadbee119611403dd59f841891ceffdfae0c17c1cd339bb45e4e82b5	node_modules/node-llama-cpp/dist/bindings/utils/getGpuTypesToUseForOption.js	
file	644	1499	96c2739dac9ae20a3cc2aca6b5c0441559f7a016c202debb281081347ee31248	node_modules/node-llama-cpp/dist/bindings/utils/getGpuTypesToUseForOption.js.map	
file	644	1759	9d7f27fb57821de370a8b4456c528ea3493599676bf2a9ca14729e383f4a2794	node_modules/node-llama-cpp/dist/bindings/utils/getLinuxDistroInfo.js	
file	644	1795	0ff48ecb1f28bf6320ae3cd85d03a59d57736a1e574e0f767fce9faf960889ce	node_modules/node-llama-cpp/dist/bindings/utils/getLinuxDistroInfo.js.map	
file	644	1597	44f7678907800ce07d0547ad67403222371cbb4ca9548ec393aa723a16e553c3	node_modules/node-llama-cpp/dist/bindings/utils/getLlamaGpuTypes.js	
file	644	994	c4727b2692c739ce112f9b1a5aa5e2d7eb634599fbf885f275908525aeb8de19	node_modules/node-llama-cpp/dist/bindings/utils/getLlamaGpuTypes.js.map	
file	644	1425	d00e8d76323bdeadd3702153928dfe1fa08b1e58135a5a9b7e331b000c9d9ff7	node_modules/node-llama-cpp/dist/bindings/utils/getLlamaWithoutBackend.js	
file	644	1078	0c1721e66ed9fce41a5cc586fed1953d4e8e3892b4abc178ad93f10075f9981d	node_modules/node-llama-cpp/dist/bindings/utils/getLlamaWithoutBackend.js.map	
file	644	365	4fbdbbe6c4b2660a2063ca4a2d62c26e2ae307e15c79e9294e38958e4d18f98c	node_modules/node-llama-cpp/dist/bindings/utils/getPlatform.js	
file	644	421	88b01e50004f1df1475c9a1163e8128646a096e63d4853baf2577f1d989ea15f	node_modules/node-llama-cpp/dist/bindings/utils/getPlatform.js.map	
file	644	814	b8a40913c1db2e793e9f9a7ce13bb71010e7cf1a8ee0fd9c5c584bac92be0e02	node_modules/node-llama-cpp/dist/bindings/utils/getPlatformInfo.js	
file	644	789	eb3d4bbcbf6bc8e27e8e8fc3b78ef23d3fe581786749fceba2032d53c16152bb	node_modules/node-llama-cpp/dist/bindings/utils/getPlatformInfo.js.map	
file	644	651	d152c04f153a31f2029f36d24e9add72bf233ae6e39945d51b986ee749af3177	node_modules/node-llama-cpp/dist/bindings/utils/hasBuildingFromSourceDependenciesInstalled.js	
file	644	792	7a68385622ff8fa846edab88a3a82fc484e63a4cb60a9d0b8d36493e54202565	node_modules/node-llama-cpp/dist/bindings/utils/hasBuildingFromSourceDependenciesInstalled.js.map	
file	644	1483	f7e8c2a6d2655aa4352f8d7f1eb002fd91f310b97596971662960be462234e2a	node_modules/node-llama-cpp/dist/bindings/utils/hasFileInPath.js	
file	644	1747	c5fee0c3a3dd5cd5a9ac6a8a358ae449de22496d3aac4a40bb5f17c139964fd9	node_modules/node-llama-cpp/dist/bindings/utils/hasFileInPath.js.map	
file	644	464	fac8ae83a122c904ed3e916fdf792a25ad1416817d5b1dc638576dff84727ca8	node_modules/node-llama-cpp/dist/bindings/utils/lastBuildInfo.js	
file	644	565	08f24b44c57dd34729627c1016bb9f35e7e8932ed02809b5f4eaca0aa97608e5	node_modules/node-llama-cpp/dist/bindings/utils/lastBuildInfo.js.map	
file	644	1132	84ad2a35b8d4bfd375d710cf70aeb096ae6f88502b203bb2d2a7ecba45a8738a	node_modules/node-llama-cpp/dist/bindings/utils/logBinaryUsageExampleToConsole.js	
file	644	1079	b1694275ceb04f22a7645e918b302fb1696b8f24cf3398e5298f446fbdeb399e	node_modules/node-llama-cpp/dist/bindings/utils/logBinaryUsageExampleToConsole.js.map	
file	644	2156	4d300c296da90d2a362f442e47d6e43e763dd334151fbceb377bcc64d125c51b	node_modules/node-llama-cpp/dist/bindings/utils/logDistroInstallInstruction.js	
file	644	2278	eaadb945544a349f5351735f53940602c2a587539a574f794932389dbddab3bb	node_modules/node-llama-cpp/dist/bindings/utils/logDistroInstallInstruction.js.map	
file	644	3546	a42f0952725dcc6f42f368a38a48f334fe8fbccb7500e1f0754927b21d417a66	node_modules/node-llama-cpp/dist/bindings/utils/MemoryOrchestrator.js	
file	644	3645	0fbb50f6648c5fbdffc59ed26b11dd2b2ea74f569d7999209b95f7545cd18fd2	node_modules/node-llama-cpp/dist/bindings/utils/MemoryOrchestrator.js.map	
file	644	197	4b2d75bc26da5cd695091e77ea36d3bec1528f7316404526bcefb1f13e95e7e1	node_modules/node-llama-cpp/dist/bindings/utils/NoBinaryFoundError.js	
file	644	265	1b1a9d3b50967957a2fa19a71a882f643169593827bdb8bfc1cc915e141c6d62	node_modules/node-llama-cpp/dist/bindings/utils/NoBinaryFoundError.js.map	
file	644	624	0e3038cb81548fe3b5e693e88e83c2abd57afc1af5cf304c865f65a6c4d8340b	node_modules/node-llama-cpp/dist/bindings/utils/resolveActualBindingBinaryPath.js	
file	644	710	9436ca18108d99673fe976b7bcf2e9c8d47b1ce76213f6136bbeef1bddbb6149	node_modules/node-llama-cpp/dist/bindings/utils/resolveActualBindingBinaryPath.js.map	
file	644	2332	3649144fd7324f1bf3d3cce54455d9199da81a03055156203913304f3a4d7a85	node_modules/node-llama-cpp/dist/bindings/utils/resolveCustomCmakeOptions.js	
file	644	2266	2e1b97884a35f87f505244eb07c990fa3f4f12765cc742eeff8432af682daede	node_modules/node-llama-cpp/dist/bindings/utils/resolveCustomCmakeOptions.js.map	
file	644	11211	87857f7fcddbf87c4d14a32331f88b3fefb5c40471f7b0151e94d46d881d6354	node_modules/node-llama-cpp/dist/bindings/utils/testBindingBinary.js	
file	644	8843	22bec6bda9c444ba8876b20eb4923e0166c0f2cf2d9876208cae1c0c6133e2c8	node_modules/node-llama-cpp/dist/bindings/utils/testBindingBinary.js.map	
file	644	1072	322067542bd7fbc79a3b7af882835874f47e9252443a2ff26087ac603ae2eaf1	node_modules/node-llama-cpp/dist/bindings/utils/testCmakeBinary.js	
file	644	1285	825b9a885a12ac323000e537db734e660301ca5fcb6f202ab837f1172dad6e06	node_modules/node-llama-cpp/dist/bindings/utils/testCmakeBinary.js.map	
file	644	11331	b8f93bdd3097532d64c4ef099a0eef850c723904318d2935a4333c65938daa69	node_modules/node-llama-cpp/dist/ChatWrapper.js	
file	644	9084	4c16bbf4851c6dafc7ec7c478ef1ae3861974bcfe153124f00a47a6082553954	node_modules/node-llama-cpp/dist/ChatWrapper.js.map	
file	644	1278	ae5e10d9fc78e5eed6e37df5185af74fd1a94fb67a1016f016029ac224da08c3	node_modules/node-llama-cpp/dist/chatWrappers/AlpacaChatWrapper.js	
file	644	947	819451a569305538d7fbda7178d40e1bb77395ee959ddd8c9d60593ad1c87886	node_modules/node-llama-cpp/dist/chatWrappers/AlpacaChatWrapper.js.map	
file	644	3563	89b2ed2393b0219d8a17cd1a99e24e70f2a8c3e12edf0328c3d912738383fa20	node_modules/node-llama-cpp/dist/chatWrappers/ChatMLChatWrapper.js	
file	644	2870	0a9db6da0b926d2dedee5465be53191c7e102ac3d67713c3a1a0bc0614e7e230	node_modules/node-llama-cpp/dist/chatWrappers/ChatMLChatWrapper.js.map	
file	644	17293	712eba0bd11ce17e885b6ad599c3eee43de49ca738a0143839967295a4d5b691	node_modules/node-llama-cpp/dist/chatWrappers/DeepSeekChatWrapper.js	
file	644	9375	68744e73950b0ab67a2972f0968506675a719edce8492b967791890420d63736	node_modules/node-llama-cpp/dist/chatWrappers/DeepSeekChatWrapper.js.map	
file	644	174	cf242397d956e6c44f83123ab6888308fee4cdbea8d1fe970f45c8b7c4e42dcc	node_modules/node-llama-cpp/dist/chatWrappers/EmptyChatWrapper.js	
file	644	246	5b985e954167641c976d477b21e75d3fdc34c8909b2f9e2124412952b4b3c8a6	node_modules/node-llama-cpp/dist/chatWrappers/EmptyChatWrapper.js.map	
file	644	5527	8f08a4c6cbecea661681d02c14b69fd6253cf16a58be5eaddc587a984e5889cc	node_modules/node-llama-cpp/dist/chatWrappers/FalconChatWrapper.js	
file	644	4276	1a1fd8a2b5f3304cf2eb8eeebe7a52d84d7e67df42912b64d14dc01b63364028	node_modules/node-llama-cpp/dist/chatWrappers/FalconChatWrapper.js.map	
file	644	29960	40fa00f17c0a117838561dd6ea16c60b93b5d39fce008d7bbfd7036442d778bb	node_modules/node-llama-cpp/dist/chatWrappers/FunctionaryChatWrapper.js	
file	644	19839	bbfd1fff8d5613bd82ee36cc92d4e0d31f9e565bfd4da509fadd6f6afa11ebbb	node_modules/node-llama-cpp/dist/chatWrappers/FunctionaryChatWrapper.js.map	
file	644	7765	b40353e66f6617deae156493147b8c05b6c4592ea3d70d0c6f9bf2c60d1a24c2	node_modules/node-llama-cpp/dist/chatWrappers/Gemma4ChatWrapper.js	
file	644	6108	8963153efabf428bcdccb2b741953966b056ae27f3ef82b378332967309524ec	node_modules/node-llama-cpp/dist/chatWrappers/Gemma4ChatWrapper.js.map	
file	644	4014	53f4ccea5b27dca4b888db12c8ece6d3f6169e6db0479c623f3b63cca0dab7ba	node_modules/node-llama-cpp/dist/chatWrappers/GemmaChatWrapper.js	
file	644	3071	83186031bddac3cbb2e88a4e510065b34a9dfff55279c88b221fd4dca75b4586	node_modules/node-llama-cpp/dist/chatWrappers/GemmaChatWrapper.js.map	
file	644	6626	ee64545bbbdbcb1dad57f47701afb85bdcc32eb9071be05d7856ed13b524a3d4	node_modules/node-llama-cpp/dist/chatWrappers/GeneralChatWrapper.js	
file	644	5075	e5e09ad936289282803ae15e6f2b5c5d9009591e1c5d679523b4b145cb0e578f	node_modules/node-llama-cpp/dist/chatWrappers/GeneralChatWrapper.js.map	
file	644	34573	c5a59f53a1849da6cc8bc72400fe01758f5e0e4bbff594211d0ced44d4f95c6a	node_modules/node-llama-cpp/dist/chatWrappers/generic/JinjaTemplateChatWrapper.js	
file	644	21342	5783a2e80155de4304c7067df30818aaec69d40b1d28ccbef615a1eef2dfca97	node_modules/node-llama-cpp/dist/chatWrappers/generic/JinjaTemplateChatWrapper.js.map	
file	644	9709	89145ecbdbfbd3101d9245703cfa108aa8ba41a46ed93ad496e935d6b1fb6d66	node_modules/node-llama-cpp/dist/chatWrappers/generic/TemplateChatWrapper.js	
file	644	6306	743dd03577b9120f926cf8813e807464e9a07dc9bdaf10393b957bb90b78d3f9	node_modules/node-llama-cpp/dist/chatWrappers/generic/TemplateChatWrapper.js.map	
file	644	2169	5c3cad807c8bac246a29fee30042b288c438a0a980d3803df475d9cbc001fbd8	node_modules/node-llama-cpp/dist/chatWrappers/generic/utils/chatHistoryFunctionCallMessageTemplate.js	
file	644	1576	32dc610e25b79dc092d22f0db06c4827fd683ed91e32c99a538dbb514f4801d7	node_modules/node-llama-cpp/dist/chatWrappers/generic/utils/chatHistoryFunctionCallMessageTemplate.js.map	
file	644	33707	0bf021d98d3263963354c2e34e268c3b4a94adc37c792b6c6af3818d0f8f2096	node_modules/node-llama-cpp/dist/chatWrappers/generic/utils/extractFunctionCallSettingsFromJinjaTemplate.js	
file	644	24337	02aea16e3b5a315ccc02a817c626016f110322661499c2671a45360b5979a164	node_modules/node-llama-cpp/dist/chatWrappers/generic/utils/extractFunctionCallSettingsFromJinjaTemplate.js.map	
file	644	3166	84471ad79d801347ff2939e8f7cb41de13ce3bcc5841a00fec93c2c2a2457f25	node_modules/node-llama-cpp/dist/chatWrappers/generic/utils/extractSegmentSettingsFromTokenizerAndChatTemplate.js	
file	644	2733	c51a645f8e429af48e3cdb39a16e8e41053cd8630c2da6c8b40819607163eb3a	node_modules/node-llama-cpp/dist/chatWrappers/generic/utils/extractSegmentSettingsFromTokenizerAndChatTemplate.js.map	
file	644	577	bfdd8374f90da05dfb857f4184f97bef4c80ff1abfaca871c57e7e137c8e11bc	node_modules/node-llama-cpp/dist/chatWrappers/generic/utils/getFirstValidResult.js	
file	644	560	53ffab0b268d673153424bb8c90f565480eec3fcef91c1987095399ccfd5cb28	node_modules/node-llama-cpp/dist/chatWrappers/generic/utils/getFirstValidResult.js.map	
file	644	1482	caf59aca85b01d424db66bc2a35a3f1bded63d5a997d0712bf48bf626d95a824	node_modules/node-llama-cpp/dist/chatWrappers/generic/utils/squashChatHistoryItems.js	
file	644	1595	8c65c6fcd7dd09a175642b50fbbee9230544b4ccd86cf2e82771e8a4f34322be	node_modules/node-llama-cpp/dist/chatWrappers/generic/utils/squashChatHistoryItems.js.map	
file	644	1331	24a22aead1bd1cdcf86f7d23c885529904c90c0b0309066b5cf069e2037084d1	node_modules/node-llama-cpp/dist/chatWrappers/generic/utils/templateSegmentOptionsToChatWrapperSettings.js	
file	644	1017	b35f07fb058c7bc6e2dde7a3ed533def51a409c6f1fc89861151a60d51ef727b	node_modules/node-llama-cpp/dist/chatWrappers/generic/utils/templateSegmentOptionsToChatWrapperSettings.js.map	
file	644	860	58f761747feb14745be256f770142ce4ec59fc58449d03a2b1654c030738f682	node_modules/node-llama-cpp/dist/chatWrappers/generic/utils/UniqueIdGenerator.js	
file	644	1051	416cadd38aba9a984d926f1d3d70fb3af2fcbcf3bdfe2582258422281aba8688	node_modules/node-llama-cpp/dist/chatWrappers/generic/utils/UniqueIdGenerator.js.map	
file	644	24309	503333c23980b16e23011a15132fd77f7e58ecc2c73a4cedebfb6e0258d0c5d6	node_modules/node-llama-cpp/dist/chatWrappers/HarmonyChatWrapper.js	
file	644	17459	ec3ac13ec82ff129c5877dabda54f673813969a2f5ce61e136c1ded1d08ad3cc	node_modules/node-llama-cpp/dist/chatWrappers/HarmonyChatWrapper.js.map	
file	644	3812	ebefd573ed857de418b132107a7264e03a89a69e1b77817f184dd1ae6c3af8fe	node_modules/node-llama-cpp/dist/chatWrappers/Llama2ChatWrapper.js	
file	644	3045	dadcc1988539926bb95ea68b338cc3bd3a201e17a096fe79fddeadc1e028dd40	node_modules/node-llama-cpp/dist/chatWrappers/Llama2ChatWrapper.js.map	
file	644	13657	fd4b4cc8f9dd914e5520a737c86c44090424c90c7f6f42a1a8c19767802f09de	node_modules/node-llama-cpp/dist/chatWrappers/Llama3_1ChatWrapper.js	
file	644	10344	df144eccabb69cd2b4fdf633aa77479238e090a966b36a2e865ff16d9d471f43	node_modules/node-llama-cpp/dist/chatWrappers/Llama3_1ChatWrapper.js.map	
file	644	12506	849f8827491356889245cec7c63770ebc7d0823fe02ee63d3a8b7c11f8e8a1d4	node_modules/node-llama-cpp/dist/chatWrappers/Llama3_2LightweightChatWrapper.js	
file	644	9636	59cbd47c288b32fe06be345f7f9600efe7ce1d180e29c15d92917d88ff07b0de	node_modules/node-llama-cpp/dist/chatWrappers/Llama3_2LightweightChatWrapper.js.map	
file	644	8143	fb2b8f4c33dc4c8854a8c294177d31905c1a5dfcad6697fded0fe5f770aeaf88	node_modules/node-llama-cpp/dist/chatWrappers/Llama3ChatWrapper.js	
file	644	5104	666a4ecf84846d5d857bf8a92d470044579aed68100a91b62563412f573b8f52	node_modules/node-llama-cpp/dist/chatWrappers/Llama3ChatWrapper.js.map	
file	644	8150	4b3b7f6724559e4729841db9fc22b5ee7024727f6013af0b88386bec1c4804c0	node_modules/node-llama-cpp/dist/chatWrappers/MistralChatWrapper.js	
file	644	6218	627ea81530a13443c45742dde2b86de2c4f6db0e6c8d99da1c3b2ebb97b24177	node_modules/node-llama-cpp/dist/chatWrappers/MistralChatWrapper.js.map	
file	644	17490	fa24509b9a25aa6f129c2c17368679db5aded5944514333712e729ef29542474	node_modules/node-llama-cpp/dist/chatWrappers/QwenChatWrapper.js	
file	644	11357	5eb503f2b9d20f3ff87862904cae80011a932915828a95ed12497df66c04ca9e	node_modules/node-llama-cpp/dist/chatWrappers/QwenChatWrapper.js.map	
file	644	9104	a83d5923385ed8885ef0e7843ba50f1090dab7dff0df1ad5c7181c2fda3e9a95	node_modules/node-llama-cpp/dist/chatWrappers/SeedChatWrapper.js	
file	644	5897	5c054e5a7a6579193389e7ffd084212b66c589d43ecaa62e05d77d8aaf2b91a2	node_modules/node-llama-cpp/dist/chatWrappers/SeedChatWrapper.js.map	
file	644	8147	30f42bc6cbb61ae14ae7dff527687690cacb40d54fc0ccbefc77f84ae022e655	node_modules/node-llama-cpp/dist/chatWrappers/utils/ChatModelFunctionsDocumentationGenerator.js	
file	644	5195	ae0032a4ceddcd684bb0ce73ae93a2ba56b7236dfada49bd3850721e2f976b45	node_modules/node-llama-cpp/dist/chatWrappers/utils/ChatModelFunctionsDocumentationGenerator.js.map	
file	644	1718	103d3392aaa01432506a6e2ea483185cadb6d47d5a71c8e4724982409df471a9	node_modules/node-llama-cpp/dist/chatWrappers/utils/chunkChatItems.js	
file	644	1629	d666068c5f42d90dbbfb10e23ca11b646e191114a9c55562294acfc73f5b0dfa	node_modules/node-llama-cpp/dist/chatWrappers/utils/chunkChatItems.js.map	
file	644	708	ce233cd529527674f7d8ff4d7af35ec710f722227b77f21ef6b53e7d826a59fd	node_modules/node-llama-cpp/dist/chatWrappers/utils/getModelLinageNames.js	
file	644	907	f7b393a39f795fc4358ad014bb28471bea107cd168a5f0fae6b6a2b6c2c1ba5e	node_modules/node-llama-cpp/dist/chatWrappers/utils/getModelLinageNames.js.map	
file	644	17912	c49d7ddc01cb273a205294b9de713f3832c58f56fcf72651563d995aabf0cdab	node_modules/node-llama-cpp/dist/chatWrappers/utils/isJinjaTemplateEquivalentToSpecializedChatWrapper.js	
file	644	12489	4ad2e0629eef210ba0ed93e7bd641da101ec3b02fdbbc1a105e4c397e2fb5fe0	node_modules/node-llama-cpp/dist/chatWrappers/utils/isJinjaTemplateEquivalentToSpecializedChatWrapper.js.map	
file	644	544	f1c929bcca783fb4d72a70670f01738f6fa8e2ebc084f882a2de069c247b7492	node_modules/node-llama-cpp/dist/chatWrappers/utils/isLlama3_2LightweightModel.js	
file	644	631	cc68bff36b56a73969c39d5599925ea9a7a61b87969379349df44a92d1e81532	node_modules/node-llama-cpp/dist/chatWrappers/utils/isLlama3_2LightweightModel.js.map	
file	644	597	17ae927e46310d603ff66c38270f07f3d337ad78886870eb007be099f11c8794	node_modules/node-llama-cpp/dist/chatWrappers/utils/jsonDumps.js	
file	644	485	27771afe25709badbfc485f00d3279b97f4311cdf6f63049fb04aa07dd1bbcbb	node_modules/node-llama-cpp/dist/chatWrappers/utils/jsonDumps.js.map	
file	644	18955	205da556e5b8b7b586b9a247c535de347ad0371b4b4199821ed77d51126e92ee	node_modules/node-llama-cpp/dist/chatWrappers/utils/resolveChatWrapper.js	
file	644	13298	cffc345fb782163c3245753b6275faadbc134006729834087fe4d3d63561a89e	node_modules/node-llama-cpp/dist/chatWrappers/utils/resolveChatWrapper.js.map	
file	755	1855	87c4356e6eea031dfac3d2e4d1601cc699eea21337d03acad6e33403b67a6aa9	node_modules/node-llama-cpp/dist/cli/cli.js	
file	644	1769	2eaf75d3eeaa0038fb17b35ff9d1e5f1c3b45aa0f6f12cb03c74bca7fa306b9f	node_modules/node-llama-cpp/dist/cli/cli.js.map	
file	644	44196	65d27e8ae7d93744554a254c5c389343c89d6cbbd0e231f85f3e9a09d9d4d94c	node_modules/node-llama-cpp/dist/cli/commands/ChatCommand.js	
file	644	28916	bc09b5c5ad4b48820b5645de904fee573c4236ae4426874968f14651593d4429	node_modules/node-llama-cpp/dist/cli/commands/ChatCommand.js.map	
file	644	33748	69fae0c4509791f1966e4d9917d91758a16215d20da2ce9286bf787a79a98dc1	node_modules/node-llama-cpp/dist/cli/commands/CompleteCommand.js	
file	644	21836	05c33f21467d3851ae612f9f8c7fbc60ed1dcf5bf80864186c867f45f4bdf2cf	node_modules/node-llama-cpp/dist/cli/commands/CompleteCommand.js.map	
file	644	2728	353d3bf1e66373f1033272a7b3bb1e17c8a8b73de50e00d0d9bebf82349e7233	node_modules/node-llama-cpp/dist/cli/commands/DebugCommand.js	
file	644	3068	17490aadc204a68943004d301dffe6ef2d38dbb18e4acca1c8f74ede1e5b0b7e	node_modules/node-llama-cpp/dist/cli/commands/DebugCommand.js.map	
file	644	35386	425b70d15e73417d14ce604174d3a9122eec4be47779c7f244a3c4ac64f22621	node_modules/node-llama-cpp/dist/cli/commands/InfillCommand.js	
file	644	23148	ae97d639593a8920e086f798768b12cca81836629655cae404d6d0c51dbf9ed1	node_modules/node-llama-cpp/dist/cli/commands/InfillCommand.js.map	
file	644	10816	fba77ab53edbbb1df7a1af1e1578dfb4ef3f8b84811fa3e19955786e78baf674	node_modules/node-llama-cpp/dist/cli/commands/InitCommand.js	
file	644	8524	eb4d4037d7a1e2ace8cb793babe7b9f734508f86e50de87a24e515b63d5c2608	node_modules/node-llama-cpp/dist/cli/commands/InitCommand.js.map	
file	644	17239	7bd293387746258bc35f5277c9989fadcf2bb9e8464e4b9f03a02549675b3d76	node_modules/node-llama-cpp/dist/cli/commands/inspect/commands/InspectEstimateCommand.js	
file	644	11292	ea41e14e59c82b6c405bb44dac16b64fbb5a34ff028c2ca77781ec93900e30c5	node_modules/node-llama-cpp/dist/cli/commands/inspect/commands/InspectEstimateCommand.js.map	
file	644	11698	5cc994684e743b3b427cb1d9a2bfa73189b93a71a69aed7cbe3eec341c342d4f	node_modules/node-llama-cpp/dist/cli/commands/inspect/commands/InspectGgufCommand.js	
file	644	8389	aa4a06f13fb72c6f4da0b09b430f93faec57e47bace82672595de6d825599055	node_modules/node-llama-cpp/dist/cli/commands/inspect/commands/InspectGgufCommand.js.map	
file	644	16142	a9d15a1dfcad20509614b148dd9e87054928a7247294ffd7844a79eb84bf9411	node_modules/node-llama-cpp/dist/cli/commands/inspect/commands/InspectGpuCommand.js	
file	644	14084	108e8c2b5eb410bca357b18c84f72d926aaa2a04033c87321c950080158dc0c5	node_modules/node-llama-cpp/dist/cli/commands/inspect/commands/InspectGpuCommand.js.map	
file	644	46746	bd4d020d0c5c433dabf578656c30a1f9e6bf12ff8f0a6fd098a1cb4d0a5ce37d	node_modules/node-llama-cpp/dist/cli/commands/inspect/commands/InspectMeasureCommand.js	
file	644	32896	ebfd9347b9905d01d61349c4becf6bac7a7e67e810ff9e4eb6592a11a46a1f14	node_modules/node-llama-cpp/dist/cli/commands/inspect/commands/InspectMeasureCommand.js.map	
file	644	1022	7eeab694515bd1fe68233095d52e8cf2783a38da363fc9c4a297be0dcb2e095e	node_modules/node-llama-cpp/dist/cli/commands/inspect/InspectCommand.js	
file	644	773	0355d4418bbf9be9a7cfa231ec5fbd441238f24eb033f360cc78027cb1d1a602	node_modules/node-llama-cpp/dist/cli/commands/inspect/InspectCommand.js.map	
file	644	3512	6b2b225c3207975bdb5efcc1af969953cf1a49d24878ddbb4d29c7486f715f1e	node_modules/node-llama-cpp/dist/cli/commands/OnPostInstallCommand.js	
file	644	2529	d368eb00f05b9b3656141604e04c7e2d865f200af23c1caa51ff130e567691a5	node_modules/node-llama-cpp/dist/cli/commands/OnPostInstallCommand.js.map	
file	644	7361	476d04d574bb5104133f49ef75dc52334500a6f1c46dc96942c01edb95e0a181	node_modules/node-llama-cpp/dist/cli/commands/PullCommand.js	
file	644	5472	ecbccabf2b1066838317894abbf7526f610769e7eebd2e9f27523d645c7b9016	node_modules/node-llama-cpp/dist/cli/commands/PullCommand.js.map	
file	644	6870	ccef5c392b08817fbeb7c8adecfe94f930a81e2df5fc176c236ac2b10710f764	node_modules/node-llama-cpp/dist/cli/commands/source/commands/BuildCommand.js	
file	644	4668	5d41c4ffae1100418682884c9f0b96e0a4cc12f4a77644784edda0be3acfc896	node_modules/node-llama-cpp/dist/cli/commands/source/commands/BuildCommand.js.map	
file	644	2178	b8fa562bf29fb703fca4c566eb327e851aa68d72ce42eecafc0ee21b01290b12	node_modules/node-llama-cpp/dist/cli/commands/source/commands/ClearCommand.js	
file	644	1944	ed2e1c6d8c65ee2b03cbea4ea260fe92a3b3fda26e4323e0c79fda4f56e7dadc	node_modules/node-llama-cpp/dist/cli/commands/source/commands/ClearCommand.js.map	
file	644	10792	79ed8e16f8fd70a70c866394af631a4e56699da37a12aaceed5b290777408ca0	node_modules/node-llama-cpp/dist/cli/commands/source/commands/DownloadCommand.js	
file	644	7614	26e130e92d1ef4e5eee50beaaeeb0ec5b1213a7717c5ad34900864009ef6a1ef	node_modules/node-llama-cpp/dist/cli/commands/source/commands/DownloadCommand.js.map	
file	644	827	0ea0ebdf1d048b7970f06829e78e079e08372a28b86714dab42a2844b17d651e	node_modules/node-llama-cpp/dist/cli/commands/source/SourceCommand.js	
file	644	685	75aa26dfb2840801b35c59542074e17127da7dab640cda5a84c0766a778715dd	node_modules/node-llama-cpp/dist/cli/commands/source/SourceCommand.js.map	
file	644	700	0ec1d9207ed765684d7aadb40105e6c53b749b5d677e3a752ebf98b84be5ce9a	node_modules/node-llama-cpp/dist/cli/projectTemplates.js	
file	644	332	b6e44989492c67e4358e7997405e20294dd5db36e771106fc3adf9be9ef44a9b	node_modules/node-llama-cpp/dist/cli/projectTemplates.js.map	
file	644	36589	f20d268dbdd17d3d346c9a1a63ecb189f2810e764c753e7c0edb2daca67f042e	node_modules/node-llama-cpp/dist/cli/recommendedModels.js	
file	644	9840	af851ee04f91383275d60d0b34484ff9d8357d778eae470822c0144e3778cfd7	node_modules/node-llama-cpp/dist/cli/recommendedModels.js.map	
file	644	839	065ea1d7c2483d813a92287b4859ab057ad280fe235b21d05a62692f6bb542dc	node_modules/node-llama-cpp/dist/cli/startCreateCli.js	
file	644	905	b2eb3e3b1ab9df3c38392f661ad61de938001adf1a71f0c751bcded118932725	node_modules/node-llama-cpp/dist/cli/startCreateCli.js.map	
file	644	5181	653ebe84d4f540b0b6b6c56865dc62d1550842920932d296725dac9ee2941ba0	node_modules/node-llama-cpp/dist/cli/utils/basicChooseFromListConsoleInteraction.js	
file	644	5021	34ef75db53e0037250f404d3d8b466e47233323789be37a0ec09d36db08ca838	node_modules/node-llama-cpp/dist/cli/utils/basicChooseFromListConsoleInteraction.js.map	
file	644	3777	e400d05978b6bf834fe7e24cd6c9578cc1dbc46135ad524acb8a014feb84b3ce	node_modules/node-llama-cpp/dist/cli/utils/ConsoleInteraction.js	
file	644	4001	91b1470f5dfaaa8823c775c10f12a9d0fc92ca5629c8e77c8e1cc5a683ef4548	node_modules/node-llama-cpp/dist/cli/utils/ConsoleInteraction.js.map	
file	644	2998	6824d53cd7fb036473bdb99b2beda2ebca5fca7f53fdfa3b1fa742fe90e02544	node_modules/node-llama-cpp/dist/cli/utils/consolePromptQuestion.js	
file	644	3184	ab4349af956a3f3f5b1bb01084a4a1bb3329e94945eb0e7a678c422d6efe6475	node_modules/node-llama-cpp/dist/cli/utils/consolePromptQuestion.js.map	
file	644	3978	9958adda7c7f4c00cdd0a7c0eed9c110045ef48fd942826c9c1a73d471b47d2b	node_modules/node-llama-cpp/dist/cli/utils/ConsoleTable.js	
file	644	4186	c3d1976438a2e2bdc3cd9b64f8d5339efe1131e2c196e84aa25809923cb671c0	node_modules/node-llama-cpp/dist/cli/utils/ConsoleTable.js.map	
file	644	520	15a118fb3f72d0522a5a18f44deac0d0075bb039084b67ece166a7bf58b5b648	node_modules/node-llama-cpp/dist/cli/utils/getReadablePath.js	
file	644	674	89e94b334a874b50a05c6a935271e3886aaf3484c840aef1d0beb38aed6c0338	node_modules/node-llama-cpp/dist/cli/utils/getReadablePath.js.map	
file	644	23114	722c832dbf956070287d55790dcd7bd8461f51baf788cd3d1af5a4e80bfd41c0	node_modules/node-llama-cpp/dist/cli/utils/interactivelyAskForModel.js	
file	644	17592	f5595d6acbcca7e117e069b9c984fa6b4a81cd60ed6ba0c4ad9571f41a88461d	node_modules/node-llama-cpp/dist/cli/utils/interactivelyAskForModel.js.map	
file	644	782	fc2689024db2f20e1232228ceabe980c6960b22e16b269f31e75ae246777488a	node_modules/node-llama-cpp/dist/cli/utils/isRunningUnderRosetta.js	
file	644	858	f85577e6c269b7323f8b8c9f6814ab06181aa23293d06acf5affb0fa9648507f	node_modules/node-llama-cpp/dist/cli/utils/isRunningUnderRosetta.js.map	
file	644	353	d125e072b9a920bee244e920cb9121960448be4a6f47cf64999097b8317c4712	node_modules/node-llama-cpp/dist/cli/utils/logUsedGpuTypeOption.js	
file	644	471	d6d46384e926c3418b332b998efe95bdac88d8ede54aa38f7de2956b44c522e0	node_modules/node-llama-cpp/dist/cli/utils/logUsedGpuTypeOption.js.map	
file	644	1867	9af985f45eaa4b214cbb86639ac3a5294cdc4ec0d2f385140ee03d2873ed7162	node_modules/node-llama-cpp/dist/cli/utils/packageJsonConfig.js	
file	644	1788	f13fdc93c52e4e7d8c6c8cccd5f7696eea9cff30a9bef7a91af9d0776b2bfbff	node_modules/node-llama-cpp/dist/cli/utils/packageJsonConfig.js.map	
file	644	522	89f6fdd697ab3a99fa0b088a7e99b14bcc2d3e20ff4d3090e99a7a28c80e103c	node_modules/node-llama-cpp/dist/cli/utils/packageManager.js	
file	644	588	fe4162d571f83dca2be20c14f9ff24752b5bb4dce0ee0430b94c13adcd4c0bfa	node_modules/node-llama-cpp/dist/cli/utils/packageManager.js.map	
file	644	749	d5593aef7ceecc9a3aacf311582a32fdcb050770851a251b886ae03c8bbf05e6	node_modules/node-llama-cpp/dist/cli/utils/parseXtcArg.js	
file	644	778	4f4482d3de733a255a767ec80c6f1a4b4ebae41484afb79d1e47ab34345c9718	node_modules/node-llama-cpp/dist/cli/utils/parseXtcArg.js.map	
file	644	7980	69a953126f1e7ab4ff6794680fcea370909830a0d086fdd1ac0df4ae146e917d	node_modules/node-llama-cpp/dist/cli/utils/printCommonInfoLines.js	
file	644	6336	7e7ed037bb25a3a823748b152fde55333034f2393db9529f8219304df4a56272	node_modules/node-llama-cpp/dist/cli/utils/printCommonInfoLines.js.map	
file	644	2215	5f7765cee9477194dfb908c1a9bd044ba30bf5c090a96b3e124803345a2e1406	node_modules/node-llama-cpp/dist/cli/utils/printInfoLine.js	
file	644	2865	96105cb3bea991d3a8ef5036820c80e90fd3027918bcb516784a25f82230a2cb	node_modules/node-llama-cpp/dist/cli/utils/printInfoLine.js.map	
file	644	526	96274c17e53b3ef9e78a8f99114fd06f0ea4dda1a49be64cf07d585250c05570	node_modules/node-llama-cpp/dist/cli/utils/printModelDestination.js	
file	644	654	8a7410ba992a9780f4986fc8a39a5c5a9d42eb841030f7c6d63685c4e47cc025	node_modules/node-llama-cpp/dist/cli/utils/printModelDestination.js.map	
file	644	2320	1a2830847263e65fb7ebab951b7bd3d7454fd55d07655267ec4d68b4f6116bad	node_modules/node-llama-cpp/dist/cli/utils/projectTemplates.js	
file	644	2279	6948dbaddd7965befab1c8c2f9ea7e8d9989a3db48c26b5818fc91559bae0c0a	node_modules/node-llama-cpp/dist/cli/utils/projectTemplates.js.map	
file	644	686	61802f0b3c4095e014553acc17bbd574b81a415a27c2e1c1855a212da378d1f8	node_modules/node-llama-cpp/dist/cli/utils/renderModelCompatibilityPercentageWithColors.js	
file	644	782	4108910208318213ed087f180e0c5b1b7094c7b8b3a2a4f6cab4c3cd1597d818	node_modules/node-llama-cpp/dist/cli/utils/renderModelCompatibilityPercentageWithColors.js.map	
file	644	7889	a35c2eaf8a82b8b10f9e306312f03864951e7773ef057ec2e90aa4ec4515479e	node_modules/node-llama-cpp/dist/cli/utils/resolveCommandGgufPath.js	
file	644	7021	10e30ea2d0a41d59d823d9d8272809a1997240af6c3480e69e3a549b81de73b3	node_modules/node-llama-cpp/dist/cli/utils/resolveCommandGgufPath.js.map	
file	644	757	0f30e394a594a941c52ce6ec1309d6721cfbb024fcd0db2f76da6372cf926e1c	node_modules/node-llama-cpp/dist/cli/utils/resolveHeaderFlag.js	
file	644	949	172d855e352eb8c9ac34023b45cb8586601f10addfe693072f6d7bc85524555d	node_modules/node-llama-cpp/dist/cli/utils/resolveHeaderFlag.js.map	
file	644	669	72bffc91eab7aba74b988993e76a3e6c4f47c1bf6c37d359a420d0b34d854e97	node_modules/node-llama-cpp/dist/cli/utils/resolveModelRecommendationFileOptions.js	
file	644	612	900472ca1fcc8c580c48ced3cd3c3c0c745d74bf5b13eeace274c08aba4da741	node_modules/node-llama-cpp/dist/cli/utils/resolveModelRecommendationFileOptions.js.map	
file	644	4417	e0893cc1b50e866d371fdc81d8882dff929fbaf4cd6c8fc68e2f431aa5bdba52	node_modules/node-llama-cpp/dist/cli/utils/resolveNpmrcConfig.js	
file	644	4397	c10b93bc21591511c49d1fd7ee4bb9b1b0a39a68ebbe7546ef6874239b04eae8	node_modules/node-llama-cpp/dist/cli/utils/resolveNpmrcConfig.js.map	
file	644	1593	03a63564d507394f7742a21bf1c4788fda2170985c8892b0c54c32273a909ddb	node_modules/node-llama-cpp/dist/cli/utils/splitAnsiToLines.js	
file	644	1603	954e40ca236041e639614c20b078a0036ee1d749e68be685133ef510521564c6	node_modules/node-llama-cpp/dist/cli/utils/splitAnsiToLines.js.map	
file	644	139	a29dbda8fa14c7d4174d516bb7fb8cb56bd505be2950cd7d0e37a86e0db0a49d	node_modules/node-llama-cpp/dist/cli/utils/toBytes.js	
file	644	254	49547668c5c5c4a2cf490cec346a440a6f4907dc6138721d43cc9d41492e02bb	node_modules/node-llama-cpp/dist/cli/utils/toBytes.js.map	
file	644	841	00a6fc6d73210f00d29d0a2899fe5be267c43f59778a8ea5e5ffe3e0687f6527	node_modules/node-llama-cpp/dist/cli/utils/withCliCommandDescriptionDocsUrl.js	
file	644	877	f265585fdbdf552cb39f101bbbdc148fe89b64d81631e149a503799bd42b0a72	node_modules/node-llama-cpp/dist/cli/utils/withCliCommandDescriptionDocsUrl.js.map	
file	644	579	eaad122a10516e843148a786e82bf4c05f5d5bc12a3b1a769583281152437c2f	node_modules/node-llama-cpp/dist/commands.js	
file	644	442	dfd9b1061d3b542b4b3aaaa8aa5184e608811119669c910a7611468e667e679c	node_modules/node-llama-cpp/dist/commands.js.map	
file	644	7358	549507abe42d73160b031cfc930db7fca149b8d9a18d196d8c3a14ea6f1aa1f7	node_modules/node-llama-cpp/dist/config.js	
file	644	5906	bbb4b9bdf5ba2683071cb6f5ca80ac58a9a56b3311e984344d8ac4da6b0d74e9	node_modules/node-llama-cpp/dist/config.js.map	
file	644	363	34c04b8866c8d59ac8d7128652fe9b1f9294a147e9ea7c7d74fc2a94b2301df7	node_modules/node-llama-cpp/dist/consts.js	
file	644	430	48b37642dde27174355b2f5f499b7fd33e49e4eefab79db6d2345fd288f9e4e6	node_modules/node-llama-cpp/dist/consts.js.map	
file	644	145913	40bd0cd8004e7e75a698f5ce4142fad8977eba9dfd5e14b23da5a286cf69b4b3	node_modules/node-llama-cpp/dist/evaluator/LlamaChat/LlamaChat.js	
file	644	105429	5d9a7689fb495289a880bb43fb8343cb76f538f73cb9b63bba5d38fed7d98caf	node_modules/node-llama-cpp/dist/evaluator/LlamaChat/LlamaChat.js.map	
file	644	15094	41125ffeb8767ef2ce7fed58ae698aa9ac77f5d9ad351273afc73d86c0614c87	node_modules/node-llama-cpp/dist/evaluator/LlamaChat/utils/contextShiftStrategies/eraseFirstResponseAndKeepFirstSystemChatContextShiftStrategy.js	
file	644	10697	3d74db94227032370b115f51d644d303f1f4be23c556d8894f51a2cbdaf8cf22	node_modules/node-llama-cpp/dist/evaluator/LlamaChat/utils/contextShiftStrategies/eraseFirstResponseAndKeepFirstSystemChatContextShiftStrategy.js.map	
file	644	2890	eb3b1afb15fc56afbe4f4f98b21bc6c8a4500d34af96f183e3dd5a69f54a5d96	node_modules/node-llama-cpp/dist/evaluator/LlamaChat/utils/FunctionCallNameGrammar.js	
file	644	2430	c28b3bce5bf2004b973eef1e730bee181048a1fb005ea0a793d5f33368f65e58	node_modules/node-llama-cpp/dist/evaluator/LlamaChat/utils/FunctionCallNameGrammar.js.map	
file	644	2433	38d9b1b2d90136db8deb5f41017c5ed431dd2d9ba3397b80d1cb3bb3df446b92	node_modules/node-llama-cpp/dist/evaluator/LlamaChat/utils/FunctionCallParamsGrammar.js	
file	644	1937	7eeb463b5044a8de20b4b2c09cf7e2a9c93f433a9607aaa3c870fd1afcc63fc7	node_modules/node-llama-cpp/dist/evaluator/LlamaChat/utils/FunctionCallParamsGrammar.js.map	
file	644	371	563656f738b7facbd69497f0a686525f6a0f1f069793d196bfb36c4e86d31a66	node_modules/node-llama-cpp/dist/evaluator/LlamaChat/utils/LlamaFunctionCallValidationError.js	
file	644	474	2e43a4257c3e8c89f6007040611aa5e2e9f608e3346740e3661d64da11c413ca	node_modules/node-llama-cpp/dist/evaluator/LlamaChat/utils/LlamaFunctionCallValidationError.js.map	
file	644	33269	5a014bec099f3f3df8919012a6d01a3c872205f166016b21422ac18562749e9f	node_modules/node-llama-cpp/dist/evaluator/LlamaChatSession/LlamaChatSession.js	
file	644	20084	096302c53c5fbe253d5d1c8d35e453980dc530d180cc3ac05cb07f2c9512ad22	node_modules/node-llama-cpp/dist/evaluator/LlamaChatSession/LlamaChatSession.js.map	
file	644	554	2eef6a8e5fd32b4f245fa377689e184fed82da1484ce61a5b78d984e054a03b7	node_modules/node-llama-cpp/dist/evaluator/LlamaChatSession/utils/defineChatSessionFunction.js	
file	644	322	a5f878a99bb21d8806e7e159d2acbf77ca00eb1c31a5f9cde0219d7cedcbaa2f	node_modules/node-llama-cpp/dist/evaluator/LlamaChatSession/utils/defineChatSessionFunction.js.map	
file	644	8118	9eb760cf99f4ec4a1167fd6684c138900705be1543be4dd80ecbfd7dc6f8cd3a	node_modules/node-llama-cpp/dist/evaluator/LlamaChatSession/utils/LlamaChatSessionPromptCompletionEngine.js	
file	644	7422	4686209cec3a06df0420b7ea05ac944f2074d8fe7f1b4277f7dad3d0b8e81d4b	node_modules/node-llama-cpp/dist/evaluator/LlamaChatSession/utils/LlamaChatSessionPromptCompletionEngine.js.map	
file	644	26321	ef7a4162a9dfccd6275ce2baed755b24717184f5c49803bb08e110e5ee946632	node_modules/node-llama-cpp/dist/evaluator/LlamaCompletion.js	
file	644	19417	e610bcfc0f0a2f464968b85e7c7dc1d347b5eb8ad03d73f4af98d26a4482af4a	node_modules/node-llama-cpp/dist/evaluator/LlamaCompletion.js.map	
file	644	96620	554dd154a2cb09d827f31e1aa7dcf9e39435e86df354d80a30124d070b0f1760	node_modules/node-llama-cpp/dist/evaluator/LlamaContext/LlamaContext.js	
file	644	66976	b2e6068b7d75466339e43e6530bddeff550d5c72027a450a05339f9422572aac	node_modules/node-llama-cpp/dist/evaluator/LlamaContext/LlamaContext.js.map	
file	644	5285	7677f569bea9493c5df24991b66cc7647403e188fe5ccd25e53a65648cfbcf72	node_modules/node-llama-cpp/dist/evaluator/LlamaContext/LlamaContextSequenceCheckpoints.js	
file	644	4966	4c131de40a5e7c57d8b6d651b6a100974f698d34d706747aab154c726a6602d5	node_modules/node-llama-cpp/dist/evaluator/LlamaContext/LlamaContextSequenceCheckpoints.js.map	
file	644	1628	c97246745ceb11093c0e42eb0806c183d6cbcd09f057715ee16be95afe41797e	node_modules/node-llama-cpp/dist/evaluator/LlamaContext/LlamaSampler.js	
file	644	1475	ceb1e2932a42e81de79acfba3245f650e194871a41f8c0c6cc1db969cb841346	node_modules/node-llama-cpp/dist/evaluator/LlamaContext/LlamaSampler.js.map	
file	644	722	40ac79c62acac96dc7e09740f88ee78c4946c8dc0afee7b175c8d2261b83c812	node_modules/node-llama-cpp/dist/evaluator/LlamaContext/TokenPredictor.js	
file	644	386	bdedaf4138e96283612c892b9f6f18fcd41956f238f2f543fb842cdcef8f24a1	node_modules/node-llama-cpp/dist/evaluator/LlamaContext/TokenPredictor.js.map	
file	644	12664	1a91ba6d7d0a3ffff5cf6fd483848ebfc195913604dcada804c82aa0c22a024f	node_modules/node-llama-cpp/dist/evaluator/LlamaContext/tokenPredictors/DraftSequenceTokenPredictor.js	
file	644	10317	8f4c4ce7ea3b7291adbce7c5ce5e7824008bb54cb5411ceeeefff7c020a5337d	node_modules/node-llama-cpp/dist/evaluator/LlamaContext/tokenPredictors/DraftSequenceTokenPredictor.js.map	
file	644	6495	dea564074681327005c5b68b0d2642fd355aaab799e0e3cb6c8e4bf03af8227b	node_modules/node-llama-cpp/dist/evaluator/LlamaContext/tokenPredictors/InputLookupTokenPredictor.js	
file	644	5402	9e3ad67e68a05e4e5d366728c6769c483ba179d94254407b4c408ddba748f189	node_modules/node-llama-cpp/dist/evaluator/LlamaContext/tokenPredictors/InputLookupTokenPredictor.js.map	
file	644	44	01ae2a5b120382f9a648ced7ee8507493a134f216d100fc61600c6c9738235d2	node_modules/node-llama-cpp/dist/evaluator/LlamaContext/types.js	
file	644	131	6bc1fb0049aaa672290c9177db50ea84a1c1092e4d58fab3c0a74747bb1f8811	node_modules/node-llama-cpp/dist/evaluator/LlamaContext/types.js.map	
file	644	553	bc1587e7609b7a52e06c8d5340cf79d0d4a9eb9508f0532d4860c111cfc13df5	node_modules/node-llama-cpp/dist/evaluator/LlamaContext/utils/batchItemsPrioritizationStrategies/firstInFirstOutStrategy.js	
file	644	761	11b926821be9bf756984c6e2e8e6edeb831d58ec606d336c1635a898b5e3b96d	node_modules/node-llama-cpp/dist/evaluator/LlamaContext/utils/batchItemsPrioritizationStrategies/firstInFirstOutStrategy.js.map	
file	644	2007	5101e25b3bede8736ed9849ae1451ae1f4b074b29b849819ba26f2af20ab4c64	node_modules/node-llama-cpp/dist/evaluator/LlamaContext/utils/batchItemsPrioritizationStrategies/maximumParallelismStrategy.js	
file	644	2160	b858e7dcfb999d4276c6453187332dadfa5bee9e008262506d7407d7111d69b6	node_modules/node-llama-cpp/dist/evaluator/LlamaContext/utils/batchItemsPrioritizationStrategies/maximumParallelismStrategy.js.map	
file	644	656	5eb465c7aac8ec846c351ff99fcf5bbcc41d1450a878e984aa6d9077c065eefd	node_modules/node-llama-cpp/dist/evaluator/LlamaContext/utils/padSafeContextSize.js	
file	644	755	8510ac707f126291af5943a05a6540e72210ae95bfbb46afaa972388e0e184f5	node_modules/node-llama-cpp/dist/evaluator/LlamaContext/utils/padSafeContextSize.js.map	
file	644	692	5fc844b1190e6121449d3aabb7610787ae89adbe2588928ceb78ea25887c1b00	node_modules/node-llama-cpp/dist/evaluator/LlamaContext/utils/resolveBatchItemsPrioritizationStrategy.js	
file	644	564	c891671de76ffc36862769373df3e2ab59beffb4155b94db9549d0fdcc490e86	node_modules/node-llama-cpp/dist/evaluator/LlamaContext/utils/resolveBatchItemsPrioritizationStrategy.js.map	
file	644	1888	28e53ae724e13f0978b583eaf6b9518318f2f43a7f92c70ee31ddd4472b7e372	node_modules/node-llama-cpp/dist/evaluator/LlamaEmbedding.js	
file	644	1654	987f4ce2270c088f2c951edcfe834e5a2f1b0e39da6e30d9e634119335050a61	node_modules/node-llama-cpp/dist/evaluator/LlamaEmbedding.js.map	
file	644	3820	26a02808736adde460e0666dafc07bd30cd7830cc2bf6471795b0cff927a3991	node_modules/node-llama-cpp/dist/evaluator/LlamaEmbeddingContext.js	
file	644	3180	01e985c21f886a3ea15f36255a786619d76e25dd5695cddd8149c568f0452ea2	node_modules/node-llama-cpp/dist/evaluator/LlamaEmbeddingContext.js.map	
file	644	2778	8e9bc16a0e89b52c051ffbfd822c8cde6c41f4f1c9c79c9ae7120eb2a6240e17	node_modules/node-llama-cpp/dist/evaluator/LlamaGrammar.js	
file	644	1992	0e6433cf10a93aed5958badc1c9a26fd86e7cb9eca75cdba48d9d631fd7721e4	node_modules/node-llama-cpp/dist/evaluator/LlamaGrammar.js.map	
file	644	1343	9ebf82ca57abadd07cfc7023164452bfb313f019495f41a390bff8fb667d43e0	node_modules/node-llama-cpp/dist/evaluator/LlamaGrammarEvaluationState.js	
file	644	890	0452e5cd8e3c7df332d7a48e2422a15d4b864798efdac94646f68863b597a7e0	node_modules/node-llama-cpp/dist/evaluator/LlamaGrammarEvaluationState.js.map	
file	644	1498	d68adc14c3338adeb01620f3a3ec2fd654d0f582e6a815ddb2a2e1408f1ca744	node_modules/node-llama-cpp/dist/evaluator/LlamaJsonSchemaGrammar.js	
file	644	920	33984fb46304e0d2c89b66d894a4602f51a339323f5250b4553f2fe5323c88ff	node_modules/node-llama-cpp/dist/evaluator/LlamaJsonSchemaGrammar.js.map	
file	644	41753	6ee92583dd094d2f573070c07ba82fdd9a022b3015c5e349041ea5918e9e850f	node_modules/node-llama-cpp/dist/evaluator/LlamaModel/LlamaModel.js	
file	644	31880	6bc9bfb71d5a5a486e6c2d8ef66dd6a6e21b9f9b0aeb578a3a281e18a3d5a33d	node_modules/node-llama-cpp/dist/evaluator/LlamaModel/LlamaModel.js.map	
file	644	2289	5da80fb1ace4460fc62200050e8c29d02e42fade9eb4fda528b64c1462adcbd0	node_modules/node-llama-cpp/dist/evaluator/LlamaModel/utils/TokenAttributes.js	
file	644	1728	9e572e253465306909637b0f6f03b377c439f51b9095d153e68acc1d9d37ae69	node_modules/node-llama-cpp/dist/evaluator/LlamaModel/utils/TokenAttributes.js.map	
file	644	9600	92f98574d9261ac0bfdca02cfff83917e479b6a228b3c30f70826bb6c501113e	node_modules/node-llama-cpp/dist/evaluator/LlamaRankingContext.js	
file	644	7427	afe174f0e508e193c5d8157b6a66d185ea8de700c3ea6b40cbf906fe60f209ff	node_modules/node-llama-cpp/dist/evaluator/LlamaRankingContext.js.map	
file	644	2709	55c3ea4923a3fee4b0596fc009d677dbfbc57780d206023eef1b55cc9926c564	node_modules/node-llama-cpp/dist/evaluator/TokenBias.js	
file	644	1486	f08a52e1c3dacaed6906c318fd87470f26ed7d60c6dc1adcef74c6c0cd03a31e	node_modules/node-llama-cpp/dist/evaluator/TokenBias.js.map	
file	644	1913	08b54afa4bbd3e348746ca40e2b8e4e15d509c364dbfab95b28682dda7f7cf60	node_modules/node-llama-cpp/dist/evaluator/TokenMeter.js	
file	644	1426	ff41850968518f87b76d2c29641372addd430c36b1342e5ab3301f6dcf938f89	node_modules/node-llama-cpp/dist/evaluator/TokenMeter.js.map	
file	644	11572	44bfe2f74481983cde1a6eb89c5dd45c107e5196e101384dc8028d7854cb2263	node_modules/node-llama-cpp/dist/evaluator/utils/chunkDocument.js	
file	644	8125	f796c6e3860669c51171d508de1e418c4a5be7f04c3a310cf70ca6043414dbb0	node_modules/node-llama-cpp/dist/evaluator/utils/chunkDocument.js.map	
file	644	337	7ca94d7581786a8639018d8facd9c6bf647ab6a00a995cada3dfe3a964b8b3aa	node_modules/node-llama-cpp/dist/gguf/consts.js	
file	644	389	e91efffee8fe0f01df318d0b9793d9fda4043cd6969c51654c72b89c9bae34c6	node_modules/node-llama-cpp/dist/gguf/consts.js.map	
file	644	262	62086883c6112e44ea6b5fe0e2519c5eb10cf558eaf0ece9b56f41b1cb2643aa	node_modules/node-llama-cpp/dist/gguf/errors/InvalidGgufMagicError.js	
file	644	284	072e4190cc6e445e3fec9b11f9e05cde97363b0bdb0aaf9490ac9b758da8ea71	node_modules/node-llama-cpp/dist/gguf/errors/InvalidGgufMagicError.js.map	
file	644	362	48ece6aabb93455bbc021d2a73cf73655bbaf6bf3c49ae299523866383241490	node_modules/node-llama-cpp/dist/gguf/errors/UnsupportedGgufValueTypeError.js	
file	644	410	b78d27f4cc2e6c7dc85a3ad85b7aec1c90f47a513c996f6e12054b06af7a68da	node_modules/node-llama-cpp/dist/gguf/errors/UnsupportedGgufValueTypeError.js.map	
file	644	4088	c79c739c35461e12e1bdad803a1301112ec47440480fb1211f41ac962a65104e	node_modules/node-llama-cpp/dist/gguf/fileReaders/GgufFileReader.js	
file	644	4142	518cba540866aa65f9030c6022447c15368e724732342ab2affcfd02282db9b4	node_modules/node-llama-cpp/dist/gguf/fileReaders/GgufFileReader.js.map	
file	644	2544	07cc06285561042c55fdcc773ffadd5950b2c0ce0229d795318d8c2f49808273	node_modules/node-llama-cpp/dist/gguf/fileReaders/GgufFsFileReader.js	
file	644	2482	5040a3a82895d2e4747fe8e6ab71381f382289f333bd475ad573b9de3e4f9fce	node_modules/node-llama-cpp/dist/gguf/fileReaders/GgufFsFileReader.js.map	
file	644	4119	9894e053c6a90ce3bdafade287455aa478bc881e4c682008f1949626974b5102	node_modules/node-llama-cpp/dist/gguf/fileReaders/GgufNetworkFetchFileReader.js	
file	644	3741	73cad29bb6340d0e605c9efe65b79f0cfa20225b2a7b78b6d8c501c9f2d833c6	node_modules/node-llama-cpp/dist/gguf/fileReaders/GgufNetworkFetchFileReader.js.map	
file	644	68042	d848a262376282ec803817bde6a3083dd0d5a1607fecef937a7357ee29f74490	node_modules/node-llama-cpp/dist/gguf/insights/GgufInsights.js	
file	644	52096	4339af9c6479c3bc77e7663b36d68fc59ff0a72594039d30880ca898244e87a7	node_modules/node-llama-cpp/dist/gguf/insights/GgufInsights.js.map	
file	644	18658	dfd90cec31b0c4e95913ecd732380d6da516152b4c2b1367d7e1cef6912501e6	node_modules/node-llama-cpp/dist/gguf/insights/GgufInsightsConfigurationResolver.js	
file	644	11829	88751dc8a1f23979d3ae85c2010b74fb2ea494bf51ba397551027529dfa67820	node_modules/node-llama-cpp/dist/gguf/insights/GgufInsightsConfigurationResolver.js.map	
file	644	1829	e6c6c37b857699fcf9dab52b13294500d29e22bdd53817eecb64bbfd8cb8299b	node_modules/node-llama-cpp/dist/gguf/insights/GgufInsightsTokens.js	
file	644	1709	cc51e0efe9447949a0f2640d16d0e1d75ff838826897795aa1bd353554d3bc78	node_modules/node-llama-cpp/dist/gguf/insights/GgufInsightsTokens.js.map	
file	644	419	6a84a2ab605d416573b162f0af5521f71a395315d57ea776440665d59874b400	node_modules/node-llama-cpp/dist/gguf/insights/utils/getRamUsageFromUnifiedVram.js	
file	644	571	5cdb216065252baed6995c49e20d2140830b03ae301011d1d7f77e78de1b84d2	node_modules/node-llama-cpp/dist/gguf/insights/utils/getRamUsageFromUnifiedVram.js.map	
file	644	9843	e5498d8bafe1d3b0b07a7150cce1e8cc8c056030d85244de03df122e1f8c244c	node_modules/node-llama-cpp/dist/gguf/insights/utils/resolveContextContextSizeOption.js	
file	644	6845	828e3d0325f36e261fc583ed2f3246138dc181d26f52c76e5f7bdc76b250ce20	node_modules/node-llama-cpp/dist/gguf/insights/utils/resolveContextContextSizeOption.js.map	
file	644	19040	7d8d762bef35852d5abc698ef3d995a7905f95430005c3715a55fa61dd612ed3	node_modules/node-llama-cpp/dist/gguf/insights/utils/resolveModelGpuLayersOption.js	
file	644	13934	3c80431c81c696843c6c1de2a8584a383085be7d778514c16ef88fc3f055af41	node_modules/node-llama-cpp/dist/gguf/insights/utils/resolveModelGpuLayersOption.js.map	
file	644	502	ef0472c88df452280a537cfdf35f13af3673b5bf2d2ae0796d67711507d842ed	node_modules/node-llama-cpp/dist/gguf/insights/utils/scoreLevels.js	
file	644	761	9e1ba79514d3fe046af922bbc30d37655cffa7b021ddb9d61cf5ea30f48fa0f7	node_modules/node-llama-cpp/dist/gguf/insights/utils/scoreLevels.js.map	
file	644	9126	9721245213be1950889c2ca67e3cb76accf6f18ab618dea3bf4493322d41ad96	node_modules/node-llama-cpp/dist/gguf/parser/GgufV2Parser.js	
file	644	7143	804a0836f03d292180de264cfa9b1656bddfcfdd6cd09b2c92d644adff6bcc1f	node_modules/node-llama-cpp/dist/gguf/parser/GgufV2Parser.js.map	
file	644	141	001e052ddda647be73056da35ebc0715625cc8d45c590759124e7b4924db1e6f	node_modules/node-llama-cpp/dist/gguf/parser/GgufV3Parser.js	
file	644	212	1cdd0eeb1acb4ddbf7afa5da2fde039ed3c25a0154294fd8dcb11b4662cc59a3	node_modules/node-llama-cpp/dist/gguf/parser/GgufV3Parser.js.map	
file	644	3691	9b67604050328450afa07b032de4f763b6b97c490a752f76765e9be74d0d79ae	node_modules/node-llama-cpp/dist/gguf/parser/parseGguf.js	
file	644	2806	b2738e816ec71510d1aeb102aebeed5bd082c0406b0ed08332967c3b63c10dc6	node_modules/node-llama-cpp/dist/gguf/parser/parseGguf.js.map	
file	644	4460	264b39ed4b4d513d9ff8e4d760361d9ad7bbb17d7776bc32dfb58d1ef39c093c	node_modules/node-llama-cpp/dist/gguf/readGgufFileInfo.js	
file	644	3799	f8fc8e1a7b3b229d36cbc3ec458252d6be8dff0cf6295b5d986b1a5090ddd768	node_modules/node-llama-cpp/dist/gguf/readGgufFileInfo.js.map	
file	644	969	fad737e3c49df44d908d9142d8a28846d828c03e3f3537c951d2577174101cf6	node_modules/node-llama-cpp/dist/gguf/types/GgufFileInfoTypes.js	
file	644	446	376d3be1acc520c5abe1d6eac470fe4344ba9a034185b38ffbee95503f29d073	node_modules/node-llama-cpp/dist/gguf/types/GgufFileInfoTypes.js.map	
file	644	11222	1bd55ea61f16ec9a5246aa47f99263c4717885a606dffd0266fa511ad415688c	node_modules/node-llama-cpp/dist/gguf/types/GgufMetadataTypes.js	
file	644	3739	43bb9c5927c6bb003e47430695b1dcd292957e27c0735d200d4d1898a3b90187	node_modules/node-llama-cpp/dist/gguf/types/GgufMetadataTypes.js.map	
file	644	2455	bb0819afc2cb331835e4223ec6ee6f538f7150cfb1d6b68fb1617a3bd484cc92	node_modules/node-llama-cpp/dist/gguf/types/GgufTensorInfoTypes.js	
file	644	1222	9669c673392d362331f0c92270efc411eeffdcd0a7035582f95f32d252453d76	node_modules/node-llama-cpp/dist/gguf/types/GgufTensorInfoTypes.js.map	
file	644	3438	6184c1c0ffb7fa62e4183b40d36db0a16b20dc25f04b03370a1d1c3e80ff0f54	node_modules/node-llama-cpp/dist/gguf/utils/convertMetadataKeyValueRecordToNestedObject.js	
file	644	3170	97e7e26eeb0acc8344986ce1f9a0a3fac48da297423d60ee72043ca6ae96490d	node_modules/node-llama-cpp/dist/gguf/utils/convertMetadataKeyValueRecordToNestedObject.js.map	
file	644	484	188a235805d9629cbb6f22da55782c38e8f20a05c55f79b1bf51a4ad6ba8139b	node_modules/node-llama-cpp/dist/gguf/utils/getGgufFileTypeName.js	
file	644	527	9aa03e65641d0e965f01c2f31e72342708590afa51bfddb30eab9af261b0abba	node_modules/node-llama-cpp/dist/gguf/utils/getGgufFileTypeName.js.map	
file	644	192	8f460e6dd9b317f9788387e9d2ff4900453ec8ef3635c5b0d9acdeec44865787	node_modules/node-llama-cpp/dist/gguf/utils/getGgufMetadataArchitectureData.js	
file	644	281	d1a4ad00fc7d75e719a2d39f45edb603dc77a2b148f4a337bea9ea4301f97059	node_modules/node-llama-cpp/dist/gguf/utils/getGgufMetadataArchitectureData.js.map	
file	644	967	5436e769fda26920e56c9858b52c8989dfdfc70342ebbf4b0b455318c37e2674	node_modules/node-llama-cpp/dist/gguf/utils/getGgufMetadataKeyValue.js	
file	644	1109	3e264f0a74d102be4d9e8a0f937387bc6d495c68f3f24cd565192c98d0f6fa24	node_modules/node-llama-cpp/dist/gguf/utils/getGgufMetadataKeyValue.js.map	
file	644	1790	6a3b6324275c731b72b327422cc133247abbf2a5b26c34e7f31fc3e97e2c25cc	node_modules/node-llama-cpp/dist/gguf/utils/ggufQuantNames.js	
file	644	1842	d521174552204fa3f5523522e9abcdea8d6bbca7de4da446bc77e865c890185d	node_modules/node-llama-cpp/dist/gguf/utils/ggufQuantNames.js.map	
file	644	471	b98c40af656861a68a3583a8152de15957aaf3c96fcb8a2ad7a2dceea9377691	node_modules/node-llama-cpp/dist/gguf/utils/GgufReadOffset.js	
file	644	514	26d65206ce7fa5a3f3166288775f1105a16e0a47018fc5809cc8ddd4a56799ab	node_modules/node-llama-cpp/dist/gguf/utils/GgufReadOffset.js.map	
file	644	869	deb9d4c96a84c8f40c4464d5ea88465e977d31482b8cdef10f5ae4c625ca4043	node_modules/node-llama-cpp/dist/gguf/utils/normalizeGgufDownloadUrl.js	
file	644	967	e18ed5c064d64a01b0ae76e5f40dcbdd6fdcc32ba5055503aaf66fbc93c689ba	node_modules/node-llama-cpp/dist/gguf/utils/normalizeGgufDownloadUrl.js.map	
file	644	1832	437707fd4b799871620caf7610ffe3a1fc61d2851cfcd710e970c0bba9b46dfe	node_modules/node-llama-cpp/dist/gguf/utils/resolveBinarySplitGgufPartUrls.js	
file	644	1974	0f1e3f5499cbc16f56cdd6f7c69db693eb3154c68a6de1552a74640602a98989	node_modules/node-llama-cpp/dist/gguf/utils/resolveBinarySplitGgufPartUrls.js.map	
file	644	2536	b72457338c22394113da6acdb5357c29ef9f1fbe60d40664989f676f57945e22	node_modules/node-llama-cpp/dist/gguf/utils/resolveSplitGgufParts.js	
file	644	2797	0b800b3eed028a0686b2bd046f19214ee371379c1c6ae812ec09214848896552	node_modules/node-llama-cpp/dist/gguf/utils/resolveSplitGgufParts.js.map	
file	644	7244	12780fc7c9764c897162a3a6630d52f453de27a8cbae85757d024371b4607af2	node_modules/node-llama-cpp/dist/index.js	
file	644	4280	b557617d21928ae279a8eca6809f5b0c1a94f18dee4d5bee50fb03474e54bd0a	node_modules/node-llama-cpp/dist/index.js.map	
file	644	610	e5333d4cc6e280f50eb742d5f8ba7cde778ec2197ac259f592f37be5f519243f	node_modules/node-llama-cpp/dist/state.js	
file	644	575	8356b82f5f8218014355dfd6345b43ca19b6bc75dcf40aa21214bd2e67801859	node_modules/node-llama-cpp/dist/state.js.map	
file	644	431	22b93be97f911afc87213c4eeddfa71dce876c88d689f8bb5296f0f6ea8c4fcf	node_modules/node-llama-cpp/dist/types.js	
file	644	501	00e15ab0f097adee4a7648c33ae69869bd2cea7340a81d9bac651e2a7a156782	node_modules/node-llama-cpp/dist/types.js.map	
file	644	818	8504379e065a0741ed5b5d29873bc45ddeeafab5c5d612aeeab9dd6bcdfff344	node_modules/node-llama-cpp/dist/utils/appendUserMessageToChatHistory.js	
file	644	736	d498bdea61e24d2030347c303ddb5d0279b764018db7931213fbd6d2642c16cf	node_modules/node-llama-cpp/dist/utils/appendUserMessageToChatHistory.js.map	
file	644	522	929d17742faf42b15855508ee65e0c83de1af99ababa5cf19b419ed7fb3f2f57	node_modules/node-llama-cpp/dist/utils/clearTempFolder.js	
file	644	511	841a0349163823f5d806fdc397025299e62e73f474c0e8ddc06c50491aa2229e	node_modules/node-llama-cpp/dist/utils/clearTempFolder.js.map	
file	644	5954	c7199595d7755bf74fe2455bf41c048fc4738354bf4dc24f00081f4e7ce66f58	node_modules/node-llama-cpp/dist/utils/cmake.js	
file	644	5401	8580d16945e5b6cae2c887829b8b36c779a3f2eb23d449647d8d42a2d3b7eb78	node_modules/node-llama-cpp/dist/utils/cmake.js.map	
file	644	121	78869ff7420e24c4d5f3920cc2c7cdfc840f7e0f563bfa9c17dd62b0982c1fca	node_modules/node-llama-cpp/dist/utils/compareTokens.js	
file	644	208	9e16cc9896c80720f736a6c242a67a1692117fa5ae0088c6f4e3c14e06b87ecb	node_modules/node-llama-cpp/dist/utils/compareTokens.js.map	
file	644	20465	23d3022f653a5fb3c5f6fd06bd9e8ff1c954decd99b95fdd48fd13415032db19	node_modules/node-llama-cpp/dist/utils/createModelDownloader.js	
file	644	12886	04e906a0a9d6c34afc30ec11874e666cc2e8de8d14f78148ed2d5eff2e568a4d	node_modules/node-llama-cpp/dist/utils/createModelDownloader.js.map	
file	644	4306	a28f8e7e07184c0db4903e56871061710d67a393fa762788aad57f84104f43cd	node_modules/node-llama-cpp/dist/utils/DisposeGuard.js	
file	644	3902	8177a0d6470e496791cc88bd0719ff358d805448c3bc90ca574c30143c5e9d5c	node_modules/node-llama-cpp/dist/utils/DisposeGuard.js.map	
file	644	7620	57faaed24505e1d943ca1212ca72b0f8573f4e9915215175cdf68961995dfbf7	node_modules/node-llama-cpp/dist/utils/findBestOption.js	
file	644	7094	4627a8ab179b96b7946c651a7f7e270b77b239e35f6142afd08327c6a055fa48	node_modules/node-llama-cpp/dist/utils/findBestOption.js.map	
file	644	5934	e720548542e1dc697f33e073c54ecb6fa6b5f5cbb580afbf9e6e8483a557c1fc	node_modules/node-llama-cpp/dist/utils/findCharacterRemovalCountToFitChatHistoryInContext.js	
file	644	3532	863988331e2c04e1f8955ee3e34eba1b4b4fc0620580e49b8a342c1a6d0f84a6	node_modules/node-llama-cpp/dist/utils/findCharacterRemovalCountToFitChatHistoryInContext.js.map	
file	644	2025	858a72151a4843b4db12dad3ebcd91d32c24adef69aae664ee6a42ea126f9565	node_modules/node-llama-cpp/dist/utils/gbnfJson/GbnfGrammarGenerator.js	
file	644	2115	01bdb9bb4c62fe7b50e18377d886ca0bace3d737e326ecfadb1c14f2bff524c2	node_modules/node-llama-cpp/dist/utils/gbnfJson/GbnfGrammarGenerator.js.map	
file	644	1983	9276e32ea54bbf0e7bdceccec50882141d5a719af097947a5254370f3d25f735	node_modules/node-llama-cpp/dist/utils/gbnfJson/GbnfTerminal.js	
file	644	1810	e81670dede5d4dec573422b885192951ede2d32d900ac90a6b7fb10722c15af8	node_modules/node-llama-cpp/dist/utils/gbnfJson/GbnfTerminal.js.map	
file	644	815	43933979ce1b9d51346b3b87766c53a3a70eccb6fdc1d150e5559c3f5c68ab69	node_modules/node-llama-cpp/dist/utils/gbnfJson/getGbnfGrammarForGbnfJsonSchema.js	
file	644	771	558afa562abb425eec105b21bd357f429b6ef1ce4ab5a3202bc63492acb95b53	node_modules/node-llama-cpp/dist/utils/gbnfJson/getGbnfGrammarForGbnfJsonSchema.js.map	
file	644	2001	345a70de69642065684dd0c74413c93352b2650ddbb187fb9777c4566b739ea5	node_modules/node-llama-cpp/dist/utils/gbnfJson/terminals/GbnfAnyJson.js	
file	644	1727	2932746f0d411c5712d0a74e9c71c0dff3a6918db83a4dae8632312bd0e4a29a	node_modules/node-llama-cpp/dist/utils/gbnfJson/terminals/GbnfAnyJson.js.map	
file	644	4322	69f2ce002fee62356a60c196da397211eb56ea4c3bb12fc9464961e50344758e	node_modules/node-llama-cpp/dist/utils/gbnfJson/terminals/GbnfArray.js	
file	644	3986	364f5987a3ba8d3bc608729718a4e7a71244965fd1536b326426b82b7863db53	node_modules/node-llama-cpp/dist/utils/gbnfJson/terminals/GbnfArray.js.map	
file	644	624	132fbf05402b588748a225d09d837d78985c0730c1fdb8b8482189d7b10660f9	node_modules/node-llama-cpp/dist/utils/gbnfJson/terminals/GbnfBoolean.js	
file	644	704	d6fa5b8e6ab4f525bce5725ad48d9558878529ab706b5954b67f5a29ccd2814f	node_modules/node-llama-cpp/dist/utils/gbnfJson/terminals/GbnfBoolean.js.map	
file	644	397	b2582f71fdd6e51151a8096db82e7ebb4d3b4cea51313777bbb37b794b4c79a4	node_modules/node-llama-cpp/dist/utils/gbnfJson/terminals/GbnfBooleanValue.js	
file	644	481	72aaf158357bfe00d95682287dbf519bec230ae57b7330f0400cfa455e283c5c	node_modules/node-llama-cpp/dist/utils/gbnfJson/terminals/GbnfBooleanValue.js.map	
file	644	1003	193729fb852319dd29d0bd28920a748678e3c333da70b7e7c51ceb679a7e22fe	node_modules/node-llama-cpp/dist/utils/gbnfJson/terminals/GbnfCommaWhitespace.js	
file	644	1015	4764a3c4dcc733f4db9a9ef99c6ad563bda956dcae552b95a49a68b5270a30e1	node_modules/node-llama-cpp/dist/utils/gbnfJson/terminals/GbnfCommaWhitespace.js.map	
file	644	1978	a7e375d1a2b5706dba6180c4971f594577151289f6b2c73b1a502e7e4461cc59	node_modules/node-llama-cpp/dist/utils/gbnfJson/terminals/gbnfConsts.js	
file	644	1623	f609a2e98b04d62c759a15153ffb3416f30f8e3978c22b75e199c59732d0f6b5	node_modules/node-llama-cpp/dist/utils/gbnfJson/terminals/gbnfConsts.js.map	
file	644	2462	0d43a0a2f6acd5d5a80206398b59f282fe3ec981960d493b3538fe20a97e8c4f	node_modules/node-llama-cpp/dist/utils/gbnfJson/terminals/GbnfFormatString.js	
file	644	1905	c4ba577e5cbaaf5dde6b7d288b9292da0757aef5ea06b6621ff97c0085fb2553	node_modules/node-llama-cpp/dist/utils/gbnfJson/terminals/GbnfFormatString.js.map	
file	644	763	3e7d818d65a545ff14f279486d5abbc61cfa96cad5af94b010ea9c17481c3233	node_modules/node-llama-cpp/dist/utils/gbnfJson/terminals/GbnfGrammar.js	
file	644	782	f7188ef1014f82b1ae0eab769e71905ac5605d5b4de61209e6fbe3ba2bfd0b54	node_modules/node-llama-cpp/dist/utils/gbnfJson/terminals/GbnfGrammar.js.map	
file	644	712	9f259fb69bfa5d6cee96fc2777f01aff1217b475d4ff1f48c517d1c6f01584ac	node_modules/node-llama-cpp/dist/utils/gbnfJson/terminals/GbnfInsideStringChar.js	
file	644	632	25bccbcb45d8ff0da4fe2755ed72f66eaf9d646cf91e297da234de54d6663da6	node_modules/node-llama-cpp/dist/utils/gbnfJson/terminals/GbnfInsideStringChar.js.map	
file	644	302	973a644bf8c1ffc22b442f46d93bc17b60a3c85ab674272c3efed06096c82125	node_modules/node-llama-cpp/dist/utils/gbnfJson/terminals/GbnfNull.js	
file	644	361	a32933a61c8b10ce8b440d816810dbac33fabddf9185b48143569ccc2db09608	node_modules/node-llama-cpp/dist/utils/gbnfJson/terminals/GbnfNull.js.map	
file	644	766	3177b4f848425f56805e797025a6b95e86807b385c6adcb921479f7be62487a2	node_modules/node-llama-cpp/dist/utils/gbnfJson/terminals/GbnfNumber.js	
file	644	709	5f6b53f2f66695ed9ecbf8536d70a64c4ba339df80f051695c04d2174d7da5c3	node_modules/node-llama-cpp/dist/utils/gbnfJson/terminals/GbnfNumber.js.map	
file	644	736	bf9b9fc3bb5eb67b90a95dd0346ac456b0bf637842ebafc79bbb7e700748246b	node_modules/node-llama-cpp/dist/utils/gbnfJson/terminals/GbnfNumberValue.js	
file	644	759	54f93b97698ae784321194972b47f80e5a3cfd223c0fbdddff577f2da8758ecd	node_modules/node-llama-cpp/dist/utils/gbnfJson/terminals/GbnfNumberValue.js.map	
file	644	4772	bedeae7088a652569828e95f5392c7cfcdfc2b19d32aba9f3405b0113faae011	node_modules/node-llama-cpp/dist/utils/gbnfJson/terminals/GbnfObjectMap.js	
file	644	4185	d2daa2781b284eb5fffb58968109f16d4b96ecf18d0e58eb0b785b72e2ebb11e	node_modules/node-llama-cpp/dist/utils/gbnfJson/terminals/GbnfObjectMap.js.map	
file	644	1315	dba191f257607ea189d057a6b0a13441b4dc73d13ef5525370461eb93b28e721	node_modules/node-llama-cpp/dist/utils/gbnfJson/terminals/GbnfOr.js	
file	644	1384	6ba5f3d0ad86cdd21019c48600b9bc51ac826afef2bfe1af30dc15949c10b8ec	node_modules/node-llama-cpp/dist/utils/gbnfJson/terminals/GbnfOr.js.map	
file	644	1608	d9781bf51f6ec551c15a7a2650335165a7bfe52b76b6c3e91a827249ebe8bbd1	node_modules/node-llama-cpp/dist/utils/gbnfJson/terminals/GbnfRef.js	
file	644	1710	0b7209b99683bae67735e96a2f5d6a5fa819744fa0c4a30942248b1b542cd90f	node_modules/node-llama-cpp/dist/utils/gbnfJson/terminals/GbnfRef.js.map	
file	644	4414	1d0d022ae1a215d047e0daa49cf3a16a8f2462b781168e72555150a671f46923	node_modules/node-llama-cpp/dist/utils/gbnfJson/terminals/GbnfRepetition.js	
file	644	4237	3d5f8748ad11e2a8e4b195ae813c08a87ffbff585ccbd1f97c18ca8e6900015e	node_modules/node-llama-cpp/dist/utils/gbnfJson/terminals/GbnfRepetition.js.map	
file	644	1553	a20e24933b272ddb2c73bc17ffd815394e71341fe807e3f2a9f841cb29800285	node_modules/node-llama-cpp/dist/utils/gbnfJson/terminals/GbnfString.js	
file	644	1514	fde42478ba411d32feec0ea92fa459fdc9a0d945be7218b940f460977e0df35c	node_modules/node-llama-cpp/dist/utils/gbnfJson/terminals/GbnfString.js.map	
file	644	740	bc414dfc4dfbf08a3dedb96cbf8f0288963b3fdd56370f79ca742a06997921a4	node_modules/node-llama-cpp/dist/utils/gbnfJson/terminals/GbnfStringValue.js	
file	644	751	e8cdc7f6f86ef4ed292e88c7dfa13150ec9f114095f10b83356f4b6a26f261fe	node_modules/node-llama-cpp/dist/utils/gbnfJson/terminals/GbnfStringValue.js.map	
file	644	561	c99a3bacc1af5cf2b9069530f869c75dddee72e3ac15011f19f55bec3eb9580d	node_modules/node-llama-cpp/dist/utils/gbnfJson/terminals/GbnfVerbatimText.js	
file	644	628	5733bc5b87d8e8aadd6637acf4065f132a7f5cd5dc6ec4f433da5cc1cb7865fd	node_modules/node-llama-cpp/dist/utils/gbnfJson/terminals/GbnfVerbatimText.js.map	
file	644	2447	e12969298b9231d539be8e4070a7c8b9904209d616c0ec6d8e5142da86c97ad6	node_modules/node-llama-cpp/dist/utils/gbnfJson/terminals/GbnfWhitespace.js	
file	644	2243	4495c042b4124b44de2803d3ae93c14e25c23139d662f11a931e408aab4734ff	node_modules/node-llama-cpp/dist/utils/gbnfJson/terminals/GbnfWhitespace.js.map	
file	644	971	60797b779a01eae217a0d7eb984b35f9d0db5cde4893b8e82af9f9a6f4445644	node_modules/node-llama-cpp/dist/utils/gbnfJson/types.js	
file	644	1066	1c71bcad278fed6aafa4e053467e7649afd85145ec4b0d55c7fe59a848067b25	node_modules/node-llama-cpp/dist/utils/gbnfJson/types.js.map	
file	644	503	e34523dbff69870eedc77398fb62a86df56683957d6799dc60d6702823f759d2	node_modules/node-llama-cpp/dist/utils/gbnfJson/utils/defsScope.js	
file	644	640	8f5b106334a48f7d44b08b079bfaf339b952490f7486a2c1680b8eec03dffd4a	node_modules/node-llama-cpp/dist/utils/gbnfJson/utils/defsScope.js.map	
file	644	448	a915329ed402e0d431f8de697da34795ef7d448a52ae4bec1abf91c2c1f35ceb	node_modules/node-llama-cpp/dist/utils/gbnfJson/utils/GbnfJsonScopeState.js	
file	644	494	b6dcaa545fb509e92b1966378e6b03a4e8eaec58bfbe52151e1a5f1eb3fa0d03	node_modules/node-llama-cpp/dist/utils/gbnfJson/utils/GbnfJsonScopeState.js.map	
file	644	7766	f5564f445b4ed21996b52e7f31469f12c7ee3e0c7a10c8ec3cd1317e3bd8cde0	node_modules/node-llama-cpp/dist/utils/gbnfJson/utils/getGbnfJsonTerminalForGbnfJsonSchema.js	
file	644	6393	396ba63db3d6d6db2beed8f234fe5368599dc48c742c26f6700147f25cf3df8f	node_modules/node-llama-cpp/dist/utils/gbnfJson/utils/getGbnfJsonTerminalForGbnfJsonSchema.js.map	
file	644	746	08dc92cbffaad588b48769f36cb7fa4b0a463b434406b4c6488788d50198dd2f	node_modules/node-llama-cpp/dist/utils/gbnfJson/utils/getGbnfJsonTerminalForLiteral.js	
file	644	730	4b9159b2708317df433ecaca692f15b65eac9ea0c932f315cd301be327482907	node_modules/node-llama-cpp/dist/utils/gbnfJson/utils/getGbnfJsonTerminalForLiteral.js.map	
file	644	11821	fe72f816614467d8a555edd57a2e04faf53c482ee9962069e6111ab235e68689	node_modules/node-llama-cpp/dist/utils/gbnfJson/utils/validateObjectAgainstGbnfSchema.js	
file	644	10905	8f72875953195589b0e948d9e009c750fbbe6e2a520d9efce886c16f63f40a2e	node_modules/node-llama-cpp/dist/utils/gbnfJson/utils/validateObjectAgainstGbnfSchema.js.map	
file	644	407	357794f5fa13b8e072fb0a9789c57546aa4a90ac594b9861649103b4dac0dccc	node_modules/node-llama-cpp/dist/utils/getBuildDefaults.js	
file	644	364	ac2bf2f78723ad9bf463ef7d480e3395ba4df43699848c6472bbd26ea6e1e5bb	node_modules/node-llama-cpp/dist/utils/getBuildDefaults.js.map	
file	644	369	f60bef72bdeb5570c6c0d631430ad97276d4f1d6c9c8eb7c1c53392df66068c9	node_modules/node-llama-cpp/dist/utils/getChatWrapperSegmentDefinition.js	
file	644	401	a3561d0375d9be050ea4be8cf24d12bcd6b2da81f1cd0c5671f321a6001acf93	node_modules/node-llama-cpp/dist/utils/getChatWrapperSegmentDefinition.js.map	
file	644	476	545fbee413150980771e74ddc3416360516b74183a44141c7ebc812a4dbd9bd5	node_modules/node-llama-cpp/dist/utils/getConsoleLogPrefix.js	
file	644	538	cde39515a67c6f3b040bacd6b4a6d4cbebc39c315d9c4bc0df74c985b3fe057b	node_modules/node-llama-cpp/dist/utils/getConsoleLogPrefix.js.map	
file	644	2041	9d9c1c56eb6a35e42118de05e4ffa550c063cdd876e0ece8c0a51d51a532f3db	node_modules/node-llama-cpp/dist/utils/getFirstWritableDir.js	
file	644	1958	fe710576abbc88c3616c500acd3e795f8721cf05f70d9b40edac7f369679d506	node_modules/node-llama-cpp/dist/utils/getFirstWritableDir.js.map	
file	644	864	7f6577f22f7d20e50204758ab8e347ed159ed2a4ad96694bb9f1def40e3df031	node_modules/node-llama-cpp/dist/utils/getGrammarsFolder.js	
file	644	754	195363ad7b252256ec3b7a460c7f11936e1dca2a2ed212c190333a5f5c27645b	node_modules/node-llama-cpp/dist/utils/getGrammarsFolder.js.map	
file	644	518	d302533c3d9b482bc79465cc6ab965ef6c65b27378e397a500ccc95899d6bdf0	node_modules/node-llama-cpp/dist/utils/getLlamaClasses.js	
file	644	456	985f433cc175ddea11fe918afba46f4707a4b808d66ca80029116bb31c11288a	node_modules/node-llama-cpp/dist/utils/getLlamaClasses.js.map	
file	644	489	b41db3080c44ae6b72f4694530ec53b67b11b80010148e7bc5cb402eaf47be33	node_modules/node-llama-cpp/dist/utils/getModuleVersion.js	
file	644	622	3ac4131314098e71a4ce5bf47e045a0cc60ee8c25fe734707727d7023aab220d	node_modules/node-llama-cpp/dist/utils/getModuleVersion.js.map	
file	644	1629	a0c58d20c56323364c5595574a6ab360af1243f22f215551f6b330c349225a09	node_modules/node-llama-cpp/dist/utils/getQueuedTokensBeforeStopTrigger.js	
file	644	1507	81a81220040d86919cb038fa3a362d8e6f7ca3b165de1cf53886a228cff2fe96	node_modules/node-llama-cpp/dist/utils/getQueuedTokensBeforeStopTrigger.js.map	
file	644	224	2eda724e0b6cc088c2be7cdc31d601138b4554b1a4b6c417d666cddb77f62981	node_modules/node-llama-cpp/dist/utils/getReadableContextSize.js	
file	644	286	73813a1bfa64e111e260fff8d211c2a21a6f57d3d52536ffddbf85cbc28e8bad	node_modules/node-llama-cpp/dist/utils/getReadableContextSize.js.map	
file	644	3965	c0eb24c6bc585a335d09899f21e9e260dde42d0f987767c6efb971599c4f3cc5	node_modules/node-llama-cpp/dist/utils/getTempDir.js	
file	644	4147	c1330f21539ed642b97ce555dabc5f14e522d85b567d9b8fdbda4ff7b1e5dc52	node_modules/node-llama-cpp/dist/utils/getTempDir.js.map	
file	644	10071	d5874cf1ece1b76675b20346adefd4df91e2593c5565a6a65262de9f780ce585	node_modules/node-llama-cpp/dist/utils/getTypeScriptTypeStringForGbnfJsonSchema.js	
file	644	9120	b2ebf92af6857358636a5909e3a3763e2a72b9068b47ff2538ae7ed9a0bd74e6	node_modules/node-llama-cpp/dist/utils/getTypeScriptTypeStringForGbnfJsonSchema.js.map	
file	644	2871	73e332bf028ceacef4a03d6101332dcc667a9818e55aaf6c16ff58b3cf09ac2f	node_modules/node-llama-cpp/dist/utils/GitHubClient.js	
file	644	2673	211b015d4e7986f5d6cd96d230e3cff1af1dd4ea14b3da1867afc26fc8c5bec3	node_modules/node-llama-cpp/dist/utils/GitHubClient.js.map	
file	644	7315	cffd7cbc06c78bd8c6a5dfd95e89dfb0d9ea1df3e22c26c974171d537287a7fe	node_modules/node-llama-cpp/dist/utils/gitReleaseBundles.js	
file	644	6611	b3e30060a107d42c7fd9485629535e482b4ef2c8facd10e4e930a77a89d4827e	node_modules/node-llama-cpp/dist/utils/gitReleaseBundles.js.map	
file	644	304	66ef1e6d770554ece8dbff802ef75155fc2426778f637411d8c2f6d1a0130c7d	node_modules/node-llama-cpp/dist/utils/hashString.js	
file	644	481	8493a037690157259a0752dd348019ff8608c282058f0a713b774145f6c46511	node_modules/node-llama-cpp/dist/utils/hashString.js.map	
file	644	547	f3aa7a6b02102c56654309fe819f7a986bf83e15fcd9ba7bc2b21d341ca346c7	node_modules/node-llama-cpp/dist/utils/includesText.js	
file	644	649	0ace1ce7443bb822c1aa1756f8cdf2e19ee63c0405abde3a20aefd32d82ba3cf	node_modules/node-llama-cpp/dist/utils/includesText.js.map	
file	644	187	5dd06963d1e0eeece6c94c2f0073d221c94ad075f73e7c4c1b2af05d00b3f153	node_modules/node-llama-cpp/dist/utils/InsufficientMemoryError.js	
file	644	250	44a31c14ac30a39225a137b30480db5ef88a999d67f2f574fb000749eedc12e3	node_modules/node-llama-cpp/dist/utils/InsufficientMemoryError.js.map	
file	644	564	f96cc9ff168f95df8256ee8ea5989206ce81060260b78bdecb2e0ca3b2f07e1b	node_modules/node-llama-cpp/dist/utils/isLockfileActive.js	
file	644	626	a89fbe7dba845d2a97f3040c900016cd3f6f93684c39a0aefc2950640e31b277	node_modules/node-llama-cpp/dist/utils/isLockfileActive.js.map	
file	644	108	05c890f8182a3abc9d81523eba9876f39c7da899f716fdf5fc6f998bc31396b2	node_modules/node-llama-cpp/dist/utils/isToken.js	
file	644	191	23d84f12379d4bd0536b6c79e4ececc5400fda64a7c0147d2993c4755181c919	node_modules/node-llama-cpp/dist/utils/isToken.js.map	
file	644	432	a157f7d265f99d8ec56d28064eee4e46f456a20e9b90fc99539e9acf71d59504	node_modules/node-llama-cpp/dist/utils/isUrl.js	
file	644	514	d3974bb0fc1604d813d689ad2c7a2de3f8735b498dd5da4722f42407dd8a5b1d	node_modules/node-llama-cpp/dist/utils/isUrl.js.map	
file	644	20168	708ca25740498477bd9ec5a5b65ab245c9008d8e24ed60e8d64a5499c3f08e45	node_modules/node-llama-cpp/dist/utils/LlamaText.js	
file	644	17671	47809587d825d007f856f58f47d9d979f9a039222e1e39c0df474b7eb9ebb1bb	node_modules/node-llama-cpp/dist/utils/LlamaText.js.map	
file	644	1255	8d350964e91c3e766227dade40d46ec7c62a27fb1fbe1fa6126ec6fa5f9c9973	node_modules/node-llama-cpp/dist/utils/LruCache.js	
file	644	1567	b1208c7d9f2be8a1d40f8d94bf1db91427eaad898cf6a5721fbd071c8c6ff1db	node_modules/node-llama-cpp/dist/utils/LruCache.js.map	
file	644	54	64a682d41044824b7e865c1a74497278ce9502fdc7bb8d4e318cc818a8a71506	node_modules/node-llama-cpp/dist/utils/mergeUnionTypes.js	
file	644	131	11d1f09c4d6781de37c7746199b2da4bd4978f3ed362c9b1fe206c22c046ad0c	node_modules/node-llama-cpp/dist/utils/mergeUnionTypes.js.map	
file	644	1446	754f8a718446f696f9228e60b4140e9b322bf2f172d7d766d211aac2f0bfbbd1	node_modules/node-llama-cpp/dist/utils/modelDownloadEndpoints.js	
file	644	1276	b3bfc37ccc3ee4c7f528ffc8ec321b08ed22c88eb801cf2b832b39540a453043	node_modules/node-llama-cpp/dist/utils/modelDownloadEndpoints.js.map	
file	644	1517	6eecbbc65afa42dc2be711d2ad4ca684f504bfd960d5a26cbd6122efa82ba206	node_modules/node-llama-cpp/dist/utils/modelFileAccessTokens.js	
file	644	1613	b7bc14e2aa32a21bff9ae1c16d3db2fac671b07f527120fc60152c0f56bb4a0e	node_modules/node-llama-cpp/dist/utils/modelFileAccessTokens.js.map	
file	644	21589	d670bebe9aca4e33dffc7cb83f372fe46768c57ad65d173d84ad563db686d41c	node_modules/node-llama-cpp/dist/utils/OpenAIFormat.js	
file	644	17560	bc34221c47f3815d7882e5d7e36a035ff5476d2f606ebcf0d8746650a4a83f04	node_modules/node-llama-cpp/dist/utils/OpenAIFormat.js.map	
file	644	2380	d05158548adb368d564fbcc2b701b081d9607d19332a61e6371edc5e0f8efcfe	node_modules/node-llama-cpp/dist/utils/optionsMatrix.js	
file	644	1754	a9a8e8b3fd594849456efc4c6a6c174596678bad52533db82b3aeedc3b180977	node_modules/node-llama-cpp/dist/utils/optionsMatrix.js.map	
file	644	54	074aa76e24c30df0becead5cd83a97d82a0274dc58c037aeb3dfc4bc80659bd1	node_modules/node-llama-cpp/dist/utils/OverridesObject.js	
file	644	131	88bbc088454aa48a6e0df5bea6241f92bfdd3a4738ec4fabd7c721ffe886109f	node_modules/node-llama-cpp/dist/utils/OverridesObject.js.map	
file	644	4099	2e3e59910d0749852527a153e8b17802ba59fb8ab68c112a71d1ce431ef3c293	node_modules/node-llama-cpp/dist/utils/parseModelFileName.js	
file	644	4631	1ddbece410642775bdfa0e7034ce8f247318cfa66c4b1c4da372ec9a0ba34c5c	node_modules/node-llama-cpp/dist/utils/parseModelFileName.js.map	
file	644	16823	e97a83ee34ac6b623da7d8ff606beddba4b60a9ac19a3e1b7f3bff3715dc5331	node_modules/node-llama-cpp/dist/utils/parseModelUri.js	
file	644	14994	82c917f4d66a66c07d88aee9212431d84481d885e72179f793732b87a9618890	node_modules/node-llama-cpp/dist/utils/parseModelUri.js.map	
file	644	4063	68109be41f5693d073f80bcfcd0e919f3a59a5dde500f98321cb6391584ba90e	node_modules/node-llama-cpp/dist/utils/parseTextTemplate.js	
file	644	2815	563453954906f002618c435967ad18ddbee21b2a82927b4d0be8c81552fa0681	node_modules/node-llama-cpp/dist/utils/parseTextTemplate.js.map	
file	644	3257	44e1fd89a158fb541a81c0d522f80ab6af9830e0317070d11acf4f2907685865	node_modules/node-llama-cpp/dist/utils/prettyPrintObject.js	
file	644	3932	95dffd9ccfe6247aabcff412e335a80808771fc0c1956d77d7f45ad1dab80358	node_modules/node-llama-cpp/dist/utils/prettyPrintObject.js.map	
file	644	2017	dc8074d100060fb6add01dd8489e996483880f64fe47b010d9725f1bb9047689	node_modules/node-llama-cpp/dist/utils/ProgressTracker.js	
file	644	2117	9fa7c6e5d7245b476edf369c580708efc1ba6adbb3800fee73deebfb580f835a	node_modules/node-llama-cpp/dist/utils/ProgressTracker.js.map	
file	644	325	63f610435ba23fb8d0a176290c865352c41f14bc654aa177ad1ffe5b21ff8703	node_modules/node-llama-cpp/dist/utils/pushAll.js	
file	644	272	4aa9e7fbda3cc8c19c4f6150936a6b522499a25ef120d63cdd710bf31ffb8366	node_modules/node-llama-cpp/dist/utils/pushAll.js.map	
file	644	463	03b102c81200905e42fb16342f8069ca1b46a8cf7ea4b8f3a6dc6f7dccc08fc1	node_modules/node-llama-cpp/dist/utils/removeNullFields.js	
file	644	650	d085ac768422f20d8cd7c635d9bbcf74367976c9a03ea7bedd26eb87ebd08529	node_modules/node-llama-cpp/dist/utils/removeNullFields.js.map	
file	644	2417	eb6997335a57c2d20e660816d1728e34edfad5861a1ed173a82f9bb1e8930fa8	node_modules/node-llama-cpp/dist/utils/ReplHistory.js	
file	644	2534	a204e023e54dbf82b606ed3f25906df8d3d4cbf41fbcfbe3847c0072b4fe140a	node_modules/node-llama-cpp/dist/utils/ReplHistory.js.map	
file	644	1309	0705b40509f9e418221ac002e9dcce9c316ed3c83e803273a708539e8f0ad715	node_modules/node-llama-cpp/dist/utils/resolveGithubRelease.js	
file	644	1172	5c3c8eb690c4ecd50e4cb2f715dbf4103bc731e3ec3aa5f97795c74895e83c2a	node_modules/node-llama-cpp/dist/utils/resolveGithubRelease.js.map	
file	644	520	5c076be1702ca399427ccd2f9c74bb9d31c6bc6d02dd6ce27c083407aa5a3b7d	node_modules/node-llama-cpp/dist/utils/resolveLastTokens.js	
file	644	665	f32089670b86aa46578ca4623456498f2ab2309defdfeee820fe35005d5c2e19	node_modules/node-llama-cpp/dist/utils/resolveLastTokens.js.map	
file	644	2105	635e741c59eff2b5d21a7e5e9ff45a517b2ef64f227263dc5fbb842a86dd0a7e	node_modules/node-llama-cpp/dist/utils/resolveModelDestination.js	
file	644	1763	71ff28727def7119e1d05b36bef75c5fb4e3febce46256c581a6f422a7d1c415	node_modules/node-llama-cpp/dist/utils/resolveModelDestination.js.map	
file	644	9178	20ee9452b352ea838507799ab7811c56de487c72fcdce2daddb05e77b0d47690	node_modules/node-llama-cpp/dist/utils/resolveModelFile.js	
file	644	6178	22fdca6e6d6ec9a5e99d8759e68b320a6a05c0a873a038c4c69db543c20d9fb3	node_modules/node-llama-cpp/dist/utils/resolveModelFile.js.map	
file	644	449	5771887dc7a3d71d4419d384f3e5d22d5161b3f73318777ed2537fb0093f06fc	node_modules/node-llama-cpp/dist/utils/runtime.js	
file	644	573	8365647e68f9d768a4a1470e38d3b03a2a7194df7dbeee481132bc6b94bcc0c1	node_modules/node-llama-cpp/dist/utils/runtime.js.map	
file	644	927	1dd119443cae2e1d5fac46dacb3ce9bf4b41673a4918254b79d8769cc72902f8	node_modules/node-llama-cpp/dist/utils/safeEventCallback.js	
file	644	939	9da7719026440f58834d182f213ec484e6e6fb53aa25c0ca231f11bbecd2b82c	node_modules/node-llama-cpp/dist/utils/safeEventCallback.js.map	
file	644	707	ab2df71548437f77b74a37754c59d176f068cd49e5ca517ca54099455d671406	node_modules/node-llama-cpp/dist/utils/signalSleep.js	
file	644	737	3cd4bf40016f62bb83432ade8bf84fdab4ea1f94f58649f4ba084a9430f0d18c	node_modules/node-llama-cpp/dist/utils/signalSleep.js.map	
file	644	3343	cfc7689a38bae00550280b796acce9e3ff39aacb98069a4ed57a4f8acc4405c9	node_modules/node-llama-cpp/dist/utils/spawnCommand.js	
file	644	3604	fb89f57e2dad7bc0e88c702e7a7809f92794c9419a72566b64cb0a2f0340a5ee	node_modules/node-llama-cpp/dist/utils/spawnCommand.js.map	
file	644	11766	7086ca55490678c6ad31be2793509094e803bf1896c29fb06db668821f3898dc	node_modules/node-llama-cpp/dist/utils/StopGenerationDetector.js	
file	644	10373	7464dee2039238f5502e14a13db0c5d1eb4f41d1a5d6cf10aca85271b94f86f1	node_modules/node-llama-cpp/dist/utils/StopGenerationDetector.js.map	
file	644	7238	70877e766da298b653fbcb6c8c1bf3d5c72787040d52277704c2943e88acb8e2	node_modules/node-llama-cpp/dist/utils/ThreadsSplitter.js	
file	644	6546	7d4140eca0deb04a9776ef8b3270fc7e2309b36bf4d38f13e4f3553586e3d8e8	node_modules/node-llama-cpp/dist/utils/ThreadsSplitter.js.map	
file	644	487	bcd5808f8d6062e94e13b8918d855c90ccaf94b17088fb0f152909dc3a0781ad	node_modules/node-llama-cpp/dist/utils/tokenizeInput.js	
file	644	602	f3641c8a7da2ffe84f96ccbca15fada0abf2bd746716bcb7c4d3700cc64d2b81	node_modules/node-llama-cpp/dist/utils/tokenizeInput.js.map	
file	644	1321	ab18ffdb28d795702d0b2ec5b492205675c3d55620fa5da8bb10e315ab79f006	node_modules/node-llama-cpp/dist/utils/tokenizerUtils.js	
file	644	851	4e9f6040c0d3fa88d08fafaec841f070c7b28ddf7075ae5aaea129a940d61d99	node_modules/node-llama-cpp/dist/utils/tokenizerUtils.js.map	
file	644	7358	a33f7f5b67b53519ce18a9761e596246e4d5a8282b46d51a2fc24ebad6669f88	node_modules/node-llama-cpp/dist/utils/TokenStreamRegulator.js	
file	644	7307	eba053873bea1833f89eca50d513f96518824e18cdfb720e7e3301d26d2b037b	node_modules/node-llama-cpp/dist/utils/TokenStreamRegulator.js.map	
file	644	3984	45fb50977723fb895edd901f98d8b625a4d86ab7dbae0d09af0c4319e195a1d0	node_modules/node-llama-cpp/dist/utils/transformPromisable.js	
file	644	2261	09d8b7cca8bc2fab47dcf02fbedab25ed7b6eff41a0c785f0f58e9af5ea12385	node_modules/node-llama-cpp/dist/utils/transformPromisable.js.map	
file	644	4534	591b3f62f27beec3b190f543d565d656fe742fa37eec65708e3e34becf53418a	node_modules/node-llama-cpp/dist/utils/truncateTextAndRoundToWords.js	
file	644	3892	3b4e5b92ef84251136b4b8f17cb9613f64e9664e8d7e56b2074c4531d3c31aae	node_modules/node-llama-cpp/dist/utils/truncateTextAndRoundToWords.js.map	
file	644	191	4c3e5303ef40bbcba964abba9042c6974df2c4c44b82ac3ab2a1d72c2e9dba99	node_modules/node-llama-cpp/dist/utils/UnsupportedError.js	
file	644	249	1b6dda01f3ee1ed6dd4181e0a375d19435794008f2f458e73a11fdccc2c9856b	node_modules/node-llama-cpp/dist/utils/UnsupportedError.js.map	
file	644	48	830fb2596c531b439ba68d6cf9c2fd0bf328c0c3f60c461f919df0e4ddf38e47	node_modules/node-llama-cpp/dist/utils/utilTypes.js	
file	644	119	b5a3285aef355630cf45bc95cab4374c3dcffacdc9ecb295c28c0e90040679bf	node_modules/node-llama-cpp/dist/utils/utilTypes.js.map	
file	644	889	a349b0a7f0b29cb83760eb6defc81d2a632ca990e2d16165382126a13d3dd9a0	node_modules/node-llama-cpp/dist/utils/waitForLockfileRelease.js	
file	644	904	f68bb5e74bee371952a32c6876c4c9c7d2d5d9ffedd18d49deec71c3a8c139f9	node_modules/node-llama-cpp/dist/utils/waitForLockfileRelease.js.map	
file	644	695	550c15eec556dbbe8e9f0ab85ff39828bc6ace6c0ef0a3c9a71e4b9fbd028d81	node_modules/node-llama-cpp/dist/utils/withAbortSignal.js	
file	644	827	4609991236f3feeaab18e919eb5133c9721a2bf6b8fbab06ab12271c9ca5d067	node_modules/node-llama-cpp/dist/utils/withAbortSignal.js.map	
file	644	1490	bc2878b5712e785d6fb51c59f69e050eb7a96a7446571bbd8255809755474e9c	node_modules/node-llama-cpp/dist/utils/withLockfile.js	
file	644	1397	cf504ae847bc63093054ab9a81a644f0bb4f40eb6ff44bcfab44c16878c77315	node_modules/node-llama-cpp/dist/utils/withLockfile.js.map	
file	644	1225	5da09caa147037d9d7a773c3b13c80a43d546913951396345641437a6753e5cd	node_modules/node-llama-cpp/dist/utils/withOra.js	
file	644	1299	64f996c3a0f4f39f4cf42548ac248bbfa92df4c0d6c9870c470661c06cdbbbec	node_modules/node-llama-cpp/dist/utils/withOra.js.map	
file	644	8831	d5f79389e712c29f39adfb2ef06e0be0c98c43a3cdc97ca0a9ad0a5ef0fd3190	node_modules/node-llama-cpp/dist/utils/withProgressLog.js	
file	644	7786	8c6f2c5cac86925d2f4182eb7db55b785a58040be7a3716fbd1edd3c51ea5b83	node_modules/node-llama-cpp/dist/utils/withProgressLog.js.map	
file	644	1199	d73d4ac230812f40adc6f5ecc22b045479d5fbc232e03ffbf5dabcf4830eb170	node_modules/node-llama-cpp/dist/utils/withStatusLogs.js	
file	644	1199	f3ddf24294316b0de4f3eca924736fdb059d177a43aa829493586a43afac4070	node_modules/node-llama-cpp/dist/utils/withStatusLogs.js.map	
file	644	461	fe6ed6e322a654720d3cba38a98ba8a966ce32bc00406adc7eca91b559c26b27	node_modules/node-llama-cpp/dist/utils/wrapAbortSignal.js	
file	644	513	2c999df1460e35400448bffaf4153876ff5e2d25d41fa13d2cefe7f47ed3f89a	node_modules/node-llama-cpp/dist/utils/wrapAbortSignal.js.map	
file	644	1065	a1ca3969baa10f09da46a0e834851c8150c35c729e88f8e756435fac02d1cd6d	node_modules/node-llama-cpp/LICENSE	
file	644	1232	509ff5186f95d2266c249ac87d72d9b3bfa95d8486d0d0741e6ac9da1e63defb	node_modules/node-llama-cpp/llama/.clang-format	
file	644	12013	5c4f223c1f22e60c583f5affcc5c4d61160e008e4b1414d32c9654c1627009bb	node_modules/node-llama-cpp/llama/addon/addon.cpp	
file	644	46836	7bd06749d38c9b083fa5ad84a41d498dea9ed90cbaf3e49b100351ed3c851b58	node_modules/node-llama-cpp/llama/addon/AddonContext.cpp	
file	644	3363	c82d36751105fc54391e60c45bc75d478d3c94e88e04b407ec83cebf7f33fa16	node_modules/node-llama-cpp/llama/addon/AddonContext.h	
file	644	12695	7e971db812f59f6b9582f68e5b905211cb97909a6fa412c6e8846d4aaef455ae	node_modules/node-llama-cpp/llama/addon/AddonGgufMetadata.cpp	
file	644	1403	8e60819276ceef5cb3f351e9e5b6f6c328fda1c5a52c87b26c8037f41462446a	node_modules/node-llama-cpp/llama/addon/AddonGgufMetadata.h	
file	644	1008	f301e95a2119ed0ed9f4825a281508f775d7adc57243aa300c1531428fd4747c	node_modules/node-llama-cpp/llama/addon/addonGlobals.cpp	
file	644	328	66f47f8dbe6082a4dcc887199ba72abe17d86283b0bfb9936033c1525a5d2821	node_modules/node-llama-cpp/llama/addon/addonGlobals.h	
file	644	3167	4c277c924a675eca91070320f84206b97cbf80c0c4029ce1b024d19836ae43bb	node_modules/node-llama-cpp/llama/addon/AddonGrammar.cpp	
file	644	608	550a6878015573d8222cfe541d26d186aa95d8ab32f31aa44a7e1dc26e098e64	node_modules/node-llama-cpp/llama/addon/AddonGrammar.h	
file	644	1359	ae3f507ee380dc82b416a4789c267d6b9bcb7ff013ca704718f1c6ebd22b8e15	node_modules/node-llama-cpp/llama/addon/AddonGrammarEvaluationState.cpp	
file	644	469	83905a818c477ae85633fa245827de6f98386c215e670db8f1925de84d9f0c52	node_modules/node-llama-cpp/llama/addon/AddonGrammarEvaluationState.h	
file	644	31443	094547002dc83191fe23994f30ef4c527e10483a6556eaf9cf4e2bc3c5fe69ca	node_modules/node-llama-cpp/llama/addon/AddonModel.cpp	
file	644	3116	6624e07386e5e21b6b50ec824497f6498259b7d3f0b99940165bf39e6a4eb36a	node_modules/node-llama-cpp/llama/addon/AddonModel.h	
file	644	1659	2218a57e19c3e888f16f6ad8976e9ae52ce5c2ea71994b64274d9fae4b31a651	node_modules/node-llama-cpp/llama/addon/AddonModelData.cpp	
file	644	513	0b3997381c27749bb4681128a759b1b86560a44b178cdb6aa411f6a0fe21c745	node_modules/node-llama-cpp/llama/addon/AddonModelData.h	
file	644	4375	c0441dd1579b3d982bed71f4aaed2baa9958d02819dff8d3700f04dc838886b0	node_modules/node-llama-cpp/llama/addon/AddonModelLora.cpp	
file	644	1027	3238b2fef86c3de02bdcb206969f227ab4f5fbc5f8f406c53555bb44257899a7	node_modules/node-llama-cpp/llama/addon/AddonModelLora.h	
file	644	28720	b3bfa4c37d540baebb5642d01968ada30bdfb10add36e80e7c7180ee2a33e0e6	node_modules/node-llama-cpp/llama/addon/AddonSampler.cpp	
file	644	2998	4177f1757da8148569bde014444582462f9d88b81cbfb5461a2f7b67d5c7b0a9	node_modules/node-llama-cpp/llama/addon/AddonSampler.h	
file	644	1354	bb3a38ee9d5c067e4f40d9ac40bdd3c02b538d3bb53ad19170c977d6b1af9dff	node_modules/node-llama-cpp/llama/addon/globals/addonEnv.cpp	
file	644	89	91bcd84958ce705f4d2223746a1adb5d5c00eafe3bd56f65ce655ec230c8ef09	node_modules/node-llama-cpp/llama/addon/globals/addonEnv.h	
file	644	5025	ca8198963d093fa387eb57fc9503ba220ecb694fc53c3e3c351201ae6be09f0f	node_modules/node-llama-cpp/llama/addon/globals/addonLog.cpp	
file	644	910	b88394a6e35df04b11c8a711fb68a999bf7ee69904881b2892761b814920ba78	node_modules/node-llama-cpp/llama/addon/globals/addonLog.h	
file	644	431	d4695871a98f78747d99e4fdb06c7430f6c86950cf6c8e755f27c09eeefb93bd	node_modules/node-llama-cpp/llama/addon/globals/addonProgress.cpp	
file	644	546	2ce7f5952f48c48bf3833cba2346ab8c5ea62d9d8101953450b24d8a8483d306	node_modules/node-llama-cpp/llama/addon/globals/addonProgress.h	
file	644	6013	418c5f42334ab5df6c540ef9e559bfd43edd479b0deb3a3d7333a8bb4345e650	node_modules/node-llama-cpp/llama/addon/globals/getGpuInfo.cpp	
file	644	397	54033e4f5fb5230b99aec67d9f8af173130368643fc24e302b12b2c2cb1ac023	node_modules/node-llama-cpp/llama/addon/globals/getGpuInfo.h	
file	644	2079	4c941e21ef1f27cfc62fcffd3410fd30f54853cd8269f58a070abcd7b7cfd1af	node_modules/node-llama-cpp/llama/addon/globals/getProcessMemoryInfo.cpp	
file	644	98	efc84f8fd034fcd5fa786c3aac814277937c57965927816d92cdcc061949e2c1	node_modules/node-llama-cpp/llama/addon/globals/getProcessMemoryInfo.h	
file	644	2228	6bbcea669f54df8d776ad6889754feaa11816ab5bc623496de5bae044da932e0	node_modules/node-llama-cpp/llama/addon/globals/getSwapInfo.cpp	
file	644	89	7c7d2dfe680399e604f56aa22744fd09cfcb1af5812e7e6dffe7a939e9b2ca6b	node_modules/node-llama-cpp/llama/addon/globals/getSwapInfo.h	
file	644	15488	bd5fa773e30399ca77cf4409497ac3d24f9ccbbf6b903fde6f3b914f117fd1c1	node_modules/node-llama-cpp/llama/addon/globals/getSystemMemoryInfo.cpp	
file	644	98	08a7bb49c708e367f0cd7753350c83145c9a06907ac20894881de904a6e9e93f	node_modules/node-llama-cpp/llama/addon/globals/getSystemMemoryInfo.h	
file	644	2619	f61945ff8080da98585e1e04489a7e6305176e01bdb34bc478eb35b81851669c	node_modules/node-llama-cpp/llama/addon/RingBuffer.h	
file	644	28	5799d6ae43f41f1276415f1608ea113a5bc9da304bab6c4c9b09d05de7227129	node_modules/node-llama-cpp/llama/binariesGithubRelease.json	
file	644	656	cb19d3b66db3d6d21d74accf8ca2befe62d92d2486efbc130669e19aa459a9f8	node_modules/node-llama-cpp/llama/cmake/addVariantSuffix.cmake	
file	644	3579	f8660d3eb8cf7478018c92e471bbeb8cc2c03c82604bb0c52ce19fe6b735abbb	node_modules/node-llama-cpp/llama/cmake/win32.ensureNinjaPath.cmake	
file	644	1493	ab3708a5ed3f52888093dab710dcc25198142a2954e8a49328a92686fc605257	node_modules/node-llama-cpp/llama/cmake/win32.ensureNodeLib.cmake	
file	644	689	d641fab9455969e76fe53aca06f387674a94a4e7b917b32e73fd1393253d34e8	node_modules/node-llama-cpp/llama/cmake/win32.llvmApplyGnuModeAdaptations.cmake	
file	644	1415	0ad727619bd3a2658565527b8311501c79dbe2a60fc7d5ff8d37e322119c463c	node_modules/node-llama-cpp/llama/cmake/win32.llvmEnsureCmakeAr.cmake	
file	644	3915	c8fb093cbd5b51c706f601914b78eeb4a96d85b8c1a04df6ab232835926ffed4	node_modules/node-llama-cpp/llama/cmake/win32.llvmUseGnuModeCompilers.cmake	
file	644	1290	9c14afe7e2aee413177643ca1c982dd21c00bb44d0dd55e9b026a218bf6e7916	node_modules/node-llama-cpp/llama/cmake/win32.programFilesPaths.cmake	
file	644	5924	88f6f43e245b2829f8daedb86f043470bb89d7f65a8ddf2595f0214295858f26	node_modules/node-llama-cpp/llama/CMakeLists.txt	
file	644	8695	91964d0c0132b42ca230a1e48dd8bf4d1dac11be3e01f12c0ba4660ca2b8d92a	node_modules/node-llama-cpp/llama/gpuInfo/vulkan-gpu-info.cpp	
file	644	361	a8040dc07573b0d4c899ea416b6303eba58b0494c3a7722ccfac8011b1e3fbd3	node_modules/node-llama-cpp/llama/gpuInfo/vulkan-gpu-info.h	
file	644	177	dd91e1ef7bb0178e398036c6f5251c694b79c43cb2d223784f4dcf3020994776	node_modules/node-llama-cpp/llama/grammars/arithmetic.gbnf	
file	644	1382	556cdbde93b832c9283896d68837fd3025e772677b36dc18f066b194fb99698c	node_modules/node-llama-cpp/llama/grammars/c.gbnf	
file	644	565	de1a656bb4cf0fda3991f0d3f1bcde338c0d82a60f7e0e8cabb2ba0c73002e5f	node_modules/node-llama-cpp/llama/grammars/chess.gbnf	
file	644	242	96a248f563c5780af621b63d59c64e8d4823cb3b9b3e7f487eb8f8b3d11b0dcf	node_modules/node-llama-cpp/llama/grammars/english.gbnf	
file	644	249	69fc177180f2b15d085d811aa41e360bb85c962d424d7c17dc936c04ca668e00	node_modules/node-llama-cpp/llama/grammars/japanese.gbnf	
file	644	796	f817496d5ee08aaa7dac4fdee59cbecfcf99367088b63e4b1c02d6f632c39206	node_modules/node-llama-cpp/llama/grammars/json_arr.gbnf	
file	644	601	1a3e3469892957861029adcd24ad0c886b778a942dd4a18cc146238ad56474dd	node_modules/node-llama-cpp/llama/grammars/json.gbnf	
file	644	109	7e8b142784f991511650e5f0e82d18a123558f09e9d19a056d10718a6986a150	node_modules/node-llama-cpp/llama/grammars/list.gbnf	
file	644	18275	c96b7df7ffc03181e91e88ed5a6fd095afc497c4dc9916e1896fc1d44c1af404	node_modules/node-llama-cpp/llama/grammars/README.md	
file	644	72	5a595c2755f8ea626db67969675369900ec03e74c5c3424a7b3a1e92c42bcb23	node_modules/node-llama-cpp/llama/llama.cpp.info.json	
file	644	47	773980d51c7ad335b3191829c21ad841db672960d4ee2a9ce1532f797e4b9aa9	node_modules/node-llama-cpp/llama/package.json	
file	644	3004	ff5ab7d472684f45bdc4b7f1c4d239fbb977cc8342c7f7f24636b8da75237ef4	node_modules/node-llama-cpp/llama/patches/PR-22566.diff	
file	644	524	d99691f81eba2e15e2a3adb6868470c15b69287ab119e771f76eb3fd3a9470b0	node_modules/node-llama-cpp/llama/profiles/llvm.win32.host-arm64.target-arm64.cmake	
file	644	518	bdd38179319a33d3bd877d146417045a7102f902e625ae5390577af5703f7ca2	node_modules/node-llama-cpp/llama/profiles/llvm.win32.host-x64.target-arm64.cmake	
file	644	516	5a8e3ad509f44230fa644da2a3845a4853b2c4f061ad4ace6c4eaa62ac361ce9	node_modules/node-llama-cpp/llama/profiles/llvm.win32.host-x64.target-x64.cmake	
file	644	238	ebf24d747da8c6ba9ca2b3bcd4ac121881fe14e4ac4b6db52f579e67e1f16c01	node_modules/node-llama-cpp/llama/toolchains/darwin.host-x64.target-arm64.cmake	
file	644	156	92d9551e7081e605bfbb03bab2896b8daf4bd7da7b05893a7743b18ae3058898	node_modules/node-llama-cpp/llama/toolchains/linux.host-arm64.target-arm7l.cmake	
file	644	153	c226a0f97e4e0b4bd7f5bcd5f5915428c4acf78a8e32dca1107e7723ff572778	node_modules/node-llama-cpp/llama/toolchains/linux.host-arm64.target-x64.cmake	
file	644	156	5735c783432a9c78f87956f4070ab8abeea38af818d689eab0b3d4cb1586f7c0	node_modules/node-llama-cpp/llama/toolchains/linux.host-x64.target-arm64.cmake	
file	644	156	92d9551e7081e605bfbb03bab2896b8daf4bd7da7b05893a7743b18ae3058898	node_modules/node-llama-cpp/llama/toolchains/linux.host-x64.target-arm7l.cmake	
file	644	494	8c319ccaf6a99aa294f01059777baf1ce80714997fc69f5fbd1f16ad263c486a	node_modules/node-llama-cpp/llama/toolchains/llvm.win32.host-x64.target-x64.cmake	
file	644	816	f43c35362c47465c284cfbc3abbdf53f317e01fd84704fc1a96b35472a064a47	node_modules/node-llama-cpp/llama/toolchains/win32.host-arm64.target-arm64.cmake	
file	644	812	c8d78848e4bf43334b8770420565df564d69cc4346fdf6c91503ba8a5dd7a418	node_modules/node-llama-cpp/llama/toolchains/win32.host-x64.target-arm64.cmake	
file	644	179	78afbb6dc5d61e5c31532e24e6a643aa023477737ee994ef416fa87efd6ceb01	node_modules/node-llama-cpp/llama/xpack/package.json	
file	644	590	705ea426fac3c94d1290359e7d5a9d5dc53762c6ddee16f4852ba6aca47442cc	node_modules/node-llama-cpp/node_modules/ansi-regex/index.js	
file	644	1117	5c932d88256b4ab958f64a856fa48e8bd1f55bc1d96b8149c65689e0c61789d3	node_modules/node-llama-cpp/node_modules/ansi-regex/license	
file	644	671	f385f436c8ad37de906ac508729ce7c9e0198d3313d639e3168169a7d3fcdfac	node_modules/node-llama-cpp/node_modules/ansi-regex/package.json	
file	644	5256	92efdc3e5203d02d1710ff60dea3965066f97a77c0feaaa919b2693c989b7ec1	node_modules/node-llama-cpp/node_modules/ansi-styles/index.js	
file	644	1117	5c932d88256b4ab958f64a856fa48e8bd1f55bc1d96b8149c65689e0c61789d3	node_modules/node-llama-cpp/node_modules/ansi-styles/license	
file	644	626	0c0d2eb8063e3016116e6d9e38ae9983803c8676bac4093e3697ac34e61f8be7	node_modules/node-llama-cpp/node_modules/ansi-styles/package.json	
file	644	1117	5c932d88256b4ab958f64a856fa48e8bd1f55bc1d96b8149c65689e0c61789d3	node_modules/node-llama-cpp/node_modules/chalk/license	
file	644	1096	0328bfe18340b7d14691e6aa6187bff9c04d3682fe3e7f2b75bb288754b7bb1a	node_modules/node-llama-cpp/node_modules/chalk/package.json	
file	644	5902	64b22b1c442e6d460069807b521bf0a84e112c00c2b4163bc59deab20a9292db	node_modules/node-llama-cpp/node_modules/chalk/source/index.js	
file	644	997	698ce3cb21b00b570631742d3a9e168de31df74b3a88220c4bcf18ac30fd00cd	node_modules/node-llama-cpp/node_modules/chalk/source/utilities.js	
file	644	5256	92efdc3e5203d02d1710ff60dea3965066f97a77c0feaaa919b2693c989b7ec1	node_modules/node-llama-cpp/node_modules/chalk/source/vendor/ansi-styles/index.js	
file	644	607	af136d242c06422a0004775bdf11d9e25a05b1ec54a6932315dc016d22d8b440	node_modules/node-llama-cpp/node_modules/chalk/source/vendor/supports-color/browser.js	
file	644	3965	e82368a5f05d145e33de6ae3464056511664b620735ef58d1800a7bcda6691e5	node_modules/node-llama-cpp/node_modules/chalk/source/vendor/supports-color/index.js	
file	644	5929	7b7e567e1d6212920d9239069036dbc234bd4b9160d243ad415d885d35659eb9	node_modules/node-llama-cpp/node_modules/fs-extra/lib/copy/copy-sync.js	
file	644	5988	69b2573cad17fedc821be48ae2d3fdaa0986db1053d90d3404b2f819f8f2eb7d	node_modules/node-llama-cpp/node_modules/fs-extra/lib/copy/copy.js	
file	644	146	d935e170aa9a282a5fcf796cf2d21306cbeb8822c92c8e7ef73182b9e32b3f82	node_modules/node-llama-cpp/node_modules/fs-extra/lib/copy/index.js	
file	644	747	1096edcb5ec0ed015b36914beff0826f6cd5d7ce2645ee9dee60c0b272e57856	node_modules/node-llama-cpp/node_modules/fs-extra/lib/empty/index.js	
file	644	1459	f97c89606abb7c256eefd7acf35fc37a60a002768696125905df3944ac792d07	node_modules/node-llama-cpp/node_modules/fs-extra/lib/ensure/file.js	
file	644	542	77ccb9b4d1eab607ce7ba8d3d5bed59b0cb9cc4748d02aa896a2413b71dbfe60	node_modules/node-llama-cpp/node_modules/fs-extra/lib/ensure/index.js	
file	644	1438	ddb60e2e233764a9bba933f97e3cc534a370e66c44a0dcc02eb24b16e8ca12d7	node_modules/node-llama-cpp/node_modules/fs-extra/lib/ensure/link.js	
file	644	3103	25cdbbe6724088ddd28fe8ac10dfab9f18a93cf6fdb14e7be41fdc29e13767d5	node_modules/node-llama-cpp/node_modules/fs-extra/lib/ensure/symlink-paths.js	
file	644	596	ef80c7221f923205bd4472d166d79d4f75f683dd1f32d342f2fef5ee64fb2796	node_modules/node-llama-cpp/node_modules/fs-extra/lib/ensure/symlink-type.js	
file	644	3388	c693e0a7f8034527e556482bb52ad08322d1410368766b540b00beb3b7679ffe	node_modules/node-llama-cpp/node_modules/fs-extra/lib/ensure/symlink.js	
file	644	2643	b36459bfe3f6fc629e6fa5fa37cf4654dfff6bf475455cf3851c43ef3ae6e598	node_modules/node-llama-cpp/node_modules/fs-extra/lib/esm.mjs	
file	644	3835	62ceb1a4526cf820140c4d7fbf86ca0a330108a1d7929daa3db69e565fd58367	node_modules/node-llama-cpp/node_modules/fs-extra/lib/fs/index.js	
file	644	358	4967e903b3dc290f2b401b81bfcad8b2d94fd68c1bf4563df63ac082af0e1dae	node_modules/node-llama-cpp/node_modules/fs-extra/lib/index.js	
file	644	508	c5ac6a8005308e5bb36619fed225c987872300d356fa95d0d56878029ebbdc45	node_modules/node-llama-cpp/node_modules/fs-extra/lib/json/index.js	
file	644	238	a986ad3c13166f3bf8f30b18140bfc8ea1754760ab3802aa7c8c3780d54f07ba	node_modules/node-llama-cpp/node_modules/fs-extra/lib/json/jsonfile.js	
file	644	276	a68fde22ad1a194755de03e90861805248f883342e05bd685258e76a90e7a6ab	node_modules/node-llama-cpp/node_modules/fs-extra/lib/json/output-json-sync.js	
file	644	277	b738aaf8ff9aae265b0512cb2554e1f8ce8605d21dc6230189a9be6980079fc8	node_modules/node-llama-cpp/node_modules/fs-extra/lib/json/output-json.js	
file	644	328	adcd576e2e3868b94adb1bad6d1e3cf2312ffdfa71e49a57fe6247e116e75ecf	node_modules/node-llama-cpp/node_modules/fs-extra/lib/mkdirs/index.js	
file	644	545	23c7ce8a3d6b39d1c7cf5d16ba6447c1690a6fdaa8c5f41e6b76526b7afe96f3	node_modules/node-llama-cpp/node_modules/fs-extra/lib/mkdirs/make-dir.js	
file	644	1655	5372a36f4b2c5023788c23dbc6639155cb016a1b111e8fc1d6bf97cbaf11b1f8	node_modules/node-llama-cpp/node_modules/fs-extra/lib/mkdirs/utils.js	
file	644	146	ee7ac772c9ed6ca64adf993498c1199fb72bc9a05b49b7b4b8185ac71dacf930	node_modules/node-llama-cpp/node_modules/fs-extra/lib/move/index.js	
file	644	1515	639191af40bebf2a1dc76ee0c5317282d352461ece1d165537bc7096b80818c5	node_modules/node-llama-cpp/node_modules/fs-extra/lib/move/move-sync.js	
file	644	1523	81fca78408ac2a838f6c7f75c871b5b5b9649b7260addf0c21464eb9d8b32a9b	node_modules/node-llama-cpp/node_modules/fs-extra/lib/move/move.js	
file	644	657	5226ff89a2c66941f0aa322d81c68e199b5d554a99fe71cbd7a740663e541722	node_modules/node-llama-cpp/node_modules/fs-extra/lib/output-file/index.js	
file	644	263	5ce096c95daec0259817248921b39a9e0df4d342db171138ccb62440cc7a0cbe	node_modules/node-llama-cpp/node_modules/fs-extra/lib/path-exists/index.js	
file	644	331	0ac7807ffba679e0d8fee03d3879da7f3d99bc16e8db6c6494c8eaf9ec5608b6	node_modules/node-llama-cpp/node_modules/fs-extra/lib/remove/index.js	
file	644	806	1f6e8aa79654041ebb8513719a4e8689e0c71e70a0653bd6f6cf8af90f9138b3	node_modules/node-llama-cpp/node_modules/fs-extra/lib/util/async.js	
file	644	5747	36a604d33561abc620e32ebdfd02b5b744d25177f1ea2036bb5b38799ccc970f	node_modules/node-llama-cpp/node_modules/fs-extra/lib/util/stat.js	
file	644	882	6b20f591e8ff8c6d6bdf6d7603a73f135fd1bc54ed2255ece5449be63b50c01b	node_modules/node-llama-cpp/node_modules/fs-extra/lib/util/utimes.js	
file	644	1084	c6a7de1428955aa5a692f4d3a3d3ede658d959616944713337cda296736442e1	node_modules/node-llama-cpp/node_modules/fs-extra/LICENSE	
file	644	1007	7c0480e5e45025daf20d5654fbd23c6b8b23b9d23c5a41af083f2cae93697a3c	node_modules/node-llama-cpp/node_modules/fs-extra/package.json	
file	644	261	b07805566fedc139c316dade93ecf441e21d35b3762dffff363c2aed3b06247a	node_modules/node-llama-cpp/node_modules/is-fullwidth-code-point/index.js	
file	644	1117	5c932d88256b4ab958f64a856fa48e8bd1f55bc1d96b8149c65689e0c61789d3	node_modules/node-llama-cpp/node_modules/is-fullwidth-code-point/license	
file	644	781	a65b13d9f07a37d5f239fd94b7a76018086056ed52f14b09ff4176a85428afa8	node_modules/node-llama-cpp/node_modules/is-fullwidth-code-point/package.json	
file	644	326	30430d665b4642533953ed816b6b6648b6ff828a93c6beb4c8ef4e04ff8a8d63	node_modules/node-llama-cpp/node_modules/isexe/dist/commonjs/index.d.ts.map	
file	644	2283	fbaffc9133ade6b2df4a2f2824f4a84ac92bfd8046f380ea110c86852f88492a	node_modules/node-llama-cpp/node_modules/isexe/dist/commonjs/index.js	
file	644	979	128c376d695a6db2671d174799ade483c1786ebb3fc0719f7e833ce13c9bf607	node_modules/node-llama-cpp/node_modules/isexe/dist/commonjs/index.js.map	
file	644	3030	abf1fa35f4710b8f74351b63e61945b59994cdbceaf78cb9e309fb8b582a3a35	node_modules/node-llama-cpp/node_modules/isexe/dist/commonjs/index.min.js	
file	644	7663	4f100c3c50cebc0c15da9560079a02f7969fa7b16ee05ed78ba6570d18415e15	node_modules/node-llama-cpp/node_modules/isexe/dist/commonjs/index.min.js.map	
file	644	358	a64a6a1744b29dc531c3382204fed5942fecca8820056aadae495c73e19e628b	node_modules/node-llama-cpp/node_modules/isexe/dist/commonjs/options.d.ts.map	
file	644	112	474f49f173fdd0657ded670ab46bb209a05b08f9f52efb5e4da2045ba7d097a3	node_modules/node-llama-cpp/node_modules/isexe/dist/commonjs/options.js	
file	644	1070	c81c9c2c2141691e5dee1ef21c9c4d723d966a2ebca4547f18b1b40676cc5d64	node_modules/node-llama-cpp/node_modules/isexe/dist/commonjs/options.js.map	
file	644	25	8005a3491db7d92f36ac66369861589f9c47123d3a7c71e643fc2c06168cd45a	node_modules/node-llama-cpp/node_modules/isexe/dist/commonjs/package.json	
file	644	336	274e32cbef91c552e37d885e1848d910f2342e197a60a225e39e15852698fcf1	node_modules/node-llama-cpp/node_modules/isexe/dist/commonjs/posix.d.ts.map	
file	644	2092	97ad32a2c5583b0c88ee3c79f52fa0e6dea3433eb4e63b46e880dd85635bad82	node_modules/node-llama-cpp/node_modules/isexe/dist/commonjs/posix.js	
file	644	4193	7978636dac186ea8377b4d4b03cf3d8a930695d9b7c7bd88f89a41160a73ba47	node_modules/node-llama-cpp/node_modules/isexe/dist/commonjs/posix.js.map	
file	644	336	851b5abeac0fccb4ade7ae23b202b00b89c11659ea51acdb5cf63cabd96aba3e	node_modules/node-llama-cpp/node_modules/isexe/dist/commonjs/win32.d.ts.map	
file	644	1936	bfde01a62a183af4936a3dec114bd24faa57535f8de0fb2ccbc0de737741af8f	node_modules/node-llama-cpp/node_modules/isexe/dist/commonjs/win32.js	
file	644	3609	e65292568844ea2a15a26014911d21f858d3a35b2c86792f6d8ab1fc2e6597ba	node_modules/node-llama-cpp/node_modules/isexe/dist/commonjs/win32.js.map	
file	644	326	30430d665b4642533953ed816b6b6648b6ff828a93c6beb4c8ef4e04ff8a8d63	node_modules/node-llama-cpp/node_modules/isexe/dist/esm/index.d.ts.map	
file	644	516	c123f7ac6fde508df0623580c8b0d7596cee6bf3955842cd6a0d18ede42ca6dc	node_modules/node-llama-cpp/node_modules/isexe/dist/esm/index.js	
file	644	1032	44ea3e96184353019aa936dd2968b48160c51527535d28cb16e566f3ef706058	node_modules/node-llama-cpp/node_modules/isexe/dist/esm/index.js.map	
file	644	1670	c1d43c88f2b5eff554cc40b5702c83efd0f33c7ff92277675d344a047cc72984	node_modules/node-llama-cpp/node_modules/isexe/dist/esm/index.min.js	
file	644	7282	0d31bd35034d3ef04ae680c31c5affd7195ac9c7fc700f4c2283ff593f9a4c3f	node_modules/node-llama-cpp/node_modules/isexe/dist/esm/index.min.js.map	
file	644	358	a64a6a1744b29dc531c3382204fed5942fecca8820056aadae495c73e19e628b	node_modules/node-llama-cpp/node_modules/isexe/dist/esm/options.d.ts.map	
file	644	46	fea76c2f7b85cf0fae3fc883565127911873222c84c8ee41bbf8f3a6ac3881ea	node_modules/node-llama-cpp/node_modules/isexe/dist/esm/options.js	
file	644	1070	c81c9c2c2141691e5dee1ef21c9c4d723d966a2ebca4547f18b1b40676cc5d64	node_modules/node-llama-cpp/node_modules/isexe/dist/esm/options.js.map	
file	644	23	3ca9d4afd21425087cf31893b8f9f63c81b0b8408db5e343ca76e5f8aa26ab9a	node_modules/node-llama-cpp/node_modules/isexe/dist/esm/package.json	
file	644	336	274e32cbef91c552e37d885e1848d910f2342e197a60a225e39e15852698fcf1	node_modules/node-llama-cpp/node_modules/isexe/dist/esm/posix.d.ts.map	
file	644	1906	db612c862f36ae60256e45d98f883d8db649a4928431c2d7255415f885bcb94a	node_modules/node-llama-cpp/node_modules/isexe/dist/esm/posix.js	
file	644	4215	ee39df5438b865e3760b0a2601e52e0d55242135d8090ae91cf33766cd97e997	node_modules/node-llama-cpp/node_modules/isexe/dist/esm/posix.js.map	
file	644	336	851b5abeac0fccb4ade7ae23b202b00b89c11659ea51acdb5cf63cabd96aba3e	node_modules/node-llama-cpp/node_modules/isexe/dist/esm/win32.d.ts.map	
file	644	1735	072cc87f6d0b77ea25766de04623295ad45ee82d42da60af9cdab6be1f994cdc	node_modules/node-llama-cpp/node_modules/isexe/dist/esm/win32.js	
file	644	3658	95d4afa18d66b67bd04118ba2e99ba1c938329a4c4e64a6513ddaf553f7abdaa	node_modules/node-llama-cpp/node_modules/isexe/dist/esm/win32.js.map	
file	644	1552	8a1af140fdfbf5afd3df27f7e662f989c5b963a300020dfafce42033cae9e004	node_modules/node-llama-cpp/node_modules/isexe/LICENSE.md	
file	644	1630	0a267f1c1e7bed07021134c01c0487a81493b294bd3bf1331f52f23f6d22f632	node_modules/node-llama-cpp/node_modules/isexe/package.json	
file	644	2014	ec5a9f1f45014486f1df4a8c11a5b078671e9936c0651e035b67cb5e763954e8	node_modules/node-llama-cpp/node_modules/jsonfile/index.js	
file	644	1110	a9801fb52ba22ef808682a094da8a7a480584b7ed0dfd0d888ab543616335031	node_modules/node-llama-cpp/node_modules/jsonfile/LICENSE	
file	644	558	19b7f70104b503224fc101fc465fb40765b077aa1f996f2d008463689a4fe4e6	node_modules/node-llama-cpp/node_modules/jsonfile/package.json	
file	644	613	3a37b4b21c2cd8f75b850f1373f68a39bcaab3ac58d75ab44e62674cdb0d4cad	node_modules/node-llama-cpp/node_modules/jsonfile/utils.js	
file	644	833	c2588f59f1d4eebe14331b2cfabcfdff85e8c282f9f66028385cffece8aa85e9	node_modules/node-llama-cpp/node_modules/node-addon-api/common.gypi	
file	644	560	ddbc09f5b66fe24dd898fbe659085a6ff72e9575025004fc3762271dba781e8b	node_modules/node-llama-cpp/node_modules/node-addon-api/except.gypi	
file	644	435	afbfa96b5c40c643828f212610129d2911095eff1e86e63ccfe81658d6fe61d9	node_modules/node-llama-cpp/node_modules/node-addon-api/index.js	
file	644	1150	89024017b88a9f2b763f79b941a4f2db3b4428edfcacdc0b23866b2da633ad0c	node_modules/node-llama-cpp/node_modules/node-addon-api/LICENSE.md	
file	644	6323	b66ed1e565e735bbfabcc2f72d466ab7c5414d3ef8851d1af440b81be7f2375c	node_modules/node-llama-cpp/node_modules/node-addon-api/napi-inl.deprecated.h	
file	644	243370	146cd5aaad88f132ede8a853e0d912a2e6bfb03aa9328260ff229eee70b9d2e8	node_modules/node-llama-cpp/node_modules/node-addon-api/napi-inl.h	
file	644	124010	02b744ed8559ee13c33e4dc1de15bee7d499cd69c416f7faf5a7b20a4697c84d	node_modules/node-llama-cpp/node_modules/node-addon-api/napi.h	
file	644	1097	6d34b9bae562103233f650d8a041edc0ca6b44d90898cd232b38745adfb7edfc	node_modules/node-llama-cpp/node_modules/node-addon-api/node_addon_api.gyp	
file	644	132	3cd2c44fb0974f016376b676d46bbebbca7c89d4383b09ece30e4cb4122a1499	node_modules/node-llama-cpp/node_modules/node-addon-api/node_api.gyp	
file	644	649	0e815179b5d2697e0acdc8f3c3a5d0a1ed050d48a295ee000454cf5352357f66	node_modules/node-llama-cpp/node_modules/node-addon-api/noexcept.gypi	
file	644	0	e3b0c44298fc1c149afbf4c8996fb92427ae41e4649b934ca495991b7852b855	node_modules/node-llama-cpp/node_modules/node-addon-api/nothing.c	
file	644	467	b1cb7da23cca1681c7392a3c889eb0cc4916c53d2d7692d4b654ae751f3442f3	node_modules/node-llama-cpp/node_modules/node-addon-api/package-support.json	
file	644	810	28367b55743d8cf8ac72e84b21041cae962209d8c696f3fc2df810cdca6fbf3a	node_modules/node-llama-cpp/node_modules/node-addon-api/package.json	
file	644	3176	9e1207808023cd998fe9e377aefbe77d6c59fa129f94e6acbf24907149d8c11e	node_modules/node-llama-cpp/node_modules/node-addon-api/tools/check-napi.js	
file	644	2002	3e0b5e6d6f1a0c5ed106115871d0fd48f37bac5554effdacaf8d2439f4ed0c65	node_modules/node-llama-cpp/node_modules/node-addon-api/tools/clang-format.js	
file	755	15001	9f375b0f9d9ec93c2ded07470478b3f523a2661c6ca707c28b0e9dae15009002	node_modules/node-llama-cpp/node_modules/node-addon-api/tools/conversion.js	
file	644	3217	65e9ea918538f453166b10a1d609cf44cec3d2d01f23fecb5265fb3a4bf303d5	node_modules/node-llama-cpp/node_modules/node-addon-api/tools/README.md	
file	755	4957	bd6c871026985937dc945011fc54b74b47f5998154216d7b8d40d5ed782e4402	node_modules/node-llama-cpp/node_modules/semver/bin/semver.js	
file	644	3631	054202956430d63d5ff4599fae09760ce465b489e4f0b5ef5ce7cc7ac21157ac	node_modules/node-llama-cpp/node_modules/semver/classes/comparator.js	
file	644	143	3bb69280c2a788d0eb16f915bb9df4dbe812075182024c753dca2283bcea1b17	node_modules/node-llama-cpp/node_modules/semver/classes/index.js	
file	644	15647	a6544485aa8575aa9854c67e2caa67726815de18a482d0ceb8a1003244de3bc1	node_modules/node-llama-cpp/node_modules/semver/classes/range.js	
file	644	9891	813b2c185512d30c9b931c2fed8140889d9d7490ceeeedc370da30337dc8ca57	node_modules/node-llama-cpp/node_modules/semver/classes/semver.js	
file	644	205	4eadb0892844cf3ae295121a86163a66c73f89acd1b7f0b114ec115b4539512f	node_modules/node-llama-cpp/node_modules/semver/functions/clean.js	
file	644	961	a63d74e87b73788e78e9ce0a4892b5333d6b809c0de88b31e4ed76cbf17f94b3	node_modules/node-llama-cpp/node_modules/semver/functions/cmp.js	
file	644	2004	28a251c5ab210ddf9e97551b9f37a53329fcce91f0c3943dcbc02de1a1de915a	node_modules/node-llama-cpp/node_modules/semver/functions/coerce.js	
file	644	281	5ab651d5b40af289bd85c645a92b6d8cfe1a986dc413c797cfcc8d623d7c844c	node_modules/node-llama-cpp/node_modules/semver/functions/compare-build.js	
file	644	132	07b6a3a1db0a5210ceb784c1708bd4679f3a94fc73a9c9eb349349e7070a6f78	node_modules/node-llama-cpp/node_modules/semver/functions/compare-loose.js	
file	644	170	d404b5aa48aaddc8a654c5da8fb7d4443404b7948589b21ac4b045d1cee4e34c	node_modules/node-llama-cpp/node_modules/semver/functions/compare.js	
file	644	1423	7a11fd39b987cdf06c65e928cb1aca49bec583feb86fb5c8fe47a6fd61d7de31	node_modules/node-llama-cpp/node_modules/semver/functions/diff.js	
file	644	126	b6e30a7168e52723216fc163d300e2bbabf92ec0251f9ac5438bb6ccf57c8936	node_modules/node-llama-cpp/node_modules/semver/functions/eq.js	
file	644	124	135523704aa48cd98834dd170ee9f74f0e68043b379f32d021db11e6304c5c93	node_modules/node-llama-cpp/node_modules/semver/functions/gt.js	
file	644	127	991c5bbe48ecb210a562646872f05862ad9fc0d42186d85aa60bdc6fa323eb9d	node_modules/node-llama-cpp/node_modules/semver/functions/gte.js	
file	644	478	952069fc8690b7d3af0fe9d55f7c54fe2ac067b48c5e74f6a54f9ce19a334493	node_modules/node-llama-cpp/node_modules/semver/functions/inc.js	
file	644	124	1c897a9bc849320e2e9dc0f6c09555c01ee3ddf30734515d717b88ad7740ea25	node_modules/node-llama-cpp/node_modules/semver/functions/lt.js	
file	644	127	3a8d0b1d00423f60cc7cb810b36ab77b61330831ad237dbe73eb5cecfa412800	node_modules/node-llama-cpp/node_modules/semver/functions/lte.js	
file	644	136	5c678480d882f511200fed2c16ec3847dfedb08a1d70328dc2f031d35d825276	node_modules/node-llama-cpp/node_modules/semver/functions/major.js	
file	644	136	1b051794f1713adec2a236517196691687c35f82e0b596ff3316a78b3cc10ae6	node_modules/node-llama-cpp/node_modules/semver/functions/minor.js	
file	644	128	a662883751918822c162183b46b9e20d09489132f82686c92ab78bee67f3a127	node_modules/node-llama-cpp/node_modules/semver/functions/neq.js	
file	644	331	29a69e15b6d02fe381d573f861881a89590e9d0f0f0ca740c5f85eaf0234c4ad	node_modules/node-llama-cpp/node_modules/semver/functions/parse.js	
file	644	136	f02d3c1b059fe3d96ce124886f7eef321d381a95638fd3c4a8d5ccd8e76ffadd	node_modules/node-llama-cpp/node_modules/semver/functions/patch.js	
file	644	234	baedbf503d5610ad041bfb56071efa48feb331ca278295c399537d35d3ffb593	node_modules/node-llama-cpp/node_modules/semver/functions/prerelease.js	
file	644	132	84fa5e88adf08d15c993cac8cdec6d1a65045b7e95a9c55184230a7f807f4dc0	node_modules/node-llama-cpp/node_modules/semver/functions/rcompare.js	
file	644	163	6ec659ce3b6c2b173c719286caab04409adba046c0917874ec3b5e36ddfbc7e3	node_modules/node-llama-cpp/node_modules/semver/functions/rsort.js	
file	644	247	8cf5e122b757251671ed6c9d9680904b71cd375845853f05312e608cf2cc2946	node_modules/node-llama-cpp/node_modules/semver/functions/satisfies.js	
file	644	161	c2fe2d3ed0be8a4e9de8f02abdfd5d9c0d3bcc510d88e87af84185592882c4b8	node_modules/node-llama-cpp/node_modules/semver/functions/sort.js	
file	644	1021	e145833a250311927c92f424f56498c52f1b7bb1271ce6afbf006db87773ff43	node_modules/node-llama-cpp/node_modules/semver/functions/truncate.js	
file	644	176	0de7ea736cb7807179d46dfac09c830a9338e02b6a07db12d7040cde2def6025	node_modules/node-llama-cpp/node_modules/semver/functions/valid.js	
file	644	2691	4b3e57d3d40e29e0706002eba113d09f35aea593578376bbeec83b777b9912ab	node_modules/node-llama-cpp/node_modules/semver/index.js	
file	644	873	38a112baf27ceca0260082ff26ac2fd7a9861cab1af12dd65e720277f68e6ce9	node_modules/node-llama-cpp/node_modules/semver/internal/constants.js	
file	644	240	8a9f420572260f3cf944463b5090d62a60f0730589dc23a7ec4ca25e2ee41bb3	node_modules/node-llama-cpp/node_modules/semver/internal/debug.js	
file	644	525	b4916b09dc7869ae0eb05e71c855c942a3a7365f7e6e89185d59a9e45a2451d7	node_modules/node-llama-cpp/node_modules/semver/internal/identifiers.js	
file	644	802	14d087c87da87b6f5c36fc4cdd7d2d14077874b14a68e20fce5b6138fa2ca34f	node_modules/node-llama-cpp/node_modules/semver/internal/lrucache.js	
file	644	338	fdf51d0de8d5442c35a997ef58cd530d239ce206f961d14c5121354451b01d01	node_modules/node-llama-cpp/node_modules/semver/internal/parse-options.js	
file	644	8139	5833262888e2b5d843a69193f83c05e374818dbe55379b497819b5bf58e48cd8	node_modules/node-llama-cpp/node_modules/semver/internal/re.js	
file	644	765	4ec3d4c66cd87f5c8d8ad911b10f99bf27cb00cdfcff82621956e379186b016b	node_modules/node-llama-cpp/node_modules/semver/LICENSE	
file	644	1348	58ad67ac517e1610524a9327efa766de640856fb2ea62244f9fb45aa7f9f3694	node_modules/node-llama-cpp/node_modules/semver/package.json	
file	644	83	edb6808911bebcb324b2df57e5c9935149e56984ff083b74c6cfe215f5b710ba	node_modules/node-llama-cpp/node_modules/semver/preload.js	
file	644	702	15d0baf9b7b98e6d862c0cb9e822d2533d2bc23e136bb75314d802ca1fcb0392	node_modules/node-llama-cpp/node_modules/semver/range.bnf	
file	644	231	8fadad28e36d28e93d498ac7ac20badba2a407312845eabc18e82e90a0732b19	node_modules/node-llama-cpp/node_modules/semver/ranges/gtr.js	
file	644	224	fe87ac5d3020010ad3ec00636dadbf0c669ff07d0f57e0a8165a8264f79a676f	node_modules/node-llama-cpp/node_modules/semver/ranges/intersects.js	
file	644	227	e5186fcc03018acf9be6d968755d4c49727aeb0d981d179eb568ae5fbe983038	node_modules/node-llama-cpp/node_modules/semver/ranges/ltr.js	
file	644	593	e1a2c0d6144cc772cd20bbc8ecb9e8a3a4074e9172a3d8e794838b591cdeb416	node_modules/node-llama-cpp/node_modules/semver/ranges/max-satisfying.js	
file	644	591	2681abf54098aa670f12826b76a6ec77a2441186ae4243afde3be8ae4908f7ca	node_modules/node-llama-cpp/node_modules/semver/ranges/min-satisfying.js	
file	644	1514	fefba0a88c2bf74d5cede504b5ae50a8dc3edfd69cf0174a491e2cf3e442614b	node_modules/node-llama-cpp/node_modules/semver/ranges/min-version.js	
file	644	2204	3a2b0b23593d2f49419c06af2af75450cab103b0c25d665d48fe5bca495a21ca	node_modules/node-llama-cpp/node_modules/semver/ranges/outside.js	
file	644	1355	7b78581c13322bc68ece2088685386b2a9b51c15b94d0a2063bdf2546bd41934	node_modules/node-llama-cpp/node_modules/semver/ranges/simplify.js	
file	644	7478	ceb9eb6ed5bfc6c7ac7af7f47e5c3535444a4e66a0e2b58cdad4bd02a35d454d	node_modules/node-llama-cpp/node_modules/semver/ranges/subset.js	
file	644	282	6c5e966210cff270fa2850668aaf8460fac7759f8d99f282521ef7a78f4564e9	node_modules/node-llama-cpp/node_modules/semver/ranges/to-comparators.js	
file	644	326	5ef6f995af801868925940cf8df5735d565ebabb090b068695cae65218bcd3ac	node_modules/node-llama-cpp/node_modules/semver/ranges/valid.js	
file	755	5109	6fae43f8abc65b32061e9df707b15515644979d770246e45b54431b71f03c5be	node_modules/node-llama-cpp/node_modules/slice-ansi/index.js	
file	644	1158	c91d87c3bca16ab6d96d82da08edc54377d14b679547a331eecc4adef3c353c8	node_modules/node-llama-cpp/node_modules/slice-ansi/license	
file	644	701	d2b951e63917a0a9b1e1f96d4fc2b38da5ebf34518388a979020d530ef306a25	node_modules/node-llama-cpp/node_modules/slice-ansi/package.json	
file	644	19712	8e4dcbf3c29a828963a6de01e7253b4fbcdcc231df424f779e5308cb27aa7f67	node_modules/node-llama-cpp/node_modules/slice-ansi/tokenize-ansi.js	
file	644	626	9ff7e1abf2727fbf9854a9dfcc1e69d1f9a0b23ccc0649269fc1c4fa8e44bd79	node_modules/node-llama-cpp/node_modules/strip-ansi/index.js	
file	644	1117	5c932d88256b4ab958f64a856fa48e8bd1f55bc1d96b8149c65689e0c61789d3	node_modules/node-llama-cpp/node_modules/strip-ansi/license	
file	644	679	1b2e35a6d0a7cbce42905581d7dbb058715da7a0a31037bfc09dc36d35fdf3cb	node_modules/node-llama-cpp/node_modules/strip-ansi/package.json	
file	644	706	83b02adb3872f6c482db4e57c300fa39b5cad65e317fc2f70b9de7d305c035a1	node_modules/node-llama-cpp/node_modules/universalify/index.js	
file	644	1100	3fda5977c0904e226190b4e21d64340c1731e2142d6fe5f3dee0090a216b8b63	node_modules/node-llama-cpp/node_modules/universalify/LICENSE	
file	644	618	5b39e9c6305a5ba27c76caf4817244dd1a308b68c7559dfe15471173466cf06e	node_modules/node-llama-cpp/node_modules/universalify/package.json	
file	755	960	7c37493fcac8af6526f51f4d83606a733ca7ca3c7b943d1e9239bb30346b019d	node_modules/node-llama-cpp/node_modules/which/bin/which.js	
file	644	3129	d9d32d45a01826692a1a0c70d40c6182aa0405713166ecd4a3bd3df68d3b90bf	node_modules/node-llama-cpp/node_modules/which/lib/index.js	
file	644	765	4ec3d4c66cd87f5c8d8ad911b10f99bf27cb00cdfcff82621956e379186b016b	node_modules/node-llama-cpp/node_modules/which/LICENSE	
file	644	932	7f6c78a58c464fd5a2142e42cbdc76677e7c0120fb523a2f90ed626dfa02acc3	node_modules/node-llama-cpp/node_modules/which/package.json	
file	644	4797	8b84bff082157764a1dc0112a3baad6156194f7b1ddb11f5a5399325d109e5ec	node_modules/node-llama-cpp/package.json	
file	644	145362	882b8b54a9d825b31b35938e25b7e2501d3449ceedfc1557cc3e07acb9c535e6	node_modules/node-llama-cpp/templates/packed/electron-typescript-react.json	
file	644	14491	adced43fd509a1ef8d7e8e952571bf1c1924038bc1d9ade0a3d19e8a1712ca4e	node_modules/node-llama-cpp/templates/packed/node-typescript.json	
file	644	279	297726aa13daf88bc3e95a4251ad4ea289da8208346640f97e86090eb54f4737	node_modules/node-llama-cpp/templates/README.md	
file	644	1033	aae0337e99945048e82e1cd01a240a5f790c8660a0523d3aea43bc835b2ef29a	node_modules/onetime/index.js	
file	644	1117	5c932d88256b4ab958f64a856fa48e8bd1f55bc1d96b8149c65689e0c61789d3	node_modules/onetime/license	
file	644	703	def92d47b1e82cd454f3d7459b51f96cea46be9575c00c7388bc614157f25f54	node_modules/onetime/package.json	
file	644	17891	8ce1d2e2f12ab45970269ed8e0563494fdfebf502933963733d083c301908168	node_modules/ora/index.js	
file	644	1117	5c932d88256b4ab958f64a856fa48e8bd1f55bc1d96b8149c65689e0c61789d3	node_modules/ora/license	
file	644	590	705ea426fac3c94d1290359e7d5a9d5dc53762c6ddee16f4852ba6aca47442cc	node_modules/ora/node_modules/ansi-regex/index.js	
file	644	1117	5c932d88256b4ab958f64a856fa48e8bd1f55bc1d96b8149c65689e0c61789d3	node_modules/ora/node_modules/ansi-regex/license	
file	644	671	f385f436c8ad37de906ac508729ce7c9e0198d3313d639e3168169a7d3fcdfac	node_modules/ora/node_modules/ansi-regex/package.json	
file	644	1117	5c932d88256b4ab958f64a856fa48e8bd1f55bc1d96b8149c65689e0c61789d3	node_modules/ora/node_modules/chalk/license	
file	644	1096	0328bfe18340b7d14691e6aa6187bff9c04d3682fe3e7f2b75bb288754b7bb1a	node_modules/ora/node_modules/chalk/package.json	
file	644	5902	64b22b1c442e6d460069807b521bf0a84e112c00c2b4163bc59deab20a9292db	node_modules/ora/node_modules/chalk/source/index.js	
file	644	997	698ce3cb21b00b570631742d3a9e168de31df74b3a88220c4bcf18ac30fd00cd	node_modules/ora/node_modules/chalk/source/utilities.js	
file	644	5256	92efdc3e5203d02d1710ff60dea3965066f97a77c0feaaa919b2693c989b7ec1	node_modules/ora/node_modules/chalk/source/vendor/ansi-styles/index.js	
file	644	607	af136d242c06422a0004775bdf11d9e25a05b1ec54a6932315dc016d22d8b440	node_modules/ora/node_modules/chalk/source/vendor/supports-color/browser.js	
file	644	3965	e82368a5f05d145e33de6ae3464056511664b620735ef58d1800a7bcda6691e5	node_modules/ora/node_modules/chalk/source/vendor/supports-color/index.js	
file	644	317	b4d9f3dfc213ac484b4c76ebbf2bae7b3a822a462913d4f5b2bd65c25dd9a279	node_modules/ora/node_modules/cli-spinners/index.js	
file	644	1117	5c932d88256b4ab958f64a856fa48e8bd1f55bc1d96b8149c65689e0c61789d3	node_modules/ora/node_modules/cli-spinners/license	
file	644	741	33817f07483463326f3677699e48d4dad90a758557a75edf1aa071e1cc68cee7	node_modules/ora/node_modules/cli-spinners/package.json	
file	644	27524	91b0d44a709e836adc24de83f8b999dfd670a0e25037931d8c5186bb9e923a2b	node_modules/ora/node_modules/cli-spinners/spinners.json	
file	644	6194	60c197f20cc966a2ede2dfec1ad4b764aa4095a43d225792b2652bca6afeb21b	node_modules/ora/node_modules/string-width/index.js	
file	644	1117	5c932d88256b4ab958f64a856fa48e8bd1f55bc1d96b8149c65689e0c61789d3	node_modules/ora/node_modules/string-width/license	
file	644	788	f9d92d49d8aa0b6cb2e334e25671fe011f7760391a2bbd9156aaaf8ff6f92ff8	node_modules/ora/node_modules/string-width/package.json	
file	644	626	9ff7e1abf2727fbf9854a9dfcc1e69d1f9a0b23ccc0649269fc1c4fa8e44bd79	node_modules/ora/node_modules/strip-ansi/index.js	
file	644	1117	5c932d88256b4ab958f64a856fa48e8bd1f55bc1d96b8149c65689e0c61789d3	node_modules/ora/node_modules/strip-ansi/license	
file	644	679	1b2e35a6d0a7cbce42905581d7dbb058715da7a0a31037bfc09dc36d35fdf3cb	node_modules/ora/node_modules/strip-ansi/package.json	
file	644	950	7be92f230adeffc47ca923e7ed0a73741b4ad9d46c8e8ff99eeef0cc2fd75316	node_modules/ora/package.json	
file	644	1159	bb47749265d0e02834d4a0bfb1da8c1253782a947f96ba066428b3bf8a78314b	node_modules/parse-ms/index.js	
file	644	1117	5c932d88256b4ab958f64a856fa48e8bd1f55bc1d96b8149c65689e0c61789d3	node_modules/parse-ms/license	
file	644	645	123fcd2efac91c44f068b1d656813b9f0d947445c4f144987e0b9ea64f651a0d	node_modules/parse-ms/package.json	
file	644	415	fdbafdc163f668fe325333d62387365c9b074e01253e32824a4dbf5cc552705d	node_modules/path-key/index.js	
file	644	1109	48da2f39e100d4085767e94966b43f4fa95ff6a0698fba57ed460914e35f94a0	node_modules/path-key/license	
file	644	507	df30f58dca250806aea5061805689e7afa3e1660069726e5f23f375a45de84ee	node_modules/path-key/package.json	
file	644	2539	880347d566b770a5038a8b4690eba3ba6c751b19153aebc06568c1427e9467b0	node_modules/pretty-bytes/index.js	
file	644	1117	5c932d88256b4ab958f64a856fa48e8bd1f55bc1d96b8149c65689e0c61789d3	node_modules/pretty-bytes/license	
file	644	647	e5864a57b85fa619fba9c0f80f512ad268de20970e361bf58c68af502ff01d69	node_modules/pretty-bytes/package.json	
file	644	4471	2071e1500dda43922434b3826884fc53a6f826f82ad376738395b85ee156c343	node_modules/pretty-ms/index.js	
file	644	1117	5c932d88256b4ab958f64a856fa48e8bd1f55bc1d96b8149c65689e0c61789d3	node_modules/pretty-ms/license	
file	644	747	543b605b78336c85fc038fd7edebfec82f3b5bd0f342505c12a6f87d8839ddda	node_modules/pretty-ms/package.json	
file	644	1025	c11869aa340b61757c2e7a6739a1d423495fe627ac0a54cb44f8c47c393e2fdd	node_modules/proper-lockfile/index.js	
file	644	1898	c95e2408b91b70e02c625a9b1a42e0c793140dbe6c1bff8cc183bb88bc267c6c	node_modules/proper-lockfile/lib/adapter.js	
file	644	10845	c517a976f7a31c8b1768cb8e7ac9936aee70299ae762548495016a79d64a6434	node_modules/proper-lockfile/lib/lockfile.js	
file	644	1366	eb5adf91a21715b50f39438cdcda52043d551ccb5fe530681364c474c7206218	node_modules/proper-lockfile/lib/mtime-precision.js	
file	644	1105	aaa78451b6fecd1b9c4594c796c133c0e90cad100372ff8bc6de615e9ef9adf1	node_modules/proper-lockfile/LICENSE	
file	644	1209	ea0b38ba378f11e2adb20e868061ded1bf0b4973c92aa3317bf2710724343c38	node_modules/proper-lockfile/node_modules/retry/equation.gif	
file	644	40	003f04e5fb5913675c886ac938e9b7bbd33754eb17ee8f00e074e1bf888bec1e	node_modules/proper-lockfile/node_modules/retry/index.js	
file	644	3657	eaca13037da35523326c8870e39c4fd236c4f38b5822a2af0f33d0f4e0b21d02	node_modules/proper-lockfile/node_modules/retry/lib/retry_operation.js	
file	644	2298	4388d78729faa0dea430e2a7fa572aee6a15a407da05097b41ee44106d336616	node_modules/proper-lockfile/node_modules/retry/lib/retry.js	
file	644	1139	01ad164273e8e095abc9dbd1c21e194594a671af7d528cb43ee7b4c903ba7da3	node_modules/proper-lockfile/node_modules/retry/License	
file	644	312	7ca871146d4f446b640251fdee4e8b7e002c5cf502c924343764d076c5e2622e	node_modules/proper-lockfile/node_modules/retry/Makefile	
file	644	609	0bb3db7c27964ff55c6b5b92afe393ef2db3015e0e81ccc42ccb7fd972a1b087	node_modules/proper-lockfile/node_modules/retry/package.json	
file	644	5708	7cc6f6a1e14dec79dc23f6afd7caca1319189747144e1a33af77616c21d9e9de	node_modules/proper-lockfile/node_modules/signal-exit/index.js	
file	644	748	e05b1eaf5b5f99b7ad75cd1f38858ff9a311780b97715ead67936d60bf96aa7e	node_modules/proper-lockfile/node_modules/signal-exit/LICENSE.txt	
file	644	567	9f575e41b23ac725fd86ee2e23650e84d687314e592e75f695baf542cf7c8c70	node_modules/proper-lockfile/node_modules/signal-exit/package.json	
file	644	1295	ae538fdae683d6fa2e14579da06df10fb7a66378cfa50971956fb68c2c86c727	node_modules/proper-lockfile/node_modules/signal-exit/signals.js	
file	644	1353	73f8bf017e176e462bb126cd329d4ea16032895b484dc25e781dc6d7533385eb	node_modules/proper-lockfile/package.json	
file	644	137	6c04801604d01bcc3c9b6db980749bdbd543205af5fef979e6adfc4a835b66c5	node_modules/rc/browser.js	
file	755	109	82383f5748af5f9380dbcde8f0166088614bf024e25bdbe073bb87cd385336ba	node_modules/rc/cli.js	
file	755	1503	7a4c19d1025d2669723dd2a939ced7d556d815eedfff62bf288970365b8b26dc	node_modules/rc/index.js	
file	644	2759	3eba35eafd078a2c4843a11000c06443b5d8b2fea3b682aae20daeea5be66cd2	node_modules/rc/lib/utils.js	
file	644	586	e8734448285a2dd773d40136ed5d5e8163a70701dd540cdc796cfca232f67d55	node_modules/rc/LICENSE.APACHE2	
file	644	1516	65e7e4d223688c601f42959defde380f8c4aa677fa4706da3b4a53f129bd78a3	node_modules/rc/LICENSE.BSD	
file	644	1088	d72dea1a8cdf3f4dfa2f594253d0c5b37baefc76e806f5ecb0e426393edcd505	node_modules/rc/LICENSE.MIT	
file	644	514	98ec65d77ff4b6aa7945741f17dbfdfaaf9415d2a920d6a69c3fdc17cd810928	node_modules/rc/package.json	
file	644	2867	65eaf8b7b519d6ae7be7ea20382d91a117d9c689897897ce4c2ee798e128a2d3	node_modules/require-directory/index.js	
file	644	1099	a92e52eb1fa7cd746e3827bf01d3a3589bbc8e1e51348b1da042aad165525ad1	node_modules/require-directory/LICENSE	
file	644	628	8d39ebdbac506ae5bf4c85e552a616ebfeb7cc858e14e72ac42521acee504174	node_modules/require-directory/package.json	
file	644	5175	958e646593907b1757b5a359844bdf69374392f6089eb009a6e0d6591d866497	node_modules/require-directory/README.markdown	
file	644	386	cceefe6cfcd233a212713accb9d8548ddd4c1c61495dee56d75e56fbdd66b0b8	node_modules/restore-cursor/index.js	
file	644	1117	5c932d88256b4ab958f64a856fa48e8bd1f55bc1d96b8149c65689e0c61789d3	node_modules/restore-cursor/license	
file	644	699	bb461eb2dca8cf4774a52974c601744dd73da9975ebaf2309dd1111821fc217b	node_modules/restore-cursor/package.json	
file	644	40	003f04e5fb5913675c886ac938e9b7bbd33754eb17ee8f00e074e1bf888bec1e	node_modules/retry/index.js	
file	644	3716	3cae72ed382f42ba21b75f2f8096803beef7fe208f9885794fb86cf4be5c93d4	node_modules/retry/lib/retry_operation.js	
file	644	2345	3142d1f03e5f1e78a0c0b00a25b4626c94a3de8389898c96bb26e96616277bcb	node_modules/retry/lib/retry.js	
file	644	1139	01ad164273e8e095abc9dbd1c21e194594a671af7d528cb43ee7b4c903ba7da3	node_modules/retry/License	
file	644	655	bd5546dfbf1a4c32a4de9f6f57b19fb649eb2a57fc8505d673ebf2e576d8acba	node_modules/retry/package.json	
file	644	387	d98c3aa373c72016e990a723e919af495423bc4ac1daa0736c5f45fac0418d7f	node_modules/shebang-command/index.js	
file	644	1116	69dee148a2cc470554dfa7142e830662062394d0fe67cddd379aba90dc60d6b3	node_modules/shebang-command/license	
file	644	484	b0b0d1ec94eee472c1e8ec3a5475c7efbcffc94138ff1846650c170684edda05	node_modules/shebang-command/package.json	
file	644	42	e91e547bad596a389841fd7938bfcbd22af82f44a01f794e86878e4ff0274250	node_modules/shebang-regex/index.js	
file	644	1109	48da2f39e100d4085767e94966b43f4fa95ff6a0698fba57ed460914e35f94a0	node_modules/shebang-regex/license	
file	644	480	9fd9190cf1a53e616621c3485bb2cea834ab5e5d82dbe5d451034733f29a2ac3	node_modules/shebang-regex/package.json	
file	644	349	f46fc1cf3cae357be4e69317ae3c132f2597dc8ed31d208701053782fa03a09d	node_modules/signal-exit/browser.d.ts.map	
file	644	322	aa5f9f7f969e92b30d2d3288e8927b47faf38663f626c8e9afc7f5a3b901c816	node_modules/signal-exit/browser.js	
file	644	703	cc48aa8c7132663b411f2bb14199e3e5ca7270399917f2640e1983614919d0ab	node_modules/signal-exit/browser.js.map	
file	644	460	1dde4dce41849712db4203f346ca85435af909777b0653baf3339440bb487e42	node_modules/signal-exit/index.d.ts.map	
file	644	9435	7dba9354040ed0ddea0e3029e6f4690b1ea5b0275491a217d9704737a9cebe35	node_modules/signal-exit/index.js	
file	644	17544	5d1a773080f60ad15c0f442fa5d59070910e87c109f7939800b2a4fe6b866f77	node_modules/signal-exit/index.js.map	
file	644	25	8005a3491db7d92f36ac66369861589f9c47123d3a7c71e643fc2c06168cd45a	node_modules/signal-exit/package.json	
file	644	196	ac18b4636c5aa4f7bb383d3ca971cce3c659d68198a7c477411a8ee23a0944d8	node_modules/signal-exit/signals.d.ts.map	
file	644	1560	84f6f2218e3a5dd61e38c9498bcb5465fb90f3900afde73956b1855b1e46af09	node_modules/signal-exit/signals.js	
file	644	2091	f4b1aad11f5b1da3469353c19ce29c9f159efc878cc2b885aa4977dd8b7e31bb	node_modules/signal-exit/signals.js.map	
file	644	143624	51d3dbe284057c00120e8a15abb24b6e34c44d15fe73e60bf2104387a43caa11	node_modules/simple-git/dist/cjs/index.js	
file	644	262584	99218e46a22c1edbc3b32f829b3b2664c6416cc9a1398795fa315d640db0fef8	node_modules/simple-git/dist/cjs/index.js.map	
file	644	137544	78b575c50b447ff66f29819463c9f870594f7fa460f13f0c215d2d8c578f1def	node_modules/simple-git/dist/esm/index.js	
file	644	259098	7f862c1d1f666794c11932bedf1f62686ecf0cd9629487e4d552ebcdad2a4f2a	node_modules/simple-git/dist/esm/index.js.map	
file	644	22	d2aaf324399446516b42d82624be18adcd6465fddf100b7ba79f57323f63da52	node_modules/simple-git/dist/esm/package.json	
file	644	969	0910a476a883646477c7c0ef8931bf5b9e42e12ac7fe414dc8f3d9c8881ad1d8	node_modules/simple-git/package.json	
file	644	570	d7dab03c015596f875a4ab48ad62a8c2afeea27f875d635a335f6a3a8e566c5c	node_modules/simple-git/promise.js	
file	755	422	88747711c3d21a33c1a08fb28a52a9d5314d294dcb0647756e8063aa436c8f07	node_modules/sleep-promise/build/cjs.js	
file	755	412	90971ab6cc137c5309d19b61caf157eea8c28f931483b0474fc92a6e7ad40f1e	node_modules/sleep-promise/build/esm.mjs	
file	755	1080	69ea441a392728546cebf93836e36f3cb3776c36cacb529a9448b7e1a27722c1	node_modules/sleep-promise/LICENSE.md	
file	755	1350	2d5d2436b0626ea5446dff83c20a9005b0f94210efc8518485ba346166997e27	node_modules/sleep-promise/package.json	
file	644	11355	279ce5f639ecd1767f96948f9fbe6f0aa8145cb280cf98473fb366eab5e6de26	node_modules/ssf/LICENSE	
file	644	801	9c13f0edba51304dbc5d38ea20960698c49c7371889e84364c4dfd429a6fb5a1	node_modules/ssf/package.json	
file	644	40770	5c50e4c81a4159cc912219cf83f94183331be8a884f06feea7cb01d9f7858f6c	node_modules/ssf/ssf.flow.js	
file	644	38297	27b543bb7440feb42c821ab58fc401a60d4affbc611d96bcd6bad31b09e5cb87	node_modules/ssf/ssf.js	
file	644	379	2923e100dbc3f1b13dcf7475bc5a1dd1e1390a7b1d75e0d684f22243ead2824f	node_modules/ssf/types/tsconfig.json	
file	644	1642	75b230ceaf456b97816ff2b3b8827cbb2ff6c851a1140e8930b8bcb03c14269f	node_modules/stdin-discarder/index.js	
file	644	1117	5c932d88256b4ab958f64a856fa48e8bd1f55bc1d96b8149c65689e0c61789d3	node_modules/stdin-discarder/license	
file	644	663	6443ddb9dc84c5dcf381471498ca6b263ced41768394159649f75b4be6ddf108	node_modules/stdin-discarder/package.json	
file	644	3169	c7c8505b35598d8bda60ea12e9aa20f27bf61399db523d39d500081980afc912	node_modules/stdout-update/lib/Hook.js	
file	644	46	6b0030896ce73c618e96f4017c8d247c2ca55d47c13d458a0420829ce2fec2ea	node_modules/stdout-update/lib/index.js	
file	644	1983	b00ce3a7cd1769094a6190c0cb0c99f16be14cdf70c210a3295046f51410d6ee	node_modules/stdout-update/lib/Terminal.js	
file	644	6318	34bd6ae9051c66ad1491007313c1654eb28720d7b533f400bd393c40621da40b	node_modules/stdout-update/lib/UpdateManager.js	
file	644	5100	fb66dfb1037e20809a94d522bd7358c366919747a579a9b19fcb191ce97c98eb	node_modules/stdout-update/lib/Wrapper.js	
file	644	1093	817ec80d185511e433b926d90fd3de39d8ed4b2f8bc753b6bc06e2772cd256f1	node_modules/stdout-update/LICENSE	
file	644	590	705ea426fac3c94d1290359e7d5a9d5dc53762c6ddee16f4852ba6aca47442cc	node_modules/stdout-update/node_modules/ansi-regex/index.js	
file	644	1117	5c932d88256b4ab958f64a856fa48e8bd1f55bc1d96b8149c65689e0c61789d3	node_modules/stdout-update/node_modules/ansi-regex/license	
file	644	671	f385f436c8ad37de906ac508729ce7c9e0198d3313d639e3168169a7d3fcdfac	node_modules/stdout-update/node_modules/ansi-regex/package.json	
file	644	5256	92efdc3e5203d02d1710ff60dea3965066f97a77c0feaaa919b2693c989b7ec1	node_modules/stdout-update/node_modules/ansi-styles/index.js	
file	644	1117	5c932d88256b4ab958f64a856fa48e8bd1f55bc1d96b8149c65689e0c61789d3	node_modules/stdout-update/node_modules/ansi-styles/license	
file	644	626	0c0d2eb8063e3016116e6d9e38ae9983803c8676bac4093e3697ac34e61f8be7	node_modules/stdout-update/node_modules/ansi-styles/package.json	
file	644	14183	a7ba8ae1976f26629989ee4c046e4352cfef0efd34b2401137eddd216d5d9ae2	node_modules/stdout-update/node_modules/emoji-regex/index.js	
file	644	14181	38bb39b3e644110e87f3bcfe56ee7bd3f23d85b2df002cb6e7376bc5a7bc2819	node_modules/stdout-update/node_modules/emoji-regex/index.mjs	
file	644	1077	483acb265f182907d1caf6cff9c16c96f31325ed23792832cc5d8b12d5f88c8a	node_modules/stdout-update/node_modules/emoji-regex/LICENSE-MIT.txt	
file	644	707	954b041cb1ab3ef240de49741bbb7993219b6fccddceffd1b1d30bb7677cb1da	node_modules/stdout-update/node_modules/emoji-regex/package.json	
file	644	2231	16421893c66e7c45a68251f0708caaa8d49d74e9570ae574371d21356e9d30a6	node_modules/stdout-update/node_modules/string-width/index.js	
file	644	1117	5c932d88256b4ab958f64a856fa48e8bd1f55bc1d96b8149c65689e0c61789d3	node_modules/stdout-update/node_modules/string-width/license	
file	644	819	cb1c27cf5182c2d4598e0002892fb507805e85baa3a16d2df663459bb9f4fa71	node_modules/stdout-update/node_modules/string-width/package.json	
file	644	626	9ff7e1abf2727fbf9854a9dfcc1e69d1f9a0b23ccc0649269fc1c4fa8e44bd79	node_modules/stdout-update/node_modules/strip-ansi/index.js	
file	644	1117	5c932d88256b4ab958f64a856fa48e8bd1f55bc1d96b8149c65689e0c61789d3	node_modules/stdout-update/node_modules/strip-ansi/license	
file	644	679	1b2e35a6d0a7cbce42905581d7dbb058715da7a0a31037bfc09dc36d35fdf3cb	node_modules/stdout-update/node_modules/strip-ansi/package.json	
file	644	995	bcb2246ca6e7449fad391c8f7983f91d6de91015593582b0726b39d6ff5ca425	node_modules/stdout-update/package.json	
file	644	2833	b3bc8b99f8d5b762ce44a11a1b6c248541e190f1bd84ba440039d3c704058d01	node_modules/steno/lib/index.js	
file	644	1076	8c723e3edff7119e9fb0ee6b40687b93da0265ef6077f39f2b09b5297082d836	node_modules/steno/LICENSE	
file	644	938	e28f0c620c7f47a799b3f9b54b5fd9adf17f7cdfced3cbd289d226cafbb6cdc2	node_modules/steno/package.json	
file	644	923	ed69ea4f757130e46dc48a0cc31beb6257e61a31c70936d82b8a3f02ffd64df5	node_modules/string-width/index.js	
file	644	1109	48da2f39e100d4085767e94966b43f4fa95ff6a0698fba57ed460914e35f94a0	node_modules/string-width/license	
file	644	633	9af9b1c5c08c1d130ff2a1b829d19fb2ef9d2dd78e04b1e79f5faf322d2912cd	node_modules/string-width/package.json	
file	644	154	bf37cd692bf030c2ec270945bc26aa8b19ad379fa5916f12304758f709ab0978	node_modules/strip-ansi/index.js	
file	644	1109	48da2f39e100d4085767e94966b43f4fa95ff6a0698fba57ed460914e35f94a0	node_modules/strip-ansi/license	
file	644	511	4518dec682055621a82c1480a6c33479a7b6ae7d17019ccc4799b86e9be4d4d7	node_modules/strip-ansi/package.json	
file	644	1700	3fe8c034bfc649c8e80452f4c7052153a49c89a579f3f87a4df6af8bab5ce2b9	node_modules/strip-json-comments/index.js	
file	644	1119	6fb9754611c20f6649f68805e8c990e83261f29316e29de9e6cedae607b8634c	node_modules/strip-json-comments/license	
file	644	468	7f424d9793b405384e69c943fedf60468298b94982c017e588531e0ee6e18bd3	node_modules/strip-json-comments/package.json	
file	644	777	d3411ff41b782d91b9cf61daf5a36fa9f2a0383da19be846aa4463f00226e929	node_modules/universalify/index.js	
file	644	1100	3fda5977c0904e226190b4e21d64340c1731e2142d6fe5f3dee0090a216b8b63	node_modules/universalify/LICENSE	
file	644	617	039ab77eb273350d1dcec82dee33f474468767728aa53cc472a4ff227b361175	node_modules/universalify/package.json	
file	755	1419	0ed2a127d2a1c1c4130c6132eb69045b60b791be7ff1785a1f0f17d134a576b7	node_modules/url-join/bin/changelog	
file	644	2437	64c8a439220f69faecb6be4360b19357973f3551b8d5277435d0dd9705f19eda	node_modules/url-join/lib/url-join.js	
file	644	1076	08e017f066892c56857a93c2168b37222091ad080ca9384972fd5040daf174f4	node_modules/url-join/LICENSE	
file	644	453	7e8128f9aa05c9289e6a25779fe23a704faeaaa163868ef90da10709d93a72c0	node_modules/url-join/package.json	
file	644	883	748abff83531219c79f949608c39dbc2078fa7a6f48672af0a68835db8e5ff60	node_modules/validate-npm-package-name/lib/builtin-modules.json	
file	644	2778	192644713adf00fa530905f1bd598b14c83644b4e4819a809e472cf6c6eb12f3	node_modules/validate-npm-package-name/lib/index.js	
file	644	728	f3e1645267f7dd77ee6545283cc1766e5883e8fb3b5088fe2cfb995defbb3dde	node_modules/validate-npm-package-name/LICENSE	
file	644	879	e57f39565605327156f7c5959cfd1791c67d5ccab156a52979da8e484245a282	node_modules/validate-npm-package-name/package.json	
file	755	985	055f0ac4eed1a1591d033d59462972968bf3483b4cc07e163589569c0fb999f0	node_modules/which/bin/node-which	
file	644	765	4ec3d4c66cd87f5c8d8ad911b10f99bf27cb00cdfcff82621956e379186b016b	node_modules/which/LICENSE	
file	644	681	2e6138fb27d6ede860f361a0906d97e273f1f9f8efece31ed6416773ba9794e5	node_modules/which/package.json	
file	644	3163	76845e1fe7851267fb7ee72b18f2d916996d330150e31e48f4657a79e9b46b5b	node_modules/which/which.js	
file	644	39339	160f1dfa7b87e9e6e2fbe97cb2913f7cebf5efa8c4add858ab16419584028de7	node_modules/wmf/dist/wmf.js	
file	644	157392	842c0ca9b2a28ac89c77b1fecf491ba53cba60e78709a4d13e9f612fe7be7005	node_modules/wmf/dist/wmf.js.map	
file	644	17362	8791c34abad40221cfb187fd1b9266f2acbf0ffe02ad5de12d9b6158036f2699	node_modules/wmf/dist/wmf.node.js	
file	644	89797	dda260dcb7e9c4e488858f3eb46640a6c43b09129cea0d63b8519103f8d04d50	node_modules/wmf/dist/wmf.node.js.map	
file	644	11355	f0342702eaacd07db999b0f3d581128cdae6469d728c0cbabb6882382c65133f	node_modules/wmf/LICENSE	
file	644	1018	afa770f70a76bcacd9c3c29a3e771ead5cd106ceaa73604902406056572cdc82	node_modules/wmf/package.json	
file	644	2132	5e588111aca7424f54965314edae7f4762b3b8422475162fd1d4154ebf312888	node_modules/word/CONTRIBUTING.md	
file	644	11355	f0342702eaacd07db999b0f3d581128cdae6469d728c0cbabb6882382c65133f	node_modules/word/LICENSE	
file	644	381	40d135b65a4f7adab3c937664dca01abf050a80609733767ce6603e40097e053	node_modules/word/package.json	
file	644	21	8222b8169ee86f25cdccd84d340340060ae3f0cff55e2ea9d344d7c332733b71	node_modules/word/word.js	
file	755	5772	a958f56f7d15e97092bcb7cad7acc180245f212bc5ef12c6565d4679dc7fd383	node_modules/wrap-ansi/index.js	
file	644	1117	5c932d88256b4ab958f64a856fa48e8bd1f55bc1d96b8149c65689e0c61789d3	node_modules/wrap-ansi/license	
file	644	699	df4ff2abc1abca95b20723d2825891e29ba846a7515ee0db701622dca1a187e2	node_modules/wrap-ansi/package.json	
file	755	11005	8cddcbeb2758a525fb44d6dccbf2db7d983f5a5b23f97336d193289d34714392	node_modules/xlsx/bin/xlsx.njs	
file	644	296	63b28b7e07b3115ade3374d8b837b1390e724493cdc70c71a99a6d0c2dc42496	node_modules/xlsx/bower.json	
file	644	472893	7a7bba23b6b6f23b5c69fbb631f78d1d455f74b57e4aa54e9a2f81a8ab844964	node_modules/xlsx/dist/cpexcel.full.mjs	
file	644	471759	5f0cc8cc3c764e924a2877f32dcd93709756d0b6c26d2471bfd911ce6f8e81c2	node_modules/xlsx/dist/cpexcel.js	
file	644	11355	4d2a38ac35cda06a555c84074a819d413339cd3691b822cae50f8f322fe01f64	node_modules/xlsx/dist/LICENSE	
file	644	5651	0c16091947c28ec153e281cd303d8b3867bd1d964607af6ad4f264ccd9e512e7	node_modules/xlsx/dist/shim.min.js	
file	644	437032	82d32e9e10fc77e90e5eb78e333515135e52fd087c592c48f5a1d2aea4453ed9	node_modules/xlsx/dist/xlsx.core.min.js	
file	644	679438	049708d2b2f2b5683761d8b27f4a07b672981e740b0d0b82329fbecc57542672	node_modules/xlsx/dist/xlsx.core.min.map	
file	644	842998	0c5aa86d97dc5216e8f47bfd65e3ff695c676da22091fa15124536c061e430d3	node_modules/xlsx/dist/xlsx.extendscript.js	
file	644	881727	c9506197caf809a075b6dee1da0d36fb19da7158ffe8a88e7b0c96c5d8623c99	node_modules/xlsx/dist/xlsx.full.min.js	
file	644	794676	2a8c4406aa9b23983682767d7b3cbfae2a3a88058a40414412739ba1e78b6b6d	node_modules/xlsx/dist/xlsx.full.min.map	
file	644	250826	3120abba1fd0ea031f25ab22ac93e726f6f63467da1a6349b82e82f3df5d775c	node_modules/xlsx/dist/xlsx.mini.min.js	
file	644	355254	37d8f0ce012dce50878629d7e70b0f3c052b7bc1d8c8c2488098468449d6796a	node_modules/xlsx/dist/xlsx.mini.min.map	
file	644	52828	b1b0c61fb9dc2811ff8e566322d6843456f0ba548d11af615776e036d1e7531e	node_modules/xlsx/dist/xlsx.zahl.js	
file	644	52622	597c8d4516a1010905a06d391a4f7e3d1064d9db2dbdb5bb109b5d6eb6cc094f	node_modules/xlsx/dist/xlsx.zahl.mjs	
file	644	208619	6fe63a611f05773fbf9721d3ae57eafef82bb02717c56f1e74acc257c7af4032	node_modules/xlsx/formats.png	
file	644	33608	69e0e5da6884080a080c4e564565a29a2ddf83592d14268295d314a610441a36	node_modules/xlsx/legend.png	
file	644	11355	4d2a38ac35cda06a555c84074a819d413339cd3691b822cae50f8f322fe01f64	node_modules/xlsx/LICENSE	
file	644	1566	718910c7eea26255262d9704b9057d61f00cfde6f3f4710f20e4f1174db5164e	node_modules/xlsx/package.json	
file	644	380	6d9aa161334f6e452f744096020034803fb15bf025fe8f578535d6889d52e6c7	node_modules/xlsx/types/tsconfig.json	
file	644	835379	f3366db1313e47985ddd23c57989a35298ca613124f2971513fd0efca9e50df6	node_modules/xlsx/xlsx.js	
file	644	896114	992eec8c1a888e7f6c9b2a3cbba014bedade473da4cbd8fc9bb95de56a87f222	node_modules/xlsx/xlsx.mjs	
file	644	432	8c7687fc9b7b27c730d6332d7a7afd7fc0a5f9c5eb719b9b7bf9b1e9c1031cb9	node_modules/xlsx/xlsxworker.js	
file	644	6783	6270f7d3129bc8891340b0f8405e252b7f8073bc5c912aa70377a5f292f21568	node_modules/y18n/build/index.cjs	
file	644	192	f3266c84526f3110236d58ee82660b39001142b59920f694bac0485dcf87de60	node_modules/y18n/build/lib/cjs.js	
file	644	6268	6d1e9719542e35baa034477f26f2482d35bbffe6a67e154cfe37b324dc440ab7	node_modules/y18n/build/lib/index.js	
file	644	377	4c41efa5eda535e00b6b68446fe808445abb0165499a14a60608bc719fc600b3	node_modules/y18n/build/lib/platform-shims/node.js	
file	644	183	b3c6619e21959dd2c211f91be91294ace2238094b7f04d87f6f4ef417f660287	node_modules/y18n/index.mjs	
file	644	731	2034cce3b6fafcddd642c4175e01d3ddfc332a53b9f20fdc46b1466dc89ac469	node_modules/y18n/LICENSE	
file	644	1021	4edd8fc45e39b300268317ce92f424b3f04865dd5208e622c692514e6597ef47	node_modules/y18n/package.json	
file	644	232	a0528d3010ec7ee527a41f288403bc769ff0df6e5002785be086f20903762981	node_modules/yargs/browser.mjs	
file	644	61906	f1615fa3e03a5175b356a50c37ede07b40fa5a4baef9021631419e70630b5abd	node_modules/yargs/build/index.cjs	
file	644	2477	eb085555452eac3ff300935994a42f35d16e04cf698cb775cb5ad4f5653c0627	node_modules/yargs/build/lib/argsert.js	
file	644	19368	6249ffd299e16a1e531ccff13a23aed7b7eef37e20b6e6ab7f254413aece6ca6	node_modules/yargs/build/lib/command.js	
file	644	1452	d9bbed244af4394b786f8abce9efbbdc3777a73458ebd7b6bf23b2495ac11027	node_modules/yargs/build/lib/completion-templates.js	
file	644	10495	62e41220b5baa7c082f72638c7eab23a69fff46a78011f2c448e2a2f1fcfd05a	node_modules/yargs/build/lib/completion.js	
file	644	3221	6ab9c953a83264739aa50d7fa6b1ab693500336dfd593b9958865e12beb8bdeb	node_modules/yargs/build/lib/middleware.js	
file	644	1060	327242c0afae207b7aefa13133439e3b321d7db4229febc5b7bd5285770ac7f7	node_modules/yargs/build/lib/parse-command.js	
file	644	308	9618b81a86acb88a61fd9988e9bc3ec21c5250d94fc2231ba7d898e71500789d	node_modules/yargs/build/lib/typings/common-types.js	
file	644	11	8e609bb71c20b858c77f0e9f90bb1319db8477b13f9f965f1a1e18524bf50881	node_modules/yargs/build/lib/typings/yargs-parser-types.js	
file	644	21402	31faaa7aa61e5a57a2cac5a269b773aa8b1fcab2db7cac2f8252396f3ccc2f5e	node_modules/yargs/build/lib/usage.js	
file	644	2049	64640dce92669705abead3bdbe2c46c8318c8623843a55e4726fb3c55ff9dd1d	node_modules/yargs/build/lib/utils/apply-extends.js	
file	644	155	be45baa3090c5106dd4e442cceef6b357a268783a2ee28ec10fe131a8cd8db72	node_modules/yargs/build/lib/utils/is-promise.js	
file	644	1031	d8638efc3376b5f794b1c8df6ef4f3d484b29d919127c7fdc242400e3cfded91	node_modules/yargs/build/lib/utils/levenshtein.js	
file	644	496	31cf4026279e14c87d16faa14ac758f35c8cc5795d29393c5ce07120f5a3caf6	node_modules/yargs/build/lib/utils/maybe-async-result.js	
file	644	299	5523fb2288d1e86ed48c460e176770b49587554df4ae2405b468c093786b040b	node_modules/yargs/build/lib/utils/obj-filter.js	
file	644	436	f429237ebe955987db568c36acf32507127c15341b00a603a26becb797068df1	node_modules/yargs/build/lib/utils/process-argv.js	
file	644	386	6fa8ffc3299f456e42902736bae35fbc1f2dc96b3905a02ba9629f5bd9f80af1	node_modules/yargs/build/lib/utils/set-blocking.js	
file	644	321	9267633b2c9f8990b2c699101b641e59ae59932e0dee5270613c0508bfa13c5d	node_modules/yargs/build/lib/utils/which-module.js	
file	644	12653	af040834cb9201d4238bbeb8f673eb2ebaff9611857270524a7c86dfcf2ca51b	node_modules/yargs/build/lib/validation.js	
file	644	77635	05326932b431801d7459d5b14b21f73f13ebd74a8a74e9b7b8cec5f99ba14819	node_modules/yargs/build/lib/yargs-factory.js	
file	644	234	9729aaa8bce1a0d00c57f470efb2ad76ad2988661bb48f3769e496a3435b4462	node_modules/yargs/build/lib/yerror.js	
file	644	384	56d75619d9959cabdd0b79e97bcfe7476369321f8ddfd723862bdae9ffeddc27	node_modules/yargs/helpers/helpers.mjs	
file	644	291	073fc8dc10f93c3cb6563d7aa1c3512903c88107de9abe9408e15189e8f84ae0	node_modules/yargs/helpers/index.js	
file	644	25	8005a3491db7d92f36ac66369861589f9c47123d3a7c71e643fc2c06168cd45a	node_modules/yargs/helpers/package.json	
file	644	1455	473da31d026034993f1a1a7a930513872c500c037306a20f1b98cb03d9d38fd1	node_modules/yargs/index.cjs	
file	644	231	fd2aefd1b3f63590505375fd2ff6409a86d95529690d9ff1515adefca686311b	node_modules/yargs/index.mjs	
file	644	2301	0753be85c76b299420a7bd5bc9b925c6c7ed1fb15e872e2f547819490dfca697	node_modules/yargs/lib/platform-shims/browser.mjs	
file	644	1876	0bf6133c39fff113943fd0bc1bb06492c05babb8b754ef85b5567d6591719302	node_modules/yargs/lib/platform-shims/esm.mjs	
file	644	1146	2f1a503bfab84b3ba7393627308b3274501e459e3b5185bbb56bbf16cb1602d4	node_modules/yargs/LICENSE	
file	644	2602	134235e6c034c2ff51eeef9f00032cd47cbd4f836744fae0821143207c857edf	node_modules/yargs/locales/be.json	
file	644	2024	2d24eff79017a67adb53960407de4598750abdabc65d50c3e7c1ef76b9022dbc	node_modules/yargs/locales/cs.json	
file	644	1805	dd49fd237f42a5c3da5140730ff81dbfa543bd8eb9a529331b876e00d46902e1	node_modules/yargs/locales/de.json	
file	644	2019	c393afceaa956142d614ba1cf504813faa03afdbe583d24bf843b2b77dd5f40a	node_modules/yargs/locales/en.json	
file	644	1885	5e9eab1fbfdde64463e1cae36fbbafe035d0a80fbfe13ec99557d38e5ac9e020	node_modules/yargs/locales/es.json	
file	644	2113	9708614b65a8afe075e0d9724f4121017258ffd339986a033e69c53f96e5e94c	node_modules/yargs/locales/fi.json	
file	644	2117	12fcfb7c6d0f59c378db746bbf018a1fc3b662b9a4fcc7caa6a037e0f5c375f0	node_modules/yargs/locales/fr.json	
file	644	3074	66aed85c3d7e2b6564e401c32d12d406983b69f5b965f01aab1b7cbb1c3ba2cf	node_modules/yargs/locales/hi.json	
file	644	1883	5149e6aaec4cd1facd504efbae03a5cc2d5f6d24cd6c6418c818740b8abd72a2	node_modules/yargs/locales/hu.json	
file	644	1821	3745df73a41c026c2ef8fff048c56afd4e1e362deacc43c04be260fb0d3df93c	node_modules/yargs/locales/id.json	
file	644	1855	2eed3f6e2f402a7a5c1049ef323d6670e427e9905233ce66b38fbfa8cef282f2	node_modules/yargs/locales/it.json	
file	644	2411	b63a4a4d7b7dfbbcd25a5359197171a783c824e7d408c3b2ccc2e360810e3a15	node_modules/yargs/locales/ja.json	
file	644	2257	6ab9d089a822553311230633acee9e701ea0f7eeb93d2e969a7fcd21a1d2d7af	node_modules/yargs/locales/ko.json	
file	644	1680	8de6f5381e45e448536b0143a6cc6130b7d87ea495881e5bebc4e9569238ebe6	node_modules/yargs/locales/nb.json	
file	644	1958	638c26e2d638bc08023e4e9924237c2c0f67130eb4d454c824b15cd4da916671	node_modules/yargs/locales/nl.json	
file	644	1661	466b2d749e6115b0bc8fe0fce420f4e049f3c7e69831ae4ab0e66b402230a627	node_modules/yargs/locales/nn.json	
file	644	569	0e66add12f48117254852ebac22250ad18bbc859b5de40301dd047800be40e36	node_modules/yargs/locales/pirate.json	
file	644	2075	64d84f86e74e9b14e6cb8159e65cb2a2b0302e848d61fdd25f8710e70446665c	node_modules/yargs/locales/pl.json	
file	644	1932	503075049239e50e8fe82b7d06d062f5a1d69f26346d05af487dc8b3e090596e	node_modules/yargs/locales/pt_BR.json	
file	644	1917	d36c160b1f4757b6275cb5dd4135d2d8262d8d1b79147e3c3fcf9acecc1b89d2	node_modules/yargs/locales/pt.json	
file	644	2972	3505a2e258e83fdf33bf31cc8e53aedb2018add60c3df70f4818dbf791ee9a84	node_modules/yargs/locales/ru.json	
file	644	3278	3ff78ad6e861403ff1c94707d6e13dd87e948424008156debc0e7d3a4f4500d3	node_modules/yargs/locales/th.json	
file	644	1912	4744c36d2531029ed93d593a25c595f4ea1f9c2f4f037867aa8f36161f959886	node_modules/yargs/locales/tr.json	
file	644	2748	70baca396d1387b30a163b03561ff1177088b579de53b89359158eed847fc273	node_modules/yargs/locales/uk_UA.json	
file	644	2157	27f6a0144dd21321b2ca160c174a8622bc4d86af3e64c27bc6f06bad44b59aa0	node_modules/yargs/locales/uz.json	
file	644	1907	bacf8a4dcdd23146ff5834e7853536a7d97a1baca15a8ad5939c719e583a3f59	node_modules/yargs/locales/zh_CN.json	
file	644	2055	9f191189f2b4551c9c04c02fb75db1c111beca65fae5be7e7f032ae07dc3dc76	node_modules/yargs/locales/zh_TW.json	
file	644	2038	be9c02dffb9202f96f7952286b1a932250ac8d4d92564e4af2d9ca3dcdb3d862	node_modules/yargs/package.json	
file	644	220	92f8754029e24807ffc97ad723945f7e206444a2f30c4cba40870f8e1296395c	node_modules/yargs/yargs	
file	644	476	ef1e69a89d7b5b611ffb00996b80aeb45320561e3d4871b5ac0090346541f491	node_modules/yargs/yargs.cjs	
file	644	473	559d52aa26a9c9af5fdfdb4c1db6280373752871bf1d43e0a4e8bf9c7b572186	node_modules/yargs/yargs.mjs	
file	644	1016	54d8920e8cb494b078ad57afff5634ad7f7b017f9191262819f0da3ca0572eff	node_modules/yargs-parser/browser.js	
file	644	42891	90524bb194d98914fb13d777c768ce737da46f8e35ce185a6ce82e933402dce4	node_modules/yargs-parser/build/index.cjs	
file	644	2508	e7e92f404ae8bc59e05b8ab9a9f7522c9e26278940df08dd75f3325ba8461ebf	node_modules/yargs-parser/build/lib/index.js	
file	644	2084	0d14d7a4b273d34c12379abdd369088ad09555d7c1cf6f2619c06ba0bafbf552	node_modules/yargs-parser/build/lib/string-utils.js	
file	644	1092	b407a546e2bc210cdfa2685e6802743fadbbb11cdb646e1c489d8f507cf53acc	node_modules/yargs-parser/build/lib/tokenize-arg-string.js	
file	644	425	2ad2a7cd5bc7fde9e28f71525599fc8196ac9aec00f84d285f53c484c64300b9	node_modules/yargs-parser/build/lib/yargs-parser-types.js	
file	644	46827	4864e5d4520e72489cd492e70401387ea3db2a2b710831c513dd08700e6d8e22	node_modules/yargs-parser/build/lib/yargs-parser.js	
file	644	731	365496ca1f56da40b23c9815fc40fa9005847b2f8f8fd1c1a4929ef25ec8cd1d	node_modules/yargs-parser/LICENSE.txt	
file	644	1476	5984da9af25cc7a7b70009261fcc691144640a7071252692c5f0e82a65ffefe3	node_modules/yargs-parser/package.json	
file	644	4401	29f91f909f7c83a1d3020045647b7fccdb0d1b647692f43f4c86c5b3fc28f187	node_modules/yoctocolors/base.js	
file	644	65	d1cc9289766f3874cb06fbc04c8292262e608db3b2ea3d78d8b797bf5965446a	node_modules/yoctocolors/index.js	
file	644	1117	5c932d88256b4ab958f64a856fa48e8bd1f55bc1d96b8149c65689e0c61789d3	node_modules/yoctocolors/license	
file	644	947	3455693f42aa4e7d6220ccd32e8d56011cedf0163ed86ae180e04416f67fa67c	node_modules/yoctocolors/package.json	
file	644	3552	9995a49e127f5826ac6727f8b835c0416e6fca2e39fd60208424485a22323ce7	node_modules/zrender/build/build.js	
file	644	26	6392b0b0c1a4294137c5ef23f9d9e25b92c45bf3dafcc3e30008d1f3a2aadcf1	node_modules/zrender/build/package.json	
file	644	1628	d90bfb3d1170047fcde0686bebd67151bbf6fe2173c28c3ce1587128ee6b92e2	node_modules/zrender/build/prepareNightly.js	
file	644	3862	ba31ff5ae508eede1c4442d63087b61e571bf9978abb6f7a6003641e3ee00214	node_modules/zrender/build/prepublish.js	
file	644	1839	edac3155972f48078dd1eb413a8b8f1ddbf0c2fac9909c077ad42097e6f9f166	node_modules/zrender/build/processLib.js	
file	644	2021	927d6f8bac8be121753b2e9a9b9dd1843109c72b2597088bd781209b55c18dd4	node_modules/zrender/build/progress.js	
file	644	2732	dbfc9e89ac1b910ac17196c149457256d8d592554877eb80c15a525b8907222f	node_modules/zrender/build/transformImport.js	
file	644	26	6392b0b0c1a4294137c5ef23f9d9e25b92c45bf3dafcc3e30008d1f3a2aadcf1	node_modules/zrender/dist/package.json	
file	644	694656	1e7569fcb92a128d6e9986909be6e34c5a09162efaf1530694713eeb5b0f383b	node_modules/zrender/dist/zrender.js	
file	644	1579623	78a88997b99f8e44dfb2764c5a63325448ed0d28a1fc5943f598aa1e4a00e487	node_modules/zrender/dist/zrender.js.map	
file	644	220671	178569dadda3f3b8f120cfd08c07a1aa5ab98c41a2b1f955507d18456f49f6e0	node_modules/zrender/dist/zrender.min.js	
file	644	28	517109e339855b9dcea68a59720cc08eee404092c1bfa7ed5d69c88a7fd1ce82	node_modules/zrender/index.js	
file	644	27	be9ef91852a117cce0aa81b9cd6a347c8c50b56b4cb892fb9313d0ed31603470	node_modules/zrender/index.ts	
file	644	277	5dd25f41c7a919b198116a9db76c057e9a56641d83c2876a81b2e1ee9d4184aa	node_modules/zrender/lib/all.js	
file	644	4289	85eb24d5194106c0edfc441465df65ba78d3723ca45cc1c16a9526a5ff35cde4	node_modules/zrender/lib/animation/Animation.js	
file	644	25665	906ec9d61a1cda3859a421fe48249b1276711ab3b0e713f953f0235acce0df48	node_modules/zrender/lib/animation/Animator.js	
file	644	2098	9a0cdfd5579811adaaf16732b36c3a92230224658d726458739bfc2313135f62	node_modules/zrender/lib/animation/Clip.js	
file	644	787	a7f54af53aa11f4ace79160a7d3c2a59298c676392787bfd795d44fb3114d1fe	node_modules/zrender/lib/animation/cubicEasing.js	
file	644	5080	b5deb53b566b7b831c9c0057cfc35304d66a196ce75f5023acd76946b8eca3cd	node_modules/zrender/lib/animation/easing.js	
file	644	467	7f2cde568b04717c328f6bcf336adec2ce3d7c9313abb56793c1c36cf4458697	node_modules/zrender/lib/animation/requestAnimationFrame.js	
file	644	121	f8d825b4d8278c59b8dd31e1db94d54fc3cbf1469349908e35055243dc035cfd	node_modules/zrender/lib/canvas/canvas.js	
file	644	1039	b863dabbe473c3ba6f1a7e72167573635ebbceaeb1dda514234b3827b24da981	node_modules/zrender/lib/canvas/dashStyle.js	
file	644	19239	398d1c3011834eb7b4b8a9f05be3e540598bdd92b8eef856d36c376c2d3e962d	node_modules/zrender/lib/canvas/graphic.js	
file	644	2722	c0f837277c3dac1ee535edf9b1247915cabbef78272065b4deae14e29cfb0249	node_modules/zrender/lib/canvas/helper.js	
file	644	11681	5a53b25952c41795e166a75808fb39ec2d0a8b5a9316818a12e19e2cfa38a669	node_modules/zrender/lib/canvas/Layer.js	
file	644	28157	f23ae0e70cc2a0248c12b508edbd186967684adc31908a17b0c707b8b309be68	node_modules/zrender/lib/canvas/Painter.js	
file	644	436	99190c38f8c844d0e3f2ceb64789a53114042067399d28cce33de072710c2e56	node_modules/zrender/lib/config.js	
file	644	992	be40d74841c0d5016082b1d929e592e2c23e054bfca2d223f2cd427d24242747	node_modules/zrender/lib/contain/arc.js	
file	644	618	dafb1e0c744802bf8f72837b24a6f3ef923dc1790b473ddc12077e526b80e4e7	node_modules/zrender/lib/contain/cubic.js	
file	644	641	22b05bc34db99129fd0dd89a380babf9c08a6370533a3eec17bc861687569c2b	node_modules/zrender/lib/contain/line.js	
file	644	9874	80162a8daa596e87e4d464be546de15e649f56cc7d6d4cbca448cf3e1f38f451	node_modules/zrender/lib/contain/path.js	
file	644	589	be7f7d6cb59665152ee4b224310b90e78d9e67e85132e79a9a7a8f7df1304475	node_modules/zrender/lib/contain/polygon.js	
file	644	555	db18c22472306c0b2a0fa365169142529f3b173861bc01e4fd949b0335f662fc	node_modules/zrender/lib/contain/quadratic.js	
file	644	7454	f58502ada8f942416183ff4d5c8b5ebd1baca40da7add18af83b7ce09ed43ad5	node_modules/zrender/lib/contain/text.js	
file	644	151	cd22404aa8f5d954968a7a2f547ea973aea7cae24c9dd9697e370a42fbe20257	node_modules/zrender/lib/contain/util.js	
file	644	405	75f661dc1ce9b160f6409ab45de488af16c5033bf3b4fc7a0b1ff29b1026124d	node_modules/zrender/lib/contain/windingLine.js	
file	644	4753	b2223d3a774c955f5ebccc5aef2bca7a7bf8e086e8aecc7e7dd71d2ddfb73b97	node_modules/zrender/lib/core/arrayDiff.js	
file	644	3826	c8a6dc155c37e325446b0a1ffa20516914d2b0d8f6595c2e8c75445e94195f9f	node_modules/zrender/lib/core/bbox.js	
file	644	11784	ad8966d898def1fd89549badd6a0a8b7afea2eacff69aef8ee514b1d43db14b5	node_modules/zrender/lib/core/BoundingRect.js	
file	644	9576	390ddb41a3702cf1e1c2a1d78dce31d6caf4d9de59b000f0327ca49a1020ac5d	node_modules/zrender/lib/core/curve.js	
file	644	3710	3b4da96ec8decc49599c5291c3e5cee1403360af7e310cbd06dfb46c5ede92f0	node_modules/zrender/lib/core/dom.js	
file	644	2768	2a23f08899a69bb731bbf58ab96b3f974d9770c6c9a263a59b0278aff8941cc7	node_modules/zrender/lib/core/env.js	
file	644	3206	94df28441f8309bee1b49076d69cf04264f1ea8c3b2112d8491efaae5eb46db3	node_modules/zrender/lib/core/event.js	
file	644	5350	17f9067bde239d92ad46af5b66cbfbf6b0724fa674f05e5d2e203d8a60f0a27f	node_modules/zrender/lib/core/Eventful.js	
file	644	2323	83a39dd23c1976c95f2cd081ba745f70d324ade3ab8034a46f731c059927964b	node_modules/zrender/lib/core/fourPointsTransform.js	
file	644	2592	fa4913c4a5cc08a9847bc1e555bb1a8626e7bb057aa375dec1ba9e8baf0afa8b	node_modules/zrender/lib/core/GestureMgr.js	
file	644	2914	4aff7a3396c2acef320fc84f4cd45607cce736d7749d5d0e8991c481d9319863	node_modules/zrender/lib/core/LRU.js	
file	644	2324	b78b1340991826e342722a2f40848e083a677afa5dd356228e5bdc1ed349189e	node_modules/zrender/lib/core/matrix.js	
file	644	5100	5b0b39618bd50a7ff985e2fa992a70b9e9e889a47aa955b521665bed6246106c	node_modules/zrender/lib/core/OrientedBoundingRect.js	
file	644	24868	f81d5f968f1ff71ef35178c246cc5b1051be45bc4486c06ae04fccf65d755ef9	node_modules/zrender/lib/core/PathProxy.js	
file	644	2624	cb874e64c7df1a5911ffc26d291a3581df81bc95a7b7915a89251a2e540065d8	node_modules/zrender/lib/core/platform.js	
file	644	3562	2a5f6748d74fa5ea16d0ffbe87c858200a8de3152b6e4ebacae488098fc3c943	node_modules/zrender/lib/core/Point.js	
file	644	15989	999a8cf4c90e0b6d513be4926a3e9e9d43c33b74bebfcbca72f0ace8d2bfbbe5	node_modules/zrender/lib/core/timsort.js	
file	644	8194	cf0a52759c448e8cb2d53ba50c47cb5a34ef8f62c9ce5981b78873d4b50ab14e	node_modules/zrender/lib/core/Transformable.js	
file	644	190	7a466c42193dfd45ce2b932035c7f3127c15c13f734345809847dcd1fbefe90b	node_modules/zrender/lib/core/types.js	
file	644	15260	c50e0d8edd0d5d135211bbcf7d343c14e6a1593bdfde7c0769310a81ae6ed631	node_modules/zrender/lib/core/util.js	
file	644	2508	fe786d37f2384afc59649978c158e1cfc6eb8763ad464b6aac78bf9e3b35aa21	node_modules/zrender/lib/core/vector.js	
file	644	1263	72910c6ab873155865d59ab8829842d02da243d32ccbf5e6768a9c899777cf8d	node_modules/zrender/lib/core/WeakMap.js	
file	644	3181	ac9c907313d69136bf918ae85ceb7dc23ba3d87e7b4bb00ee67ab04d0a9fb72e	node_modules/zrender/lib/debug/showDebugDirtyRect.js	
file	644	10743	ca7360c7ad7d67d7950ccba4a84401b82d93979caaa88f7bb06e4f0f046748ec	node_modules/zrender/lib/dom/HandlerProxy.js	
file	644	39988	df4410ae95e34cecff8e021bcdfc32026fcb529c857a1c976933ad5ce17931b8	node_modules/zrender/lib/Element.js	
file	644	2796	81ec115ca17cfa9391c7db64598e19c4ac9388c1a93c8c41cf91efdcd45b4647	node_modules/zrender/lib/export.js	
file	644	1727	a00b28b5ac23ba8a97dcdc46d7746bcd0c895b45da5885a84de3c2df4a194915	node_modules/zrender/lib/graphic/CompoundPath.js	
file	644	95	dd1576316cbfc9bb9c0603f3e16c094b59192bbefd2a87fbd9206ff0615e9eda	node_modules/zrender/lib/graphic/constants.js	
file	644	12288	c3155460f3690fbd203029935909b6d4f5846dee3d32715956d73231a4dece5f	node_modules/zrender/lib/graphic/Displayable.js	
file	644	336	961c6b16f5f5c27926c9aefed8e10d0386e5132d120cbe61ae1ab541199a4e39	node_modules/zrender/lib/graphic/Gradient.js	
file	644	5843	2c68c6911f63995e03588d8f657f795fd1a7c4e7e4e88b82c759bbe84f7ead02	node_modules/zrender/lib/graphic/Group.js	
file	644	1872	958edde7b0f1c8855cd626a03fa0f03ae4fd498d64984b9bac898560ed0a8bb7	node_modules/zrender/lib/graphic/helper/image.js	
file	644	21952	d62f6f4b274883c2b26c18523289b6274c111c0d3cd6eb56ebb1069e11dc63ef	node_modules/zrender/lib/graphic/helper/parseText.js	
file	644	979	078afefb7fe0f7b576f59972f63f5c1b90b0b7d32130c78f5c239ec55341a896	node_modules/zrender/lib/graphic/helper/poly.js	
file	644	1907	a3e12fe1a1e0e047053ed8af534eb739a4299a11d2aba0806a8e3dc4fb57e5b0	node_modules/zrender/lib/graphic/helper/roundRect.js	
file	644	8567	85238c64351142f8aa50dcb8b831b456bc50ea15275cc09616e5c9462ed89156	node_modules/zrender/lib/graphic/helper/roundSector.js	
file	644	1896	f37d0f624e2514520c06123fb8edd34619ad7e2e35aadcfe1bc7288ab0fe67ff	node_modules/zrender/lib/graphic/helper/smoothBezier.js	
file	644	1439	7a6a7f5296508f61293c3609ba146a75040dc516d20b4a601e23b968b7cd4bcf	node_modules/zrender/lib/graphic/helper/smoothSpline.js	
file	644	1998	d0f2a84393a84c9509abe2d78f96a68f88be18f1216eed9d7e78919e64c9d0f2	node_modules/zrender/lib/graphic/helper/subPixelOptimize.js	
file	644	2314	8ba2b0b75233b30a29bff6a8ba684e0da4050fc405345028ef40a648c40e007c	node_modules/zrender/lib/graphic/Image.js	
file	644	4555	dfbabe6803d043d615fc22a8547f1548afa26d78bb9fb9a8231ad3c5a7385c22	node_modules/zrender/lib/graphic/IncrementalDisplayable.js	
file	644	614	5142ed7a572c8ce31e3906e1c0fb7d7fa20934f30a9a4d2821a058af4ec9994a	node_modules/zrender/lib/graphic/LinearGradient.js	
file	644	14261	e2f82b6522b7505019754ded3b1338477689bd4d637387da33a544e431cbb095	node_modules/zrender/lib/graphic/Path.js	
file	644	298	0d4c167569c714fbf756ef006b2566b112b4d9a29afa792d659f529e8583c329	node_modules/zrender/lib/graphic/Pattern.js	
file	644	570	a16d12af265d0f095d18cc099270b78d65e7fa3ef22c9e2ca6e61325a43e796e	node_modules/zrender/lib/graphic/RadialGradient.js	
file	644	1239	aa82ac21a7228e2f3886baadf8b77333b4a8e7cb6454b2c91bb9372f1e68baf0	node_modules/zrender/lib/graphic/shape/Arc.js	
file	644	3229	42e0f732c81bc7ce15ac09391f852c844bae698d1dd15b2f27e9ff035c220222	node_modules/zrender/lib/graphic/shape/BezierCurve.js	
file	644	755	1d629161010f9ede6042879ef68c3b715b4dc61530302a064cb43c958c1429bf	node_modules/zrender/lib/graphic/shape/Circle.js	
file	644	1004	524abaa14be769f43039036d6c5b614be58c376270c0c368bf04556a0185fbb4	node_modules/zrender/lib/graphic/shape/Droplet.js	
file	644	1179	e901bcc7aad17b47d59634aee846db1bc72d048be41769173c750fa05c10f53a	node_modules/zrender/lib/graphic/shape/Ellipse.js	
file	644	959	fcaa9f42a490e09c45caa7f26d808aeb4f77aa9fecd390daaa6c8abb3bc2f382	node_modules/zrender/lib/graphic/shape/Heart.js	
file	644	1179	467eace04ae7dd36e733428561b8cb572a26436b2fc5250590110760f0320833	node_modules/zrender/lib/graphic/shape/Isogon.js	
file	644	1894	1e04045feb997df85813a0dd3f09189dc39ebf1a39db20d49c15651a0ef15bdc	node_modules/zrender/lib/graphic/shape/Line.js	
file	644	783	31f685d23c79f1d64cb19f78c9c1439acc7e47a05c336a40102cc75221506055	node_modules/zrender/lib/graphic/shape/Polygon.js	
file	644	963	8e6342c6359f81ef93cf10146464e66f118a5fc772194780ce809fda0a756919	node_modules/zrender/lib/graphic/shape/Polyline.js	
file	644	1661	1842c3115df6a427b3db7d8ab8d8d6218c0e1c762f2447b92562d54b46f31ebf	node_modules/zrender/lib/graphic/shape/Rect.js	
file	644	884	721813a23b9aa4705cf072430349f42fe8e3278121741eb982c307817e51a4eb	node_modules/zrender/lib/graphic/shape/Ring.js	
file	644	1522	09a91a35fdd7a80ea7bf6a98a85be2cd2ba71547df519d5e9b003955ae3caa32	node_modules/zrender/lib/graphic/shape/Rose.js	
file	644	1065	3754f04e43fb6bda146d1ec1f48dd01d24b7e1f98048f513a5eec11cbcb65a58	node_modules/zrender/lib/graphic/shape/Sector.js	
file	644	1436	5fd43d018fedbdb939af22a552f316d29015f8e223d5d65d4a33454130737a4b	node_modules/zrender/lib/graphic/shape/Star.js	
file	644	1994	814ac07e13c2d51dce6306b62a92306bb69d78419bd9767be5abbf9b6cb389d0	node_modules/zrender/lib/graphic/shape/Trochoid.js	
file	644	23092	8056b228a3861c9f576b14680e3d6d3a59424de267beccf1ac778b4b666f84f5	node_modules/zrender/lib/graphic/Text.js	
file	644	1559	df47da7dcbdd482e2d311d0d0495f5948dbe9860354688dca568e97c0a5a8501	node_modules/zrender/lib/graphic/TSpan.js	
file	644	10937	22694ba2cb618e5f8b744fd557d592f5e72a1824a286149b058c84c4aad437b7	node_modules/zrender/lib/Handler.js	
file	644	2594	920a0ba0fcca023f9020b0a9d9ff4ce21f715e5bd45f761aa14f5140305bc8f4	node_modules/zrender/lib/mixin/Draggable.js	
file	644	11	8e609bb71c20b858c77f0e9f90bb1319db8477b13f9f965f1a1e18524bf50881	node_modules/zrender/lib/PainterBase.js	
file	644	5381	5db556aa5ca537112f200b104f6d6a1888682b1654affaf8b324283d2860506b	node_modules/zrender/lib/Storage.js	
file	644	3717	05d725ecd029cfbd64ac4756686f55da82d8782c6f604dca53aba40f6ebc9c21	node_modules/zrender/lib/svg/core.js	
file	644	10404	ffab91961b09b73bc56e8a4bd004812a69b7f648a7da147fe6fa927b5430ada8	node_modules/zrender/lib/svg/cssAnimation.js	
file	644	80	5719db1858562bb086b4bc7a34f5258fe9147ddec90127b2935626ccb92a063e	node_modules/zrender/lib/svg/cssClassId.js	
file	644	2213	4eccc04f9dd9d57329d525e293abef7b76f75dfa5e42087a87c8d83ee6551485	node_modules/zrender/lib/svg/cssEmphasis.js	
file	644	970	77bbce948dd006536ad862c77be4d700130fd747b1b795c4d74e5cd15cbf1ca1	node_modules/zrender/lib/svg/domapi.js	
file	644	17134	e3fb5df88f4d0d1b64055619e2a99b82463ca16f1d551126272ff8a542ee8e8f	node_modules/zrender/lib/svg/graphic.js	
file	644	4538	a43e09c0e676f8832a34522cafa251705ddf72939ccf8d23f8ce86465fbcec73	node_modules/zrender/lib/svg/helper.js	
file	644	3120	7aeadcb92c70422e075bb1f6f51479a1e382cfa844c06942b7ea1cbb16db1a77	node_modules/zrender/lib/svg/mapStyleToAttrs.js	
file	644	10037	591843465f9158bc2a0bbd5ab9cd8360812ed46897df22461096ea8b9e8e96c8	node_modules/zrender/lib/svg/Painter.js	
file	644	8356	7aee5f709684655e1852a8fbd1e830a789bbfb02b7b03f0ce1f7a6d0ea9f949a	node_modules/zrender/lib/svg/patch.js	
file	644	118	9eed132e4a12045891961f200d70a91d4891999b2084764e35858179766fdcba	node_modules/zrender/lib/svg/svg.js	
file	644	3654	b5033e16572ef72799b8b6c2d309a1fb1228384bf7b07df1ee9f3702d2305f30	node_modules/zrender/lib/svg/SVGPathRebuilder.js	
file	644	4246	7ecd6b9b6edf32184dff29154bacb51591a63f1f160db32f75e4ec1c9ee499ca	node_modules/zrender/lib/svg-legacy/graphic.js	
file	644	4702	4ea0a7fcda7d7cf7b0204621f03aaa2a39d222bc59dce54e51d6d97432e41c96	node_modules/zrender/lib/svg-legacy/helper/ClippathManager.js	
file	644	4160	52931249d3fdf87e18753b9a4e83ba4c8de322df74aec914de2d103ca70f7ee6	node_modules/zrender/lib/svg-legacy/helper/Definable.js	
file	644	4984	46e05937e04126d24184d9c0f1ee8502171d6e3ee38bbe5a9b313082519ee313	node_modules/zrender/lib/svg-legacy/helper/GradientManager.js	
file	644	5171	f15ac0068528061ee41cd6508d11d0a7bbd20f4ebecb1f302806682c85eaeeb2	node_modules/zrender/lib/svg-legacy/helper/PatternManager.js	
file	644	3693	fcbe7da1bbd085e38a71759db9d787f3a6cf89d539a1ea584168c0268c87ef7a	node_modules/zrender/lib/svg-legacy/helper/ShadowManager.js	
file	644	11723	37c1adf013934c07daa55f6e7f27ba34d16ca29f6a90b53c9e483a9416202fa2	node_modules/zrender/lib/svg-legacy/Painter.js	
file	644	125	0abb3b047c1cefe7a6217910bece50c8916b07c30d801970298b75824c6307af	node_modules/zrender/lib/svg-legacy/svg-legacy.js	
file	644	16275	fc4d16d9492012851ff7360467d18640325ee9df63ca175e63f53594e84286e8	node_modules/zrender/lib/tool/color.js	
file	644	6941	90ec57a0c2ff223bbe48ef37c2f45cb7855f71e535e382af55348e5b002646f6	node_modules/zrender/lib/tool/convertPath.js	
file	644	10802	b40fcfb4ac286e66d7fdb85153d8426e7800f764285310bdb4aaa210db1c7b41	node_modules/zrender/lib/tool/dividePath.js	
file	644	21053	6e716ddf24b2696fc929f8abf1fa71b4d474f0e2f86b1f723a52d7f2408adda9	node_modules/zrender/lib/tool/morphPath.js	
file	644	25781	a1a94e94a209486fb9e6bfd38b09fc379abcf0c7bf49dc22da70da6f7f71db39	node_modules/zrender/lib/tool/parseSVG.js	
file	644	449	ff87c54e3f8607b99c5cde059a153368a68eface04ce1917fab168951ea5684b	node_modules/zrender/lib/tool/parseXML.js	
file	644	12516	3e321ccf4c33c9cc3226a6000c1e0d0c9b108dbed9bb78eb6b25b8329c0b8b9e	node_modules/zrender/lib/tool/path.js	
file	644	2229	61132db5202b3defd685664b9f813b628588ddf371a809bb7988a455ac8fa55d	node_modules/zrender/lib/tool/transformPath.js	
file	644	10359	61c8dfd8cb4e9a9cda4b07d7081a0d577468a2409ba982627b8fb8ebd46fa10d	node_modules/zrender/lib/zrender.js	
file	644	1509	a681e9d183c72b4af4856935893805eb48c08f0f5a3f260203db7444c20fb98a	node_modules/zrender/LICENSE	
file	644	824	dd835e67a9a297da32f9467d7677a5d02c8e50e10f15da43b810147c79c04b9b	node_modules/zrender/node_modules/tslib/CopyrightNotice.txt	
file	644	655	210b19e543130388c68654b7497e967119ce17145f66ab7d85688fbd70f08751	node_modules/zrender/node_modules/tslib/LICENSE.txt	
file	644	983	fba7cd4968209ce5c0f9ef9fbcefd05e6ecabec085543876420bdfd407e959fe	node_modules/zrender/node_modules/tslib/modules/index.js	
file	644	26	f2a77d1fa2e7ee710b2835b2933d75d9c7f5dad4f1bab69e1679876e32b5e9eb	node_modules/zrender/node_modules/tslib/modules/package.json	
file	644	595	b1e723caa7666aa5620031ad5e3289a6447956dc741aac1af393d92ccbf318d7	node_modules/zrender/node_modules/tslib/package.json	
file	644	36	759c26504a9ccbbfcd730269c9c5ef15512cf16ba617e61a92212365e57c9f5d	node_modules/zrender/node_modules/tslib/tslib.es6.html	
file	644	11774	c96e000b4907cea73b7565349293dd152cc8259d0c6418fbc3bc931142139c36	node_modules/zrender/node_modules/tslib/tslib.es6.js	
file	644	32	e14179f388a9690437165289d45ff7747f0f839538b5abec63d2dcfe21c2a5f4	node_modules/zrender/node_modules/tslib/tslib.html	
file	644	14832	98bace9a9e15d3ee0743b6851c22cfb58478a9b2f181aa4c97372e4da0759941	node_modules/zrender/node_modules/tslib/tslib.js	
file	644	2158	cd2ff3206205341fc2b66ecafef65a691afa60297f8ba7a7d64e6fbb26932214	node_modules/zrender/package.json	
file	644	1020	6d2acc7a150eb1cf89da2c6bd3923e5928cd22dea7dd7b4cd8af3fd086e73ea6	node_modules/zrender/package.README.md	
file	644	261	8043a55b9818567939bb2dbc2e037d5d9a1727f531021dcf11ac78926594523f	node_modules/zrender/src/all.ts	
file	644	5640	66a566d9fed22c2168ea73118c98b59aa03cc3f47b66be6782300913865450c9	node_modules/zrender/src/animation/Animation.ts	
file	644	35510	b0bc4488a27ab42cd6b42132cb0306bce8e71955a00ca70b72187a8be06a166a	node_modules/zrender/src/animation/Animator.ts	
file	644	3658	19a21a0c3c42d8c1acfea44d6e2c01d1859d1363b0439dbc4c2285a379a48714	node_modules/zrender/src/animation/Clip.ts	
file	644	798	ec6f48ccdb8702c2e79147244ff3c076c5f7cff7e9541fdaaa1b919115a07acf	node_modules/zrender/src/animation/cubicEasing.ts	
file	644	7666	e1aafa77d88e2717ea8a7be285f22fb07984b59ffdd220eee1534bd69e1b59a5	node_modules/zrender/src/animation/easing.ts	
file	644	729	6e658c74e0c292836e06eeb86fe8d0f50b26883f61c4e9444bc28154670caa39	node_modules/zrender/src/animation/requestAnimationFrame.ts	
file	644	113	31ff5182e4023b8dd3184ae84e0a8e2054a6608531cf4e5abfa44a600e8c4620	node_modules/zrender/src/canvas/canvas.ts	
file	644	1180	4da440f16504ab1093ed593b389480e9a71616b472f906c17fed7550ec9e728a	node_modules/zrender/src/canvas/dashStyle.ts	
file	644	27743	54e48fea4ffa5127704edb0d7325988f88995841d189d19a641fe0ad24587c95	node_modules/zrender/src/canvas/graphic.ts	
file	644	3887	61f07582e3931d5a4b2d2db9314cffc1ecf6be8fba79eec9fa81e66af4efcc42	node_modules/zrender/src/canvas/helper.ts	
file	644	19354	1531e88909c004653a4d39501b8a6c703bcc8b441c8eac73ece17b3d2268d364	node_modules/zrender/src/canvas/Layer.ts	
file	644	51120	d3cb7f4afd9e2fd7a235c0cd260329aba9d6eaceb3b4865df202ae724ac98423	node_modules/zrender/src/canvas/Painter.ts	
file	644	839	d84e8801cdf42c162d777606182b23bf28c74b809bdd55839a897bb34128402b	node_modules/zrender/src/config.ts	
file	644	1168	157b9d22f51ebc329b7dc5296674965e600ebc0e27807fd4db4a6179aa67a287	node_modules/zrender/src/contain/arc.ts	
file	644	838	b0d769c42f20b023db3ddd9820cd3d14dfa1e0f5549b9393691a2948a0b5cd21	node_modules/zrender/src/contain/cubic.ts	
file	644	981	ec1363a4c08b09637b4daad90095ed63cc152f369299d2a683e3d189c697a10f	node_modules/zrender/src/contain/line.ts	
file	644	12770	9fbfdab950d3c0ecea45ad643239022c4f6f7e8d3b65ec95c69e9870b1f014b8	node_modules/zrender/src/contain/path.ts	
file	644	722	94aa73813a0efcc597dd30d3f2c61b29236b1057a49795c35e64dfcfb6c13a13	node_modules/zrender/src/contain/polygon.ts	
file	644	753	4037d06126da629728a4e83248fcab438f4317d9b26b489983e761e5762aaf0d	node_modules/zrender/src/contain/quadratic.ts	
file	644	10659	6af2ce5ffd4bc0d5dc59d4d598aa605e6358530f02d255b6c96f2f3a7b241c19	node_modules/zrender/src/contain/text.ts	
file	644	170	4df5177ff8eda582e95689ef490ae87416d2cdbed8053cdc96ab542cee0fde76	node_modules/zrender/src/contain/util.ts	
file	644	654	05e4281a7220860ffddc4fbfff8225b7f753f965e067147830b1dabd2ec6afd6	node_modules/zrender/src/contain/windingLine.ts	
file	644	6343	73897c40c8d99e07cbbf4941eafc1710813b07cb72ddaae8f52fd8cf9ac39206	node_modules/zrender/src/core/arrayDiff.ts	
file	644	5038	167b97bdc39cc4a9afd703e0aa3741f854248d030a6d1912cf06a29079242588	node_modules/zrender/src/core/bbox.ts	
file	644	17170	f3e23f09904779cf78a4fc398450104d36957449eda7fb6309dc73f8792505e1	node_modules/zrender/src/core/BoundingRect.ts	
file	644	12552	eb90add551abed700f74a46360cc8ce3653ba4096aff1e61c07c7f67a0dd6346	node_modules/zrender/src/core/curve.ts	
file	644	7033	080c64e4ba6b756205fcb2e36a0668ad6fcb5f2148f986744d650783a11fc7f6	node_modules/zrender/src/core/dom.ts	
file	644	3420	e78d94139e93ebf5cdfe12b1c424d3e4795aa8ff48ebc05fe57522712502e2cd	node_modules/zrender/src/core/env.ts	
file	644	11897	70166a2fba182b9abf06ba48e6dcb95194b6f02fad7a63a4ad7f2ce480552cdd	node_modules/zrender/src/core/event.ts	
file	644	9493	3d7fb27065524a2637944c7652368605bccd27593ed7a49360937ee1399b59a9	node_modules/zrender/src/core/Eventful.ts	
file	644	3622	8c2f5440a31ef83a77c971375199b158a65f3841aa931d37d9f6a6a3f608319d	node_modules/zrender/src/core/fourPointsTransform.ts	
file	644	3179	6eea68b7fd425a4c13e04ddcc27adddcdb802de45f1079adcba21b669ad6c19a	node_modules/zrender/src/core/GestureMgr.ts	
file	644	3498	7fb1b577ce385c0cf847cc8d74dbd07d7cc5a4afd1f5735ebd5c338378db6e1b	node_modules/zrender/src/core/LRU.ts	
file	644	3422	6aa4163c9ce907e29b6f22966f25bb924f9f7c6cd203758eb19eb702df24ddb2	node_modules/zrender/src/core/matrix.ts	
file	644	7571	caeddeb8cdece81638baaed1638778f66ea44b4cc46a0172a150eb887c001ce4	node_modules/zrender/src/core/OrientedBoundingRect.ts	
file	644	31555	177f47c02c49026dd8acfb91a7d847a3e0a944361cd72761c4dbae94918d8541	node_modules/zrender/src/core/PathProxy.ts	
file	644	4002	18a2ef362f50346c2f5a6b545430d59f0497bcecf860f7759f1f7d5f8de469df	node_modules/zrender/src/core/platform.ts	
file	644	4097	50a7b515a3419f125ca67b80b5daf8960561b4ffeb3ab67e72f873497a85d965	node_modules/zrender/src/core/Point.ts	
file	644	16752	6de1583ba44315c283533498e6ae45dd0ea1be1661a0cd755aa5dfbf2a5ca22d	node_modules/zrender/src/core/timsort.ts	
file	644	10485	f86e27da6d3f493fc1e8649fc5e07f221039bd6f5ea3798a1a082f570083f91e	node_modules/zrender/src/core/Transformable.ts	
file	644	4857	c7d5ad2a72c4f0ce8c2d63d2b07b73fbd2178bb0be6cbd12d5318cd871cbf3ba	node_modules/zrender/src/core/types.ts	
file	644	27517	b1fcd3d914e95b0dd4c7c9ac5f2f9f77cf1a913e71df0191da71a0c64772d180	node_modules/zrender/src/core/util.ts	
file	644	4338	9225bbceb4de321da9578b6c84105de519c3ab39479b7c0b6e5cdaa4f739c28c	node_modules/zrender/src/core/vector.ts	
file	644	1216	d5d588aa61ac483fe1cf4ffee707187109853b90692a179ca30dd239fff83f02	node_modules/zrender/src/core/WeakMap.ts	
file	644	3493	971be56052ae31a8c1fef349b890d185c3370424c7287069fefd3fedead208e8	node_modules/zrender/src/debug/showDebugDirtyRect.ts	
file	644	22224	7b1db59a6004c0eca28f3a9486d9820b802e1cb382931b9315fd77a624e663d6	node_modules/zrender/src/dom/HandlerProxy.ts	
file	644	72544	7f6c3ec53a20483c99d9827555de32c131a815408b85e1d5bb745b37600f5be1	node_modules/zrender/src/Element.ts	
file	644	3446	beffb73861fba77dacb8820d0575558dfd4b18fa0113db4b5d4f2aa288ce10eb	node_modules/zrender/src/export.ts	
file	644	1606	e87eda7f271f6dcc33a3e6bb9528ce09d6c55833f9b72bcba7c12212b40826b0	node_modules/zrender/src/graphic/CompoundPath.ts	
file	644	167	b9a8f69784842e2610005259d7056d014574abee873ae334a4d21dcd4a6cdaf4	node_modules/zrender/src/graphic/constants.ts	
file	644	22219	71375db1e1a0fed1f2286e661d5a26df6507445ef42789ee8b015128adebe7bc	node_modules/zrender/src/graphic/Displayable.ts	
file	644	796	2e63eb36728e084885938584a1bc2b9a48451ae5ca638e2c86774e18dffbdfea	node_modules/zrender/src/graphic/Gradient.ts	
file	644	8126	77905f2b96f256a2b7beb47c0345ac44da46492b6c7f1deec41ef4653dda3ba0	node_modules/zrender/src/graphic/Group.ts	
file	644	3052	6d58bdda081ecd259b5c55673a57083ede4a038ffec65b5e5411bf85f40fd23c	node_modules/zrender/src/graphic/helper/image.ts	
file	644	32714	389e0ac10a77bd81f4b92c0803641a825814449b3d9ffbd0f90945f5da187c7b	node_modules/zrender/src/graphic/helper/parseText.ts	
file	644	1321	f1193824fbc18109403d8238a341bd27b72b50f961b4f6fb1d4543708963f5e6	node_modules/zrender/src/graphic/helper/poly.ts	
file	644	2159	bd2343cd9ecd95568d0a9bbd27cfb7fb937c0544c1a45b3c3bd500f2e673fe75	node_modules/zrender/src/graphic/helper/roundRect.ts	
file	644	10835	50a4281088f3e1a8beac57dc473113726a6e6b4a50afc04fda3d9fa93acafc3d	node_modules/zrender/src/graphic/helper/roundSector.ts	
file	644	2607	ccb3b73599c7626f118e937b6d356b30c4834dc93b35336971418fa29c68c99b	node_modules/zrender/src/graphic/helper/smoothBezier.ts	
file	644	1599	1919181ba7ec3e17a586bab982bd05c94540087d5c0d3b17066f0e4a3571ff48	node_modules/zrender/src/graphic/helper/smoothSpline.ts	
file	644	3861	07b683cd2cb1606a1c69ce9f39dc6dcb63fcd6c578314a122a4d090d2bba3058	node_modules/zrender/src/graphic/helper/subPixelOptimize.ts	
file	644	3227	7ccbbbb32f6dff658df31d014cc101ee0316fd917b04c862b3271a015cc6ccdb	node_modules/zrender/src/graphic/Image.ts	
file	644	4632	85a6486e94e7015ffb3c49a4189639323fa0105dab989daf1452ca98f52ecd1d	node_modules/zrender/src/graphic/IncrementalDisplayable.ts	
file	644	1096	1ebadaef919d1b2c27a1174563e5f8b7eaea2849b63383bd9d2333c017f5b6ce	node_modules/zrender/src/graphic/LinearGradient.ts	
file	644	21763	76051103e8e6ec7767812361c8af467fdd9cd06c0d0506d6db587d7f48bb6928	node_modules/zrender/src/graphic/Path.ts	
file	644	2098	ffb364a795f7ef53a1e7dd1711db4f3234bed1a705b90cde88b61f89a3944c0c	node_modules/zrender/src/graphic/Pattern.ts	
file	644	1020	53fcd583fa46bfd915b2d9d17fff5e254c45c6e3471d62fbf717d199b7e907e9	node_modules/zrender/src/graphic/RadialGradient.ts	
file	644	1122	53ed425083233e652f1feb35fb3b984a572494b9b68d2654eaf80134a3a93951	node_modules/zrender/src/graphic/shape/Arc.ts	
file	644	3361	b78e0cb4b00c2f940123b216e83eabbbc3bced3b180183c65cbbc0d69c844b07	node_modules/zrender/src/graphic/shape/BezierCurve.ts	
file	644	773	c7b004c1ee273fda9b6bf21776746276bc07e507923955499e066ccb37e56cec	node_modules/zrender/src/graphic/shape/Circle.ts	
file	644	1070	13f2175edfbbe4863cf17262aeb7ef83b2faf3a9a162495893b24b7680e5082c	node_modules/zrender/src/graphic/shape/Droplet.ts	
file	644	1222	abeb58f08702477952ce3fa3aad7e7152c8b1dfee7c21bf2318b99e79ce3395b	node_modules/zrender/src/graphic/shape/Ellipse.ts	
file	644	950	508f3e42885ae494d9ceab1c4ae4a3349d3781688ec56f5c34a5d5b3cf21efcc	node_modules/zrender/src/graphic/shape/Heart.ts	
file	644	1096	1699e45cc593b7b386bc6cf1485ed4851e898c168fc1e126e2413f08b61396ea	node_modules/zrender/src/graphic/shape/Isogon.ts	
file	644	1985	ee8056304f55e73954378503d2014a95cda8598c9440c5ad984ba39cabe90ee9	node_modules/zrender/src/graphic/shape/Line.ts	
file	644	800	f73bf1a00986704ebeb93275f68d945ac88135bc633efdc9dbc585a0f0c7df76	node_modules/zrender/src/graphic/shape/Polygon.ts	
file	644	1012	22dbf90186404bbd0d82462b960fbf87ef034547c4c00c5109c7637abdbb5dab	node_modules/zrender/src/graphic/shape/Polyline.ts	
file	644	1927	74fb40b4cec519c1592919270879de7b3bdcf67ee9a997e03fee2d459e42ee5d	node_modules/zrender/src/graphic/shape/Rect.ts	
file	644	781	767515bcbbf1db38550c4ae0b51269564907e4312a1a1937fdbb3332ee76504e	node_modules/zrender/src/graphic/shape/Ring.ts	
file	644	1484	4564affd75c1fdc42c395cb0f243dd082505c66109dc670bc63680c6a7ecf117	node_modules/zrender/src/graphic/shape/Rose.ts	
file	644	1270	2f4cbc2b4b2b6494e682a67e4893fbc5c0f0a124958be34a8f047c11c182f679	node_modules/zrender/src/graphic/shape/Sector.ts	
file	644	1698	efbb7b48dbd9deca82434f07750dca82f7d17ad95497f44f49b5be1817d164dc	node_modules/zrender/src/graphic/shape/Star.ts	
file	644	1977	28305d7a893d4167cb575aa0b53ceb44593e8726537c5945f16cf566646315be	node_modules/zrender/src/graphic/shape/Trochoid.ts	
file	644	38270	0c835e57450bc100ef130a148699adf8ecf54a88f55c7ed33b97705f1dcd45c5	node_modules/zrender/src/graphic/Text.ts	
file	644	2506	df53eba6084f956eb6d2ab2d2d450d0a0d68f3c4237346febbbc1922e9dae6e5	node_modules/zrender/src/graphic/TSpan.ts	
file	644	18910	bf8b7fac86137abf51e9733d7bd351b23e2600bcf7ecfb0a41426c7474597ba6	node_modules/zrender/src/Handler.ts	
file	644	3536	4913ec2033114ce732804611b7049d9014b0b792584da80114840821594e33e7	node_modules/zrender/src/mixin/Draggable.ts	
file	644	1185	f26b02d53b4a66881463a7b3a46a5548a6a845f027c1733aa8cf601e037658a7	node_modules/zrender/src/PainterBase.ts	
file	644	7291	e7ed55c46aeb9aa32ae37202eb5eada920f82b135a65cc3b466617e169122544	node_modules/zrender/src/Storage.ts	
file	644	5551	17d982e867237088be7afbc26ecca4900b43e61a3087d32555da2e0d1367ea2f	node_modules/zrender/src/svg/core.ts	
file	644	12946	69eacb7ae565ede05e2717416b962d16b365bcc79efd8b62919414b178d218cd	node_modules/zrender/src/svg/cssAnimation.ts	
file	644	81	971760d2cbd3845271ec2a703ac9eae64bf013d5ab2a360aea8fb1f6efa7fdd5	node_modules/zrender/src/svg/cssClassId.ts	
file	644	2751	27d43300a2736c50ebf524f968bb51e0fb136b6e9129d8651b0577f29941c5cb	node_modules/zrender/src/svg/cssEmphasis.ts	
file	644	1263	303edaef1d2134203850a0866d10b6c6a88f4f8fbaa4c8b0615c6968e60222bc	node_modules/zrender/src/svg/domapi.ts	
file	644	21502	948cee12dbd181a8cce76139b02469040723dcf1ecfbe0924f273cb42140f85b	node_modules/zrender/src/svg/graphic.ts	
file	644	5910	9497b6c284987e856df18c944e29721e13af5c557b55cf003f1695ef5851df71	node_modules/zrender/src/svg/helper.ts	
file	644	3970	4ae69125b973afe83e232aab05608b19d17da42013990ebb6de8a88fe4ebde86	node_modules/zrender/src/svg/mapStyleToAttrs.ts	
file	644	12112	df2d141cedbcb3d4c70922397d87e29141b170be4ca3019d42eed049f91cacfb	node_modules/zrender/src/svg/Painter.ts	
file	644	10110	1c3e2fd804c338e9509e0835f1b185b10a7c010eb699b7757c8b8c127d30af87	node_modules/zrender/src/svg/patch.ts	
file	644	110	73813972fe131905aaf1c1b17e1ea4d1833a04e8a845657c10eb48cee03134f0	node_modules/zrender/src/svg/svg.ts	
file	644	4790	0d3cfed3828714682f7dcd7cab45fc4e40f65ecfd75bc3afbbf03aa44bb7f9b1	node_modules/zrender/src/svg/SVGPathRebuilder.ts	
file	644	6032	d4230426da6b54649f18d6ed145a9c245335b023c589321d4360ece38bd502a5	node_modules/zrender/src/svg-legacy/graphic.ts	
file	644	5500	d8118db467eeb4104f5d88e1d51e5b25afe50ecdf0114a413f22cea716400fea	node_modules/zrender/src/svg-legacy/helper/ClippathManager.ts	
file	644	6404	2542cc28ea4fd6aeda423ad5df29763bdebad69dada06f9273b9644f0308c6b2	node_modules/zrender/src/svg-legacy/helper/Definable.ts	
file	644	7423	21f695c35bc2a3e1e163b7c12017f9645195b3cfbfbbb0013976aea837b7fbf5	node_modules/zrender/src/svg-legacy/helper/GradientManager.ts	
file	644	7190	f6acef0bd27ffe56171d5f24b1e6b139ee43a73aaa7e67fd00c1a35dfc446194	node_modules/zrender/src/svg-legacy/helper/PatternManager.ts	
file	644	4939	f63640381f30038cb4e3541d419b69e6190021739fc6a42fa9c3cc8b9b138794	node_modules/zrender/src/svg-legacy/helper/ShadowManager.ts	
file	644	13624	50e1e4b26962916c6681ddb9f2ecba08b6d80048c6ae94eefa47888ff5007f1d	node_modules/zrender/src/svg-legacy/Painter.ts	
file	644	117	80bfec4b7497645f3bb6e45c85508d4b95d01c27d01aacecf01afcd2add61af1	node_modules/zrender/src/svg-legacy/svg-legacy.ts	
file	644	20746	184c77dc351ea4a9a59a2856a765bf04a9ee8cbb701e850d94467424ed69ec2c	node_modules/zrender/src/tool/color.ts	
file	644	8959	a4992b85fe735e9230646b421844affb9e4b24d15b482d4424b569a2617641e6	node_modules/zrender/src/tool/convertPath.ts	
file	644	12698	61a4eb9b585596cbc1689c6908f2b85fe9486698f969d2f2478a4c8909100310	node_modules/zrender/src/tool/dividePath.ts	
file	644	28196	30d6cb58d64a4687aba4ba1cfceb8b7e8908e1efb40f9c6e762037a5108f7c9d	node_modules/zrender/src/tool/morphPath.ts	
file	644	34545	bdd79d0af259fb880dd1ceb8fb5a16d248c6e5118cb08b4944bd7deb875eea38	node_modules/zrender/src/tool/parseSVG.ts	
file	644	692	37a897eeac3e674af2cd1162bb0bf1dece87001cf2cb6435eb414d8f0762785f	node_modules/zrender/src/tool/parseXML.ts	
file	644	16189	4ca7cb306b0fdb9073086506746db88013d6e1301bd5a00a7420b2ce79e75b28	node_modules/zrender/src/tool/path.ts	
file	644	2685	d461df06f524df87c865cd464c06e6e2017cb29be58640f77de904de74fa8f27	node_modules/zrender/src/tool/transformPath.ts	
file	644	14975	c2b3e0baf2600b505e866de67359ba9a00712432308b85689029fe9e578caca9	node_modules/zrender/src/zrender.ts	
file	644	178	3d4728ffd05a17a4033b38ee772adbfb3bc8bf800ef55d5b82f6a383e30ce8a5	package.json	
file	644	10070	67c41c50ca616a8f4e413355619357a5bbcd356226fe539730b9991f44226095	preload.js	
file	644	2422632	e1fe4e35c4de0183bcf0e5161c921b9f9cfbe3627089cbaafc244cec8e64f3e0	renderer.js	
file	644	9885	e7bad04c564d1b653ada5b258e5825afd2de538c47eae89b73049d6111a074fa	server/mobile-upload-server.js	
file	644	180887	ab13b54771f392851d6f2732a53e3565edbe634d210ef2c72f60a814b624ab55	style.css	
